personName,teamName,season_year,position,mean_minutes_played,total_minutes_played
AJ Green,Bucks,2022-23,G,9.855714285714285,344.95
AJ Green,Bucks,2023-24,G,10.969345238095238,614.2833333333333
AJ Griffin,Hawks,2022-23,F,19.083660130718954,973.2666666666667
AJ Griffin,Hawks,2022-23,G,20.38968253968254,428.18333333333334
AJ Griffin,Hawks,2023-24,F,8.99888888888889,134.98333333333335
AJ Griffin,Hawks,2023-24,G,7.153333333333333,35.766666666666666
AJ Price,Cavaliers,2014-15,G,7.886363636363637,86.75
AJ Price,Pacers,2010-11,G,15.902999999999999,795.15
AJ Price,Pacers,2011-12,G,12.91022727272727,568.05
AJ Price,Pacers,2014-15,G,19.3,193.0
AJ Price,Suns,2014-15,G,8.753333333333334,43.766666666666666
AJ Price,Timberwolves,2013-14,G,3.548809523809524,99.36666666666667
AJ Price,Wizards,2012-13,G,22.42105263157895,1278.0
Aaron Brooks,Bulls,2014-15,G,22.983536585365854,1884.65
Aaron Brooks,Bulls,2015-16,G,16.054347826086957,1107.75
Aaron Brooks,Kings,2012-13,G,20.847101449275364,958.9666666666667
Aaron Brooks,Nuggets,2013-14,G,29.002873563218394,841.0833333333334
Aaron Brooks,Pacers,2016-17,G,13.74948717948718,893.7166666666667
Aaron Brooks,Rockets,2010-11,G,23.85392156862745,811.0333333333333
Aaron Brooks,Rockets,2012-13,G,5.40952380952381,37.86666666666667
Aaron Brooks,Rockets,2013-14,G,16.655813953488373,716.2
Aaron Brooks,Suns,2010-11,G,18.925333333333334,473.1333333333333
Aaron Brooks,Timberwolves,2017-18,G,5.91875,189.4
Aaron Gordon,Magic,2014-15,F,16.956028368794325,796.9333333333333
Aaron Gordon,Magic,2015-16,F,23.873809523809523,1838.2833333333333
Aaron Gordon,Magic,2015-16,G,24.833333333333332,24.833333333333332
Aaron Gordon,Magic,2016-17,F,28.637130801687764,2262.3333333333335
Aaron Gordon,Magic,2016-17,G,35.666666666666664,35.666666666666664
Aaron Gordon,Magic,2017-18,F,32.91494252873563,1909.0666666666666
Aaron Gordon,Magic,2018-19,F,33.75042735042735,2632.5333333333333
Aaron Gordon,Magic,2019-20,F,32.53467741935484,2017.15
Aaron Gordon,Magic,2020-21,F,29.425333333333334,735.6333333333333
Aaron Gordon,Nuggets,2020-21,F,25.926666666666666,648.1666666666666
Aaron Gordon,Nuggets,2021-22,F,31.672444444444444,2375.4333333333334
Aaron Gordon,Nuggets,2022-23,F,30.222303921568628,2055.116666666667
Aaron Gordon,Nuggets,2023-24,C,39.233333333333334,39.233333333333334
Aaron Gordon,Nuggets,2023-24,F,31.35509259259259,2257.5666666666666
Aaron Gray,Hornets,2010-11,C,12.947967479674796,530.8666666666667
Aaron Gray,Kings,2013-14,C,10.137878787878789,334.55
Aaron Gray,Raptors,2011-12,C,16.585714285714285,812.7
Aaron Gray,Raptors,2012-13,C,12.222619047619048,513.35
Aaron Gray,Raptors,2013-14,C,4.95,19.8
Aaron Harrison,Hornets,2015-16,G,4.442857142857143,93.3
Aaron Harrison,Hornets,2016-17,G,3.3133333333333335,16.566666666666666
Aaron Harrison,Mavericks,2017-18,G,25.916666666666668,233.25
Aaron Holiday,Hawks,2022-23,G,13.417195767195766,845.2833333333333
Aaron Holiday,Pacers,2018-19,F,13.205555555555556,118.85000000000001
Aaron Holiday,Pacers,2018-19,G,12.853252032520325,526.9833333333333
Aaron Holiday,Pacers,2019-20,F,24.996666666666666,249.96666666666667
Aaron Holiday,Pacers,2019-20,G,24.417261904761904,1367.3666666666666
Aaron Holiday,Pacers,2020-21,F,19.557843137254903,332.48333333333335
Aaron Holiday,Pacers,2020-21,G,17.215986394557824,843.5833333333334
Aaron Holiday,Rockets,2023-24,G,16.273504273504273,1269.3333333333333
Aaron Holiday,Suns,2021-22,G,16.278030303030302,358.1166666666667
Aaron Holiday,Wizards,2021-22,G,16.163414634146342,662.7
Aaron Nesmith,Celtics,2020-21,F,16.17142857142857,113.2
Aaron Nesmith,Celtics,2020-21,G,14.244017094017094,555.5166666666667
Aaron Nesmith,Celtics,2021-22,F,12.045833333333333,96.36666666666666
Aaron Nesmith,Celtics,2021-22,G,10.852651515151514,477.51666666666665
Aaron Nesmith,Pacers,2022-23,F,24.91256830601093,1519.6666666666667
Aaron Nesmith,Pacers,2022-23,G,24.730555555555554,296.76666666666665
Aaron Nesmith,Pacers,2023-24,F,27.71760563380282,1967.95
Aaron Nesmith,Pacers,2023-24,G,26.733333333333334,26.733333333333334
Aaron Wiggins,Thunder,2021-22,F,25.01860465116279,1075.8
Aaron Wiggins,Thunder,2021-22,G,19.0,133.0
Aaron Wiggins,Thunder,2022-23,F,18.414676616915422,1233.7833333333333
Aaron Wiggins,Thunder,2022-23,G,21.22222222222222,63.666666666666664
Aaron Wiggins,Thunder,2023-24,F,15.591293532338307,1044.6166666666666
Aaron Wiggins,Thunder,2023-24,G,16.671212121212122,183.38333333333333
Abdel Nader,Celtics,2017-18,F,10.865625,521.55
Abdel Nader,Suns,2020-21,F,14.801388888888889,355.23333333333335
Abdel Nader,Suns,2021-22,F,10.375,145.25
Abdel Nader,Thunder,2018-19,F,11.451543209876544,618.3833333333333
Abdel Nader,Thunder,2018-19,G,10.75952380952381,75.31666666666666
Abdel Nader,Thunder,2019-20,F,16.25374149659864,796.4333333333333
Abdel Nader,Thunder,2019-20,G,11.752777777777778,70.51666666666667
Admiral Schofield,Magic,2021-22,F,12.337719298245613,468.8333333333333
Admiral Schofield,Magic,2022-23,F,12.196396396396397,451.26666666666665
Admiral Schofield,Magic,2023-24,F,3.6681159420289857,84.36666666666667
Admiral Schofield,Wizards,2019-20,F,11.163131313131313,368.3833333333333
Adonis Thomas,76ers,2013-14,F,6.6083333333333325,13.216666666666665
Adonis Thomas,Magic,2013-14,F,6.091666666666667,24.366666666666667
Adreian Payne,Hawks,2014-15,F,6.405555555555556,19.21666666666667
Adreian Payne,Magic,2017-18,F,8.51,42.55
Adreian Payne,Timberwolves,2014-15,F,24.842528735632186,720.4333333333334
Adreian Payne,Timberwolves,2015-16,F,9.338141025641026,485.5833333333333
Adreian Payne,Timberwolves,2016-17,F,7.514814814814816,135.26666666666668
Al Harrington,Magic,2012-13,F,11.886666666666667,118.86666666666666
Al Harrington,Nuggets,2010-11,C,22.579166666666666,180.63333333333333
Al Harrington,Nuggets,2010-11,F,22.83025641025641,1483.9666666666667
Al Harrington,Nuggets,2011-12,C,27.538888888888888,82.61666666666666
Al Harrington,Nuggets,2011-12,F,27.514480874316938,1678.3833333333332
Al Harrington,Wizards,2013-14,F,15.041176470588235,511.4
Al Horford,76ers,2019-20,C,31.415217391304346,722.55
Al Horford,76ers,2019-20,F,29.61439393939394,1303.0333333333333
Al Horford,Celtics,2016-17,C,32.2510101010101,2128.5666666666666
Al Horford,Celtics,2016-17,F,32.36666666666667,64.73333333333333
Al Horford,Celtics,2017-18,C,31.629166666666666,379.55
Al Horford,Celtics,2017-18,F,31.625555555555554,1897.5333333333333
Al Horford,Celtics,2018-19,C,28.796327683615818,1698.9833333333333
Al Horford,Celtics,2018-19,F,30.409259259259258,273.68333333333334
Al Horford,Celtics,2021-22,C,30.348809523809525,424.8833333333333
Al Horford,Celtics,2021-22,F,28.726363636363637,1579.95
Al Horford,Celtics,2022-23,C,30.234814814814815,1360.5666666666666
Al Horford,Celtics,2022-23,F,31.15740740740741,560.8333333333334
Al Horford,Celtics,2023-24,C,26.344736842105263,1001.1
Al Horford,Celtics,2023-24,F,27.35987654320988,738.7166666666667
Al Horford,Hawks,2010-11,C,35.785714285714285,1753.5
Al Horford,Hawks,2010-11,F,33.93690476190476,950.2333333333333
Al Horford,Hawks,2011-12,C,31.634848484848487,347.98333333333335
Al Horford,Hawks,2012-13,C,37.074137931034485,2150.3
Al Horford,Hawks,2012-13,F,37.88645833333333,606.1833333333333
Al Horford,Hawks,2013-14,C,33.24074074074074,897.5
Al Horford,Hawks,2013-14,F,30.116666666666667,60.233333333333334
Al Horford,Hawks,2014-15,C,30.49761904761905,2134.8333333333335
Al Horford,Hawks,2014-15,F,30.569444444444446,183.41666666666669
Al Horford,Hawks,2015-16,C,31.98875,2559.1
Al Horford,Hawks,2015-16,F,36.04166666666667,72.08333333333334
Al Horford,Thunder,2020-21,C,27.920238095238094,781.7666666666667
Al Jefferson,Bobcats,2013-14,C,34.97579908675799,2553.233333333333
Al Jefferson,Hornets,2014-15,C,30.643076923076922,1991.8
Al Jefferson,Hornets,2015-16,C,23.32836879432624,1096.4333333333334
Al Jefferson,Jazz,2010-11,C,35.855144032921814,2904.266666666667
Al Jefferson,Jazz,2010-11,F,36.18333333333333,36.18333333333333
Al Jefferson,Jazz,2011-12,C,34.01639344262295,2075.0
Al Jefferson,Jazz,2012-13,C,33.0542735042735,2578.233333333333
Al Jefferson,Pacers,2016-17,C,14.10050505050505,930.6333333333333
Al Jefferson,Pacers,2017-18,C,13.43287037037037,483.5833333333333
Al Thornton,Warriors,2010-11,F,14.293181818181818,314.45
Al Thornton,Wizards,2010-11,F,21.8187074829932,1069.1166666666668
Al-Farouq Aminu,Bulls,2020-21,F,11.236111111111112,67.41666666666667
Al-Farouq Aminu,Clippers,2010-11,F,17.924074074074074,1451.85
Al-Farouq Aminu,Hornets,2011-12,F,22.379797979797978,1477.0666666666666
Al-Farouq Aminu,Hornets,2012-13,F,27.1859649122807,2066.133333333333
Al-Farouq Aminu,Magic,2019-20,F,21.115740740740744,380.08333333333337
Al-Farouq Aminu,Magic,2020-21,F,21.571568627450983,366.7166666666667
Al-Farouq Aminu,Mavericks,2014-15,F,18.456306306306306,1365.7666666666667
Al-Farouq Aminu,Pelicans,2013-14,F,25.56854166666667,2045.4833333333333
Al-Farouq Aminu,Trail Blazers,2015-16,F,28.547154471544715,2340.866666666667
Al-Farouq Aminu,Trail Blazers,2016-17,F,29.06530054644809,1772.9833333333333
Al-Farouq Aminu,Trail Blazers,2017-18,F,30.031400966183572,2072.1666666666665
Al-Farouq Aminu,Trail Blazers,2018-19,F,28.29259259259259,2291.7
Alan Anderson,Clippers,2016-17,G,10.27888888888889,308.3666666666667
Alan Anderson,Nets,2013-14,F,23.66166666666667,709.85
Alan Anderson,Nets,2013-14,G,22.13888888888889,1062.6666666666667
Alan Anderson,Nets,2014-15,F,23.109139784946237,716.3833333333333
Alan Anderson,Nets,2014-15,G,23.905813953488373,1027.95
Alan Anderson,Raptors,2011-12,F,25.971875,415.55
Alan Anderson,Raptors,2011-12,G,45.18333333333333,45.18333333333333
Alan Anderson,Raptors,2012-13,F,22.92,1375.2
Alan Anderson,Raptors,2012-13,G,23.966666666666665,119.83333333333333
Alan Anderson,Wizards,2015-16,F,14.783333333333333,192.18333333333334
Alec Burks,76ers,2019-20,G,20.23148148148148,364.1666666666667
Alec Burks,Cavaliers,2018-19,F,27.025,108.1
Alec Burks,Cavaliers,2018-19,G,29.033333333333335,871.0
Alec Burks,Jazz,2011-12,G,15.913841807909604,938.9166666666666
Alec Burks,Jazz,2012-13,G,17.759635416666665,1136.6166666666666
Alec Burks,Jazz,2013-14,G,28.116666666666667,2193.1
Alec Burks,Jazz,2014-15,G,33.29876543209876,899.0666666666666
Alec Burks,Jazz,2015-16,G,25.718279569892474,797.2666666666667
Alec Burks,Jazz,2016-17,G,15.54920634920635,653.0666666666667
Alec Burks,Jazz,2017-18,G,16.541666666666668,1058.6666666666667
Alec Burks,Jazz,2018-19,G,15.84313725490196,269.3333333333333
Alec Burks,Kings,2018-19,G,9.732051282051282,126.51666666666667
Alec Burks,Knicks,2020-21,F,25.719444444444445,462.95
Alec Burks,Knicks,2020-21,G,25.53494623655914,791.5833333333334
Alec Burks,Knicks,2021-22,F,29.70111111111111,445.51666666666665
Alec Burks,Knicks,2021-22,G,28.366666666666667,1872.2
Alec Burks,Knicks,2023-24,F,12.904166666666667,51.61666666666667
Alec Burks,Knicks,2023-24,G,13.65,259.35
Alec Burks,Pistons,2022-23,F,30.25,30.25
Alec Burks,Pistons,2022-23,G,21.843666666666667,1092.1833333333334
Alec Burks,Pistons,2023-24,G,20.94496124031008,900.6333333333333
Alec Burks,Warriors,2019-20,F,29.176666666666666,437.65
Alec Burks,Warriors,2019-20,G,28.862121212121213,952.45
Aleksej Pokusevski,Hornets,2023-24,F,19.162962962962965,344.93333333333334
Aleksej Pokusevski,Thunder,2020-21,C,18.298333333333336,182.98333333333335
Aleksej Pokusevski,Thunder,2020-21,F,25.036021505376343,776.1166666666667
Aleksej Pokusevski,Thunder,2020-21,G,32.704166666666666,130.81666666666666
Aleksej Pokusevski,Thunder,2021-22,C,17.775,213.29999999999998
Aleksej Pokusevski,Thunder,2021-22,F,21.320740740740742,959.4333333333334
Aleksej Pokusevski,Thunder,2021-22,G,15.004166666666666,60.016666666666666
Aleksej Pokusevski,Thunder,2022-23,C,19.743518518518517,355.3833333333333
Aleksej Pokusevski,Thunder,2022-23,F,21.623958333333334,345.98333333333335
Aleksej Pokusevski,Thunder,2023-24,C,8.345833333333333,33.38333333333333
Aleksej Pokusevski,Thunder,2023-24,F,4.013333333333334,20.066666666666666
Aleksej Pokusevski,Thunder,2023-24,G,7.0,7.0
Alen Smailagic,Warriors,2019-20,C,9.921428571428573,138.9
Alen Smailagic,Warriors,2020-21,C,5.59,83.85
Alex Abrines,Thunder,2016-17,G,15.51813725490196,1055.2333333333333
Alex Abrines,Thunder,2017-18,G,15.122666666666667,1134.2
Alex Abrines,Thunder,2018-19,G,18.97741935483871,588.3
Alex Caruso,Bulls,2021-22,F,28.343939393939397,623.5666666666667
Alex Caruso,Bulls,2021-22,G,27.54035087719298,523.2666666666667
Alex Caruso,Bulls,2022-23,F,23.93578431372549,813.8166666666667
Alex Caruso,Bulls,2022-23,G,23.077777777777776,761.5666666666666
Alex Caruso,Bulls,2023-24,F,28.880555555555556,1212.9833333333333
Alex Caruso,Bulls,2023-24,G,28.53045977011494,827.3833333333333
Alex Caruso,Lakers,2017-18,F,20.866666666666667,20.866666666666667
Alex Caruso,Lakers,2017-18,G,15.029629629629632,541.0666666666667
Alex Caruso,Lakers,2018-19,F,29.127777777777776,87.38333333333333
Alex Caruso,Lakers,2018-19,G,20.170454545454547,443.75
Alex Caruso,Lakers,2019-20,F,19.329166666666666,77.31666666666666
Alex Caruso,Lakers,2019-20,G,18.299444444444443,1097.9666666666667
Alex Caruso,Lakers,2020-21,F,19.75,19.75
Alex Caruso,Lakers,2020-21,G,20.98918128654971,1196.3833333333334
Alex Len,Hawks,2018-19,C,20.053679653679655,1544.1333333333334
Alex Len,Hawks,2019-20,C,18.627916666666668,745.1166666666667
Alex Len,Kings,2019-20,C,15.027777777777777,225.41666666666666
Alex Len,Kings,2021-22,C,15.902564102564103,620.2
Alex Len,Kings,2022-23,C,6.201923076923077,161.25
Alex Len,Kings,2023-24,C,9.255555555555555,444.26666666666665
Alex Len,Raptors,2020-21,C,10.828571428571427,75.8
Alex Len,Suns,2013-14,C,8.591666666666667,326.48333333333335
Alex Len,Suns,2013-14,F,8.95,35.8
Alex Len,Suns,2014-15,C,21.94452736318408,1470.2833333333333
Alex Len,Suns,2014-15,F,23.866666666666667,47.733333333333334
Alex Len,Suns,2015-16,C,20.342857142857145,996.8000000000001
Alex Len,Suns,2015-16,F,28.414367816091954,824.0166666666667
Alex Len,Suns,2016-17,C,20.025714285714287,1401.8
Alex Len,Suns,2016-17,F,22.542857142857144,157.8
Alex Len,Suns,2017-18,C,20.282456140350874,1156.1
Alex Len,Suns,2017-18,F,19.940277777777776,239.28333333333333
Alex Len,Wizards,2020-21,C,15.84122807017544,902.95
Alex Poythress,76ers,2016-17,F,26.138888888888886,156.83333333333331
Alex Poythress,Hawks,2018-19,F,14.519047619047617,304.9
Alex Poythress,Pacers,2017-18,F,4.164666666666666,104.11666666666666
Alexey Shved,76ers,2014-15,G,16.769607843137255,285.0833333333333
Alexey Shved,Knicks,2014-15,G,26.447916666666664,423.16666666666663
Alexey Shved,Rockets,2014-15,G,6.555555555555555,59.0
Alexey Shved,Timberwolves,2012-13,F,32.88333333333333,131.53333333333333
Alexey Shved,Timberwolves,2012-13,G,23.397260273972602,1708.0
Alexey Shved,Timberwolves,2013-14,F,14.683333333333335,44.050000000000004
Alexey Shved,Timberwolves,2013-14,G,10.333888888888888,620.0333333333333
Alexis Ajinca,Mavericks,2010-11,F,7.525,75.25
Alexis Ajinca,Pelicans,2013-14,C,16.862820512820512,876.8666666666667
Alexis Ajinca,Pelicans,2013-14,F,18.441666666666666,73.76666666666667
Alexis Ajinca,Pelicans,2014-15,C,13.663055555555555,819.7833333333333
Alexis Ajinca,Pelicans,2014-15,F,17.1,136.8
Alexis Ajinca,Pelicans,2015-16,C,13.010992907801418,611.5166666666667
Alexis Ajinca,Pelicans,2015-16,F,20.766666666666666,249.2
Alexis Ajinca,Pelicans,2016-17,C,13.966091954022987,405.01666666666665
Alexis Ajinca,Pelicans,2016-17,F,17.933333333333334,179.33333333333334
Alexis Ajinca,Raptors,2010-11,C,11.025694444444445,264.6166666666667
Alfonzo McKinnie,Bulls,2021-22,F,12.136274509803922,206.31666666666666
Alfonzo McKinnie,Cavaliers,2019-20,F,14.836250000000001,593.45
Alfonzo McKinnie,Lakers,2020-21,G,6.615811965811965,258.01666666666665
Alfonzo McKinnie,Raptors,2017-18,G,3.816666666666667,53.43333333333334
Alfonzo McKinnie,Warriors,2018-19,F,13.521212121212121,446.2
Alfonzo McKinnie,Warriors,2018-19,G,14.286324786324785,557.1666666666666
Alize Johnson,Bulls,2021-22,F,7.534375,120.55
Alize Johnson,Nets,2020-21,F,10.483333333333333,188.7
Alize Johnson,Pacers,2018-19,F,4.602380952380953,64.43333333333334
Alize Johnson,Pacers,2019-20,F,6.924509803921569,117.71666666666667
Alize Johnson,Pelicans,2021-22,F,7.1125,28.45
Alize Johnson,Spurs,2022-23,F,7.379166666666667,29.51666666666667
Alize Johnson,Wizards,2021-22,F,6.077777777777778,18.233333333333334
Allen Crabbe,Hawks,2019-20,G,18.638690476190476,521.8833333333333
Allen Crabbe,Nets,2017-18,F,28.597435897435897,371.76666666666665
Allen Crabbe,Nets,2017-18,G,29.442741935483873,1825.45
Allen Crabbe,Nets,2018-19,F,28.106666666666666,140.53333333333333
Allen Crabbe,Nets,2018-19,G,26.12061403508772,992.5833333333334
Allen Crabbe,Timberwolves,2019-20,G,14.57037037037037,131.13333333333333
Allen Crabbe,Trail Blazers,2013-14,F,5.34,26.7
Allen Crabbe,Trail Blazers,2013-14,G,7.3083333333333345,73.08333333333334
Allen Crabbe,Trail Blazers,2014-15,F,14.4179012345679,389.2833333333333
Allen Crabbe,Trail Blazers,2014-15,G,12.238194444444446,293.7166666666667
Allen Crabbe,Trail Blazers,2015-16,F,26.126436781609193,757.6666666666666
Allen Crabbe,Trail Blazers,2015-16,G,25.91025641025641,1347.3333333333333
Allen Crabbe,Trail Blazers,2016-17,F,28.68888888888889,946.7333333333333
Allen Crabbe,Trail Blazers,2016-17,G,28.421376811594204,1307.3833333333334
Allonzo Trier,Knicks,2018-19,F,21.383333333333333,727.0333333333333
Allonzo Trier,Knicks,2018-19,G,24.38555555555556,731.5666666666667
Allonzo Trier,Knicks,2019-20,F,11.95,179.25
Allonzo Trier,Knicks,2019-20,G,12.387037037037038,111.48333333333333
Alonzo Gee,Cavaliers,2010-11,F,24.33125,973.25
Alonzo Gee,Cavaliers,2011-12,F,28.723976608187133,1637.2666666666667
Alonzo Gee,Cavaliers,2011-12,G,31.630555555555556,189.78333333333333
Alonzo Gee,Cavaliers,2012-13,F,30.997942386831276,2510.8333333333335
Alonzo Gee,Cavaliers,2012-13,G,29.733333333333334,29.733333333333334
Alonzo Gee,Cavaliers,2013-14,F,15.689230769230768,1019.8
Alonzo Gee,Nuggets,2014-15,F,13.097008547008548,510.78333333333336
Alonzo Gee,Nuggets,2016-17,F,6.876923076923077,89.4
Alonzo Gee,Pelicans,2015-16,F,21.9046568627451,1489.5166666666667
Alonzo Gee,Pelicans,2015-16,G,28.513333333333332,142.56666666666666
Alonzo Gee,Spurs,2010-11,F,3.5100000000000002,17.55
Alonzo Gee,Trail Blazers,2014-15,F,10.045555555555556,150.68333333333334
Alonzo Gee,Wizards,2010-11,F,11.507575757575758,126.58333333333333
Alperen Sengun,Rockets,2021-22,C,20.68472222222222,1489.3
Alperen Sengun,Rockets,2022-23,C,28.942,2170.65
Alperen Sengun,Rockets,2023-24,C,32.471957671957675,2045.7333333333333
Amar'e Stoudemire,Heat,2015-16,C,14.659935897435897,762.3166666666666
Amar'e Stoudemire,Knicks,2010-11,C,38.284408602150535,1186.8166666666666
Amar'e Stoudemire,Knicks,2010-11,F,35.81312056737589,1683.2166666666667
Amar'e Stoudemire,Knicks,2011-12,C,31.777777777777775,95.33333333333333
Amar'e Stoudemire,Knicks,2011-12,F,32.906439393939394,1447.8833333333334
Amar'e Stoudemire,Knicks,2012-13,C,23.29259259259259,209.63333333333333
Amar'e Stoudemire,Knicks,2012-13,F,23.615000000000002,472.3
Amar'e Stoudemire,Knicks,2013-14,C,20.983333333333334,209.83333333333334
Amar'e Stoudemire,Knicks,2013-14,F,22.8430303030303,1256.3666666666666
Amar'e Stoudemire,Knicks,2014-15,C,25.598717948717947,332.7833333333333
Amar'e Stoudemire,Knicks,2014-15,F,23.13333333333333,532.0666666666666
Amar'e Stoudemire,Mavericks,2014-15,C,16.502898550724638,379.56666666666666
Amen Thompson,Rockets,2023-24,F,21.261347517730496,999.2833333333333
Amen Thompson,Rockets,2023-24,G,25.952222222222225,389.28333333333336
Amir Coffey,Clippers,2019-20,F,12.5,75.0
Amir Coffey,Clippers,2019-20,G,6.998611111111111,83.98333333333333
Amir Coffey,Clippers,2020-21,F,10.74705882352941,182.7
Amir Coffey,Clippers,2020-21,G,7.845679012345678,211.83333333333331
Amir Coffey,Clippers,2021-22,F,20.086363636363636,441.9
Amir Coffey,Clippers,2021-22,G,23.947163120567375,1125.5166666666667
Amir Coffey,Clippers,2022-23,F,17.144927536231883,394.3333333333333
Amir Coffey,Clippers,2022-23,G,8.554320987654322,230.96666666666667
Amir Coffey,Clippers,2023-24,F,22.30735294117647,758.45
Amir Coffey,Clippers,2023-24,G,19.503703703703703,702.1333333333333
Amir Johnson,76ers,2017-18,C,15.81509009009009,1170.3166666666666
Amir Johnson,76ers,2018-19,C,10.375816993464051,529.1666666666666
Amir Johnson,Celtics,2015-16,C,22.483333333333334,44.96666666666667
Amir Johnson,Celtics,2015-16,F,22.795670995670996,1755.2666666666667
Amir Johnson,Celtics,2016-17,C,20.753333333333334,103.76666666666667
Amir Johnson,Celtics,2016-17,F,20.05666666666667,1504.25
Amir Johnson,Raptors,2010-11,C,27.400000000000002,82.2
Amir Johnson,Raptors,2010-11,F,25.658937198067633,1770.4666666666667
Amir Johnson,Raptors,2011-12,C,24.52777777777778,662.25
Amir Johnson,Raptors,2011-12,F,24.07207207207207,890.6666666666666
Amir Johnson,Raptors,2012-13,C,29.902380952380952,418.6333333333333
Amir Johnson,Raptors,2012-13,F,28.450497512437813,1906.1833333333334
Amir Johnson,Raptors,2013-14,F,28.7525974025974,2213.95
Amir Johnson,Raptors,2014-15,C,15.833333333333334,15.833333333333334
Amir Johnson,Raptors,2014-15,F,26.526126126126126,1962.9333333333334
Anderson Varejao,Cavaliers,2010-11,C,32.06182795698925,993.9166666666666
Anderson Varejao,Cavaliers,2011-12,C,31.384666666666668,784.6166666666667
Anderson Varejao,Cavaliers,2012-13,C,36.036,900.9
Anderson Varejao,Cavaliers,2013-14,C,27.696923076923078,1800.3
Anderson Varejao,Cavaliers,2014-15,C,24.446153846153848,635.6
Anderson Varejao,Cavaliers,2015-16,C,9.995698924731183,309.8666666666667
Anderson Varejao,Cavaliers,2020-21,C,7.186666666666667,35.93333333333334
Anderson Varejao,Warriors,2015-16,C,8.44469696969697,185.78333333333333
Anderson Varejao,Warriors,2016-17,C,6.560714285714285,91.85
Andray Blatche,Nets,2012-13,C,19.063541666666666,1525.0833333333333
Andray Blatche,Nets,2012-13,F,15.05,30.1
Andray Blatche,Nets,2013-14,C,21.98282051282051,1428.8833333333332
Andray Blatche,Nets,2013-14,F,23.65625,189.25
Andray Blatche,Wizards,2010-11,C,34.91666666666667,139.66666666666669
Andray Blatche,Wizards,2010-11,F,33.87111111111111,2032.2666666666667
Andray Blatche,Wizards,2011-12,C,14.033333333333333,14.033333333333333
Andray Blatche,Wizards,2011-12,F,24.48,612.0
Andre Drummond,76ers,2021-22,C,18.408843537414967,902.0333333333333
Andre Drummond,Bulls,2022-23,C,12.67363184079602,849.1333333333333
Andre Drummond,Bulls,2023-24,C,17.104852320675104,1351.2833333333333
Andre Drummond,Cavaliers,2019-20,C,28.06875,224.55
Andre Drummond,Cavaliers,2020-21,C,28.872,721.8
Andre Drummond,Lakers,2020-21,C,24.7515873015873,519.7833333333333
Andre Drummond,Nets,2021-22,C,22.28125,534.75
Andre Drummond,Pistons,2012-13,C,20.711944444444445,1242.7166666666667
Andre Drummond,Pistons,2013-14,C,32.334362139917694,2619.0833333333335
Andre Drummond,Pistons,2014-15,C,30.5109756097561,2501.9
Andre Drummond,Pistons,2015-16,C,32.907407407407405,2665.5
Andre Drummond,Pistons,2016-17,C,29.74588477366255,2409.4166666666665
Andre Drummond,Pistons,2017-18,C,33.652136752136755,2624.866666666667
Andre Drummond,Pistons,2018-19,C,33.505063291139244,2646.9
Andre Drummond,Pistons,2019-20,C,33.74829931972789,1653.6666666666667
Andre Iguodala,76ers,2010-11,F,36.998633879781416,2256.9166666666665
Andre Iguodala,76ers,2010-11,G,35.297222222222224,211.78333333333333
Andre Iguodala,76ers,2011-12,F,35.630645161290325,2209.1
Andre Iguodala,Heat,2019-20,F,19.913492063492065,418.18333333333334
Andre Iguodala,Heat,2020-21,F,21.252910052910053,1338.9333333333334
Andre Iguodala,Nuggets,2012-13,F,34.61111111111111,103.83333333333333
Andre Iguodala,Nuggets,2012-13,G,34.74112554112554,2675.0666666666666
Andre Iguodala,Warriors,2013-14,F,31.99972222222222,1919.9833333333333
Andre Iguodala,Warriors,2013-14,G,39.91111111111111,119.73333333333333
Andre Iguodala,Warriors,2014-15,F,26.867555555555555,2015.0666666666666
Andre Iguodala,Warriors,2014-15,G,26.758333333333333,53.516666666666666
Andre Iguodala,Warriors,2015-16,F,26.660752688172042,1652.9666666666667
Andre Iguodala,Warriors,2015-16,G,26.227777777777778,78.68333333333334
Andre Iguodala,Warriors,2016-17,F,26.30177777777778,1972.6333333333334
Andre Iguodala,Warriors,2016-17,G,24.95,24.95
Andre Iguodala,Warriors,2017-18,F,25.14489247311828,1558.9833333333333
Andre Iguodala,Warriors,2017-18,G,31.741666666666667,63.483333333333334
Andre Iguodala,Warriors,2018-19,F,23.063172043010756,1429.9166666666667
Andre Iguodala,Warriors,2018-19,G,24.66388888888889,147.98333333333335
Andre Iguodala,Warriors,2021-22,F,18.98950617283951,512.7166666666667
Andre Iguodala,Warriors,2021-22,G,22.520833333333332,90.08333333333333
Andre Iguodala,Warriors,2022-23,F,14.070833333333333,112.56666666666666
Andre Jackson Jr.,Bucks,2023-24,F,9.891666666666666,415.45
Andre Jackson Jr.,Bucks,2023-24,G,10.46111111111111,156.91666666666666
Andre Miller,Kings,2014-15,G,20.735,622.05
Andre Miller,Nuggets,2011-12,G,27.407323232323233,1808.8833333333334
Andre Miller,Nuggets,2012-13,G,26.235162601626016,2151.2833333333333
Andre Miller,Nuggets,2013-14,G,19.008333333333333,570.25
Andre Miller,Spurs,2015-16,G,13.902564102564103,180.73333333333335
Andre Miller,Timberwolves,2015-16,G,10.786538461538461,280.45
Andre Miller,Trail Blazers,2010-11,G,32.71296296296296,2649.75
Andre Miller,Wizards,2013-14,G,14.701785714285714,411.65
Andre Miller,Wizards,2014-15,G,12.377450980392156,631.25
Andre Roberson,Nets,2020-21,G,12.586666666666666,62.93333333333333
Andre Roberson,Thunder,2013-14,F,4.8694444444444445,29.21666666666667
Andre Roberson,Thunder,2013-14,G,10.876960784313725,369.81666666666666
Andre Roberson,Thunder,2014-15,F,15.77,78.85
Andre Roberson,Thunder,2014-15,G,19.47284946236559,1207.3166666666666
Andre Roberson,Thunder,2015-16,F,26.599999999999998,159.6
Andre Roberson,Thunder,2015-16,G,21.77734375,1393.75
Andre Roberson,Thunder,2016-17,F,30.07405063291139,2375.85
Andre Roberson,Thunder,2017-18,F,36.083333333333336,108.25
Andre Roberson,Thunder,2017-18,G,25.790277777777778,928.45
Andre Roberson,Thunder,2019-20,F,11.425,22.85
Andre Roberson,Thunder,2019-20,G,12.823333333333334,64.11666666666667
Andrea Bargnani,Knicks,2013-14,C,32.198076923076925,837.15
Andrea Bargnani,Knicks,2013-14,F,26.248958333333334,419.98333333333335
Andrea Bargnani,Knicks,2014-15,C,27.31358024691358,737.4666666666667
Andrea Bargnani,Knicks,2014-15,F,23.933333333333334,47.86666666666667
Andrea Bargnani,Nets,2015-16,F,13.775,633.65
Andrea Bargnani,Raptors,2010-11,C,35.6530303030303,2353.1
Andrea Bargnani,Raptors,2011-12,F,33.28064516129032,1031.7
Andrea Bargnani,Raptors,2012-13,C,22.836666666666666,114.18333333333334
Andrea Bargnani,Raptors,2012-13,F,29.61111111111111,888.3333333333334
Andrei Kirilenko,Jazz,2010-11,F,31.234375,1999.0
Andrei Kirilenko,Nets,2013-14,F,19.051111111111112,857.3000000000001
Andrei Kirilenko,Nets,2014-15,F,5.2,36.4
Andrei Kirilenko,Timberwolves,2012-13,F,31.7796875,2033.9
Andres Nocioni,76ers,2010-11,F,17.237345679012346,930.8166666666667
Andres Nocioni,76ers,2011-12,F,5.059090909090909,55.65
Andrew Bogut,Bucks,2010-11,C,35.344358974358975,2297.383333333333
Andrew Bogut,Bucks,2011-12,C,30.30972222222222,363.71666666666664
Andrew Bogut,Cavaliers,2016-17,C,0.9666666666666667,0.9666666666666667
Andrew Bogut,Lakers,2017-18,C,9.016666666666667,216.4
Andrew Bogut,Mavericks,2016-17,C,22.39423076923077,582.25
Andrew Bogut,Warriors,2012-13,C,24.553645833333334,785.7166666666667
Andrew Bogut,Warriors,2013-14,C,26.410199004975123,1769.4833333333333
Andrew Bogut,Warriors,2014-15,C,23.620398009950247,1582.5666666666666
Andrew Bogut,Warriors,2015-16,C,20.732619047619046,1451.2833333333333
Andrew Bogut,Warriors,2018-19,C,12.215151515151517,134.36666666666667
Andrew Bynum,Cavaliers,2013-14,C,19.995833333333334,479.9
Andrew Bynum,Lakers,2010-11,C,27.73333333333333,1469.8666666666666
Andrew Bynum,Lakers,2010-11,F,30.15,30.15
Andrew Bynum,Lakers,2011-12,C,35.19222222222222,2111.5333333333333
Andrew Bynum,Pacers,2013-14,C,17.808333333333334,35.61666666666667
Andrew Harrison,Cavaliers,2018-19,G,14.373333333333335,143.73333333333335
Andrew Harrison,Grizzlies,2016-17,F,20.4,20.4
Andrew Harrison,Grizzlies,2016-17,G,20.47206572769953,1453.5166666666667
Andrew Harrison,Grizzlies,2017-18,F,28.333333333333332,28.333333333333332
Andrew Harrison,Grizzlies,2017-18,G,23.59909090909091,1297.95
Andrew Harrison,Grizzlies,2018-19,G,4.516666666666667,4.516666666666667
Andrew Harrison,Pelicans,2018-19,G,6.252777777777777,37.516666666666666
Andrew Nembhard,Pacers,2022-23,G,27.646888888888892,2073.516666666667
Andrew Nembhard,Pacers,2023-24,G,24.951470588235296,1696.7
Andrew Nicholson,Magic,2012-13,C,13.433333333333334,26.866666666666667
Andrew Nicholson,Magic,2012-13,F,17.02671568627451,1157.8166666666666
Andrew Nicholson,Magic,2012-13,G,12.946666666666667,64.73333333333333
Andrew Nicholson,Magic,2013-14,C,12.327777777777778,36.983333333333334
Andrew Nicholson,Magic,2013-14,F,15.216666666666669,1080.3833333333334
Andrew Nicholson,Magic,2013-14,G,28.09166666666667,56.18333333333334
Andrew Nicholson,Magic,2014-15,C,16.166666666666668,16.166666666666668
Andrew Nicholson,Magic,2014-15,F,11.774999999999999,423.9
Andrew Nicholson,Magic,2014-15,G,17.344444444444445,52.03333333333333
Andrew Nicholson,Magic,2015-16,C,20.555555555555557,61.66666666666667
Andrew Nicholson,Magic,2015-16,F,14.564743589743589,757.3666666666667
Andrew Nicholson,Magic,2015-16,G,3.7333333333333334,3.7333333333333334
Andrew Nicholson,Nets,2016-17,F,11.059999999999999,110.6
Andrew Nicholson,Wizards,2016-17,G,8.263690476190476,231.38333333333333
Andrew Wiggins,Timberwolves,2014-15,F,35.708333333333336,2142.5
Andrew Wiggins,Timberwolves,2014-15,G,37.559090909090905,826.3
Andrew Wiggins,Timberwolves,2015-16,F,35.238596491228066,1339.0666666666666
Andrew Wiggins,Timberwolves,2015-16,G,35.01279069767442,1505.55
Andrew Wiggins,Timberwolves,2016-17,F,37.120625000000004,2969.65
Andrew Wiggins,Timberwolves,2016-17,G,39.358333333333334,78.71666666666667
Andrew Wiggins,Timberwolves,2017-18,F,36.228813559322035,2137.5
Andrew Wiggins,Timberwolves,2017-18,G,36.57536231884058,841.2333333333333
Andrew Wiggins,Timberwolves,2018-19,F,35.12679738562092,1791.4666666666667
Andrew Wiggins,Timberwolves,2018-19,G,34.14848484848485,751.2666666666667
Andrew Wiggins,Timberwolves,2019-20,F,32.72291666666667,523.5666666666667
Andrew Wiggins,Timberwolves,2019-20,G,35.84230769230769,931.9
Andrew Wiggins,Warriors,2019-20,F,33.325,333.25
Andrew Wiggins,Warriors,2019-20,G,35.08333333333333,70.16666666666666
Andrew Wiggins,Warriors,2020-21,F,33.26835748792271,2295.516666666667
Andrew Wiggins,Warriors,2020-21,G,34.391666666666666,68.78333333333333
Andrew Wiggins,Warriors,2021-22,F,31.910958904109588,2329.5
Andrew Wiggins,Warriors,2022-23,F,32.16936936936937,1190.2666666666667
Andrew Wiggins,Warriors,2023-24,F,27.048356807511738,1920.4333333333334
Andris Biedrins,Jazz,2013-14,C,7.430555555555556,44.583333333333336
Andris Biedrins,Warriors,2010-11,C,23.529824561403508,1341.2
Andris Biedrins,Warriors,2010-11,F,27.975,55.95
Andris Biedrins,Warriors,2011-12,C,15.715248226950354,738.6166666666667
Andris Biedrins,Warriors,2012-13,C,9.354333333333335,467.7166666666667
Andris Biedrins,Warriors,2012-13,F,9.188888888888888,27.566666666666666
Anfernee Simons,Trail Blazers,2018-19,G,7.025,140.5
Anfernee Simons,Trail Blazers,2019-20,G,20.697857142857142,1448.85
Anfernee Simons,Trail Blazers,2020-21,G,17.257552083333334,1104.4833333333333
Anfernee Simons,Trail Blazers,2021-22,G,29.49122807017544,1681.0
Anfernee Simons,Trail Blazers,2022-23,G,35.01075268817204,2170.6666666666665
Anfernee Simons,Trail Blazers,2023-24,G,34.38550724637681,1581.7333333333333
Antawn Jamison,Cavaliers,2010-11,F,32.896726190476194,1842.2166666666667
Antawn Jamison,Cavaliers,2011-12,F,33.09230769230769,2151.0
Antawn Jamison,Clippers,2013-14,F,11.253787878787879,247.58333333333334
Antawn Jamison,Lakers,2012-13,F,21.521491228070175,1635.6333333333332
Ante Zizic,Cavaliers,2017-18,C,6.6953125,214.25
Ante Zizic,Cavaliers,2018-19,C,18.338418079096044,1081.9666666666667
Ante Zizic,Cavaliers,2019-20,C,10.02878787878788,220.63333333333333
Anthony Bennett,Cavaliers,2013-14,F,12.743269230769231,662.65
Anthony Bennett,Nets,2016-17,F,11.484782608695651,264.15
Anthony Bennett,Raptors,2015-16,F,4.434210526315789,84.25
Anthony Bennett,Timberwolves,2014-15,F,15.681578947368422,893.85
Anthony Black,Magic,2023-24,G,16.87270531400966,1164.2166666666667
Anthony Brown,Lakers,2015-16,F,20.64367816091954,598.6666666666666
Anthony Brown,Magic,2016-17,F,8.241666666666667,16.483333333333334
Anthony Brown,Pelicans,2016-17,F,15.837037037037037,142.53333333333333
Anthony Brown,Timberwolves,2017-18,F,3.7333333333333334,3.7333333333333334
Anthony Davis,Hornets,2012-13,F,28.843489583333334,1845.9833333333333
Anthony Davis,Lakers,2019-20,C,26.09166666666667,52.18333333333334
Anthony Davis,Lakers,2019-20,F,34.65,2079.0
Anthony Davis,Lakers,2020-21,F,32.270833333333336,1161.75
Anthony Davis,Lakers,2021-22,C,33.91587301587302,712.2333333333333
Anthony Davis,Lakers,2021-22,F,36.42280701754386,692.0333333333333
Anthony Davis,Lakers,2022-23,C,34.009523809523806,1904.5333333333333
Anthony Davis,Lakers,2023-24,C,35.52982456140351,2700.2666666666664
Anthony Davis,Pelicans,2013-14,C,36.82380952380952,257.76666666666665
Anthony Davis,Pelicans,2013-14,F,35.00027777777778,2100.016666666667
Anthony Davis,Pelicans,2014-15,F,36.09828431372549,2454.6833333333334
Anthony Davis,Pelicans,2015-16,C,30.072222222222223,90.21666666666667
Anthony Davis,Pelicans,2015-16,F,35.7603448275862,2074.1
Anthony Davis,Pelicans,2016-17,C,35.6551724137931,1034.0
Anthony Davis,Pelicans,2016-17,F,36.38550724637681,1673.7333333333333
Anthony Davis,Pelicans,2017-18,C,36.12692307692308,469.65
Anthony Davis,Pelicans,2017-18,F,36.41317204301075,2257.616666666667
Anthony Davis,Pelicans,2018-19,C,34.59230769230769,449.7
Anthony Davis,Pelicans,2018-19,F,32.56201550387597,1400.1666666666667
Anthony Edwards,Timberwolves,2020-21,F,31.137254901960787,1058.6666666666667
Anthony Edwards,Timberwolves,2020-21,G,33.040350877192985,1255.5333333333333
Anthony Edwards,Timberwolves,2021-22,F,33.65744680851064,1581.9
Anthony Edwards,Timberwolves,2021-22,G,35.364000000000004,884.1
Anthony Edwards,Timberwolves,2022-23,F,36.78,367.8
Anthony Edwards,Timberwolves,2022-23,G,35.85,2473.65
Anthony Edwards,Timberwolves,2023-24,F,34.7,34.7
Anthony Edwards,Timberwolves,2023-24,G,35.0732905982906,2735.7166666666667
Anthony Gill,Wizards,2020-21,C,7.372222222222223,22.116666666666667
Anthony Gill,Wizards,2020-21,F,8.517391304347827,195.9
Anthony Gill,Wizards,2021-22,C,11.075000000000001,66.45
Anthony Gill,Wizards,2021-22,F,10.447368421052632,397.0
Anthony Gill,Wizards,2022-23,C,11.805555555555555,141.66666666666666
Anthony Gill,Wizards,2022-23,F,10.275886524822695,482.9666666666667
Anthony Gill,Wizards,2023-24,C,10.27962962962963,92.51666666666667
Anthony Gill,Wizards,2023-24,F,9.121138211382114,373.9666666666667
Anthony Lamb,Rockets,2020-21,F,18.17105263157895,345.25
Anthony Lamb,Rockets,2020-21,G,13.993333333333334,69.96666666666667
Anthony Lamb,Spurs,2021-22,F,3.841666666666667,7.683333333333334
Anthony Lamb,Warriors,2022-23,F,19.275,1195.05
Anthony Morrow,Bulls,2016-17,F,9.70185185185185,87.31666666666666
Anthony Morrow,Hawks,2012-13,F,15.64722222222222,93.88333333333333
Anthony Morrow,Hawks,2012-13,G,11.500925925925925,207.01666666666665
Anthony Morrow,Mavericks,2012-13,F,4.833333333333334,82.16666666666667
Anthony Morrow,Nets,2010-11,F,34.18333333333333,34.18333333333333
Anthony Morrow,Nets,2010-11,G,31.96988304093567,1822.2833333333333
Anthony Morrow,Nets,2011-12,F,31.533333333333335,31.533333333333335
Anthony Morrow,Nets,2011-12,G,26.309016393442622,1604.85
Anthony Morrow,Pelicans,2013-14,F,17.380357142857143,486.65
Anthony Morrow,Pelicans,2013-14,G,19.564930555555556,939.1166666666667
Anthony Morrow,Thunder,2014-15,F,24.971666666666668,249.71666666666667
Anthony Morrow,Thunder,2014-15,G,24.311197916666668,1555.9166666666667
Anthony Morrow,Thunder,2015-16,F,14.737962962962964,265.28333333333336
Anthony Morrow,Thunder,2015-16,G,13.222666666666667,661.1333333333333
Anthony Morrow,Thunder,2016-17,F,13.327777777777778,39.983333333333334
Anthony Morrow,Thunder,2016-17,G,15.859909909909907,586.8166666666666
Anthony Parker,Cavaliers,2010-11,F,35.13333333333333,421.6
Anthony Parker,Cavaliers,2010-11,G,27.82611111111111,1669.5666666666666
Anthony Parker,Cavaliers,2011-12,F,25.377777777777776,76.13333333333333
Anthony Parker,Cavaliers,2011-12,G,25.086805555555557,1204.1666666666667
Anthony Randolph,Knicks,2010-11,F,7.465686274509804,126.91666666666667
Anthony Randolph,Nuggets,2012-13,F,8.433760683760685,328.9166666666667
Anthony Randolph,Nuggets,2013-14,F,12.255813953488373,527.0
Anthony Randolph,Timberwolves,2010-11,F,20.11884057971014,462.7333333333333
Anthony Randolph,Timberwolves,2011-12,F,15.19313725490196,516.5666666666666
Anthony Tolliver,76ers,2020-21,F,8.996969696969698,98.96666666666667
Anthony Tolliver,Bobcats,2013-14,F,20.283072916666665,1298.1166666666666
Anthony Tolliver,Grizzlies,2019-20,F,18.16794871794872,236.18333333333334
Anthony Tolliver,Hawks,2012-13,F,15.53494623655914,963.1666666666666
Anthony Tolliver,Kings,2016-17,C,20.44074074074074,183.96666666666667
Anthony Tolliver,Kings,2016-17,F,23.085416666666667,1292.7833333333333
Anthony Tolliver,Kings,2019-20,C,22.566666666666666,22.566666666666666
Anthony Tolliver,Kings,2019-20,F,7.377083333333333,59.016666666666666
Anthony Tolliver,Pistons,2014-15,F,22.316346153846155,1160.45
Anthony Tolliver,Pistons,2015-16,F,18.619675925925925,1340.6166666666666
Anthony Tolliver,Pistons,2017-18,F,22.241139240506328,1757.05
Anthony Tolliver,Suns,2014-15,F,11.347916666666668,272.35
Anthony Tolliver,Timberwolves,2010-11,F,20.96076923076923,1362.45
Anthony Tolliver,Timberwolves,2011-12,F,17.284640522875815,881.5166666666667
Anthony Tolliver,Timberwolves,2018-19,F,16.605641025641024,1079.3666666666666
Anthony Tolliver,Trail Blazers,2019-20,C,18.86060606060606,207.46666666666667
Anthony Tolliver,Trail Blazers,2019-20,F,15.758333333333333,346.68333333333334
Antonio Blakeney,Bulls,2017-18,G,16.521052631578947,313.9
Antonio Blakeney,Bulls,2018-19,G,14.544736842105262,829.05
Antonio McDyess,Spurs,2010-11,C,19.603389830508473,1156.6
Antonio McDyess,Spurs,2010-11,F,16.422619047619047,229.91666666666666
Archie Goodwin,Nets,2016-17,G,15.369444444444445,184.43333333333334
Archie Goodwin,Pelicans,2016-17,G,9.905555555555557,29.71666666666667
Archie Goodwin,Suns,2013-14,G,10.248076923076923,532.9
Archie Goodwin,Suns,2014-15,G,13.044715447154472,534.8333333333334
Archie Goodwin,Suns,2015-16,G,19.5406432748538,1113.8166666666666
Arinze Onuaku,Cavaliers,2013-14,C,2.3666666666666667,4.733333333333333
Arinze Onuaku,Magic,2016-17,C,3.541666666666667,28.333333333333336
Arinze Onuaku,Pelicans,2013-14,C,8.477777777777778,25.433333333333334
Arinze Onuaku,Timberwolves,2014-15,C,11.377777777777778,68.26666666666667
Armoni Brooks,Nets,2023-24,G,10.401666666666667,104.01666666666667
Armoni Brooks,Raptors,2021-22,F,17.95,17.95
Armoni Brooks,Raptors,2021-22,G,11.323611111111111,135.88333333333333
Armoni Brooks,Rockets,2020-21,G,26.018333333333334,520.3666666666667
Armoni Brooks,Rockets,2021-22,G,16.827642276422765,689.9333333333334
Arnett Moultrie,76ers,2012-13,C,11.525531914893618,541.7
Arnett Moultrie,76ers,2013-14,C,15.5875,187.05
Aron Baynes,Celtics,2017-18,C,18.496413502109704,1461.2166666666667
Aron Baynes,Celtics,2017-18,F,11.641666666666666,23.28333333333333
Aron Baynes,Celtics,2018-19,C,16.269333333333336,813.4666666666667
Aron Baynes,Celtics,2018-19,F,7.366666666666666,7.366666666666666
Aron Baynes,Pistons,2015-16,C,14.858333333333334,1129.2333333333333
Aron Baynes,Pistons,2015-16,F,20.75,103.75
Aron Baynes,Pistons,2016-17,C,15.220772946859904,1050.2333333333333
Aron Baynes,Pistons,2016-17,F,18.719444444444445,112.31666666666666
Aron Baynes,Raptors,2020-21,C,18.495911949685535,980.2833333333333
Aron Baynes,Spurs,2012-13,C,9.161111111111111,109.93333333333334
Aron Baynes,Spurs,2012-13,F,7.8583333333333325,31.43333333333333
Aron Baynes,Spurs,2013-14,C,9.440780141843971,443.71666666666664
Aron Baynes,Spurs,2013-14,F,7.8500000000000005,47.1
Aron Baynes,Spurs,2014-15,C,16.080989583333334,1029.1833333333334
Aron Baynes,Spurs,2014-15,F,15.525,93.15
Aron Baynes,Suns,2019-20,C,22.248809523809523,934.45
Arron Afflalo,Kings,2016-17,F,26.52583333333333,530.5166666666667
Arron Afflalo,Kings,2016-17,G,25.592682926829266,1049.3
Arron Afflalo,Knicks,2015-16,F,33.46333333333333,167.31666666666666
Arron Afflalo,Knicks,2015-16,G,33.38838383838384,2203.633333333333
Arron Afflalo,Magic,2012-13,F,35.33809523809524,247.36666666666667
Arron Afflalo,Magic,2012-13,G,36.1280701754386,2059.3
Arron Afflalo,Magic,2013-14,F,37.19102564102564,966.9666666666667
Arron Afflalo,Magic,2013-14,G,33.731205673758865,1585.3666666666666
Arron Afflalo,Magic,2017-18,F,13.558333333333334,189.81666666666666
Arron Afflalo,Magic,2017-18,G,12.609401709401709,491.76666666666665
Arron Afflalo,Nuggets,2010-11,F,16.766666666666666,16.766666666666666
Arron Afflalo,Nuggets,2010-11,G,33.9343137254902,2307.5333333333333
Arron Afflalo,Nuggets,2011-12,G,33.652419354838706,2086.45
Arron Afflalo,Nuggets,2014-15,G,33.01352201257862,1749.7166666666667
Arron Afflalo,Trail Blazers,2014-15,G,30.07266666666667,751.8166666666667
Ashton Hagans,Timberwolves,2020-21,G,2.033333333333333,4.066666666666666
Ashton Hagans,Trail Blazers,2023-24,G,16.60877192982456,315.56666666666666
Ausar Thompson,Pistons,2023-24,F,25.125132275132277,1582.8833333333334
Austin Daye,Grizzlies,2012-13,F,10.578494623655914,327.93333333333334
Austin Daye,Hawks,2014-15,F,9.464583333333334,75.71666666666667
Austin Daye,Pistons,2010-11,F,20.295555555555556,1217.7333333333333
Austin Daye,Pistons,2010-11,G,19.031944444444445,228.38333333333333
Austin Daye,Pistons,2011-12,F,13.534523809523808,378.96666666666664
Austin Daye,Pistons,2011-12,G,17.244871794871795,224.18333333333334
Austin Daye,Pistons,2012-13,F,13.390625,214.25
Austin Daye,Pistons,2012-13,G,16.685416666666665,133.48333333333332
Austin Daye,Raptors,2013-14,F,4.116666666666666,32.93333333333333
Austin Daye,Spurs,2013-14,C,8.058333333333334,48.35
Austin Daye,Spurs,2013-14,F,8.366666666666667,66.93333333333334
Austin Daye,Spurs,2014-15,C,13.425925925925926,120.83333333333333
Austin Daye,Spurs,2014-15,F,8.672549019607843,147.43333333333334
Austin Reaves,Lakers,2021-22,F,23.849242424242426,524.6833333333334
Austin Reaves,Lakers,2021-22,G,22.898290598290597,893.0333333333333
Austin Reaves,Lakers,2022-23,F,28.054901960784314,476.93333333333334
Austin Reaves,Lakers,2022-23,G,29.069858156028367,1366.2833333333333
Austin Reaves,Lakers,2023-24,F,32.22708333333333,257.81666666666666
Austin Reaves,Lakers,2023-24,G,32.042567567567566,2371.15
Austin Rivers,Clippers,2014-15,F,22.366666666666667,22.366666666666667
Austin Rivers,Clippers,2014-15,G,19.220416666666665,768.8166666666666
Austin Rivers,Clippers,2015-16,G,21.84825870646766,1463.8333333333333
Austin Rivers,Clippers,2016-17,F,32.90588235294118,559.4
Austin Rivers,Clippers,2016-17,G,26.216959064327483,1494.3666666666666
Austin Rivers,Clippers,2017-18,G,33.713934426229514,2056.55
Austin Rivers,Hornets,2012-13,G,23.23879781420765,1417.5666666666666
Austin Rivers,Knicks,2020-21,G,21.053968253968254,442.1333333333333
Austin Rivers,Nuggets,2020-21,F,28.4,28.4
Austin Rivers,Nuggets,2020-21,G,26.74642857142857,374.45
Austin Rivers,Nuggets,2021-22,F,21.17222222222222,127.03333333333333
Austin Rivers,Nuggets,2021-22,G,22.1775956284153,1352.8333333333333
Austin Rivers,Pelicans,2013-14,G,19.4024154589372,1338.7666666666667
Austin Rivers,Pelicans,2014-15,G,22.052380952380954,771.8333333333334
Austin Rivers,Rockets,2018-19,G,28.614893617021277,1344.9
Austin Rivers,Rockets,2019-20,G,23.44044117647059,1593.95
Austin Rivers,Timberwolves,2022-23,G,19.544871794871796,1016.3333333333334
Austin Rivers,Wizards,2018-19,G,23.545977011494255,682.8333333333334
Avery Bradley,Celtics,2010-11,G,5.240860215053764,162.46666666666667
Avery Bradley,Celtics,2011-12,G,21.38203125,1368.45
Avery Bradley,Celtics,2012-13,G,28.692666666666664,1434.6333333333332
Avery Bradley,Celtics,2013-14,G,30.918333333333333,1855.1
Avery Bradley,Celtics,2014-15,G,31.527272727272727,2427.6
Avery Bradley,Celtics,2015-16,G,33.37017543859649,2536.133333333333
Avery Bradley,Celtics,2016-17,G,33.35484848484848,1834.5166666666667
Avery Bradley,Clippers,2017-18,G,27.491666666666664,164.95
Avery Bradley,Clippers,2018-19,F,32.516666666666666,357.68333333333334
Avery Bradley,Clippers,2018-19,G,29.09298245614035,1105.5333333333333
Avery Bradley,Grizzlies,2018-19,G,31.589285714285715,442.25
Avery Bradley,Heat,2020-21,G,21.076666666666664,210.76666666666665
Avery Bradley,Lakers,2019-20,G,24.21326530612245,1186.45
Avery Bradley,Lakers,2021-22,G,22.676075268817204,1405.9166666666667
Avery Bradley,Pistons,2017-18,F,37.86666666666667,37.86666666666667
Avery Bradley,Pistons,2017-18,G,31.545299145299143,1230.2666666666667
Avery Bradley,Rockets,2020-21,G,23.01078431372549,391.18333333333334
Axel Toupane,Bucks,2016-17,G,3.033333333333333,6.066666666666666
Axel Toupane,Bucks,2020-21,G,7.654166666666667,61.233333333333334
Axel Toupane,Nuggets,2015-16,G,14.544444444444444,305.43333333333334
Axel Toupane,Pelicans,2016-17,G,20.7,41.4
Ayo Dosunmu,Bulls,2021-22,G,27.398268398268396,2109.6666666666665
Ayo Dosunmu,Bulls,2022-23,G,26.220625000000002,2097.65
Ayo Dosunmu,Bulls,2023-24,G,29.11140350877193,2212.4666666666667
Bam Adebayo,Heat,2017-18,C,20.18828125,1292.05
Bam Adebayo,Heat,2017-18,F,15.24,76.2
Bam Adebayo,Heat,2018-19,C,23.15821917808219,1690.55
Bam Adebayo,Heat,2018-19,F,24.68148148148148,222.13333333333333
Bam Adebayo,Heat,2019-20,C,31.04736842105263,589.9
Bam Adebayo,Heat,2019-20,F,34.47389937106919,1827.1166666666668
Bam Adebayo,Heat,2020-21,C,33.69919354838709,2089.35
Bam Adebayo,Heat,2020-21,F,26.616666666666667,53.233333333333334
Bam Adebayo,Heat,2021-22,C,32.586363636363636,1792.25
Bam Adebayo,Heat,2021-22,F,33.05,33.05
Bam Adebayo,Heat,2022-23,C,34.62387387387387,2562.1666666666665
Bam Adebayo,Heat,2022-23,F,35.85,35.85
Bam Adebayo,Heat,2023-24,C,34.034507042253516,2416.45
Baron Davis,Cavaliers,2010-11,G,25.363333333333333,380.45
Baron Davis,Clippers,2010-11,G,29.508139534883718,1268.85
Baron Davis,Knicks,2011-12,G,20.511494252873565,594.8333333333334
Ben Gordon,Bobcats,2012-13,G,20.8,1560.0
Ben Gordon,Bobcats,2013-14,G,14.671929824561403,278.76666666666665
Ben Gordon,Magic,2014-15,G,14.114583333333332,790.4166666666666
Ben Gordon,Pistons,2010-11,G,25.98617886178862,2130.866666666667
Ben Gordon,Pistons,2011-12,G,26.889423076923077,1398.25
Ben McLemore,Grizzlies,2017-18,F,18.833333333333332,37.666666666666664
Ben McLemore,Grizzlies,2017-18,G,19.499382716049382,1052.9666666666667
Ben McLemore,Kings,2013-14,F,13.366666666666667,13.366666666666667
Ben McLemore,Kings,2013-14,G,26.834156378600824,2173.5666666666666
Ben McLemore,Kings,2014-15,G,32.56280487804878,2670.15
Ben McLemore,Kings,2015-16,F,22.275,44.55
Ben McLemore,Kings,2015-16,G,21.185606060606062,1398.25
Ben McLemore,Kings,2016-17,F,20.408333333333335,163.26666666666668
Ben McLemore,Kings,2016-17,G,19.11320754716981,1013.0
Ben McLemore,Kings,2018-19,F,8.055555555555555,24.166666666666668
Ben McLemore,Kings,2018-19,G,8.340625,133.45
Ben McLemore,Lakers,2020-21,F,17.426666666666666,261.4
Ben McLemore,Lakers,2020-21,G,17.7,106.2
Ben McLemore,Rockets,2019-20,F,23.08604651162791,992.7
Ben McLemore,Rockets,2019-20,G,22.38452380952381,626.7666666666667
Ben McLemore,Rockets,2020-21,F,12.817592592592593,230.71666666666667
Ben McLemore,Rockets,2020-21,G,21.892857142857142,306.5
Ben McLemore,Trail Blazers,2021-22,G,20.0765625,1284.9
Ben Sheppard,Pacers,2023-24,F,14.2859649122807,814.3
Ben Simmons,76ers,2017-18,F,34.025,68.05
Ben Simmons,76ers,2017-18,G,33.71540084388186,2663.516666666667
Ben Simmons,76ers,2018-19,F,35.2,35.2
Ben Simmons,76ers,2018-19,G,34.167307692307695,2665.05
Ben Simmons,76ers,2019-20,F,28.805555555555557,86.41666666666667
Ben Simmons,76ers,2019-20,G,35.75,1930.5
Ben Simmons,76ers,2020-21,G,32.367528735632185,1877.3166666666666
Ben Simmons,Nets,2022-23,C,29.23888888888889,87.71666666666667
Ben Simmons,Nets,2022-23,F,23.9,23.9
Ben Simmons,Nets,2022-23,G,26.14342105263158,993.45
Ben Simmons,Nets,2023-24,C,14.166666666666666,14.166666666666666
Ben Simmons,Nets,2023-24,G,24.625,344.75
Ben Uzoh,Cavaliers,2011-12,G,6.308333333333334,12.616666666666667
Ben Uzoh,Nets,2010-11,G,10.418650793650793,437.5833333333333
Ben Uzoh,Raptors,2011-12,G,22.314583333333335,357.03333333333336
Ben Wallace,Pistons,2010-11,C,22.87275641025641,1189.3833333333334
Ben Wallace,Pistons,2010-11,F,24.40833333333333,48.81666666666666
Ben Wallace,Pistons,2011-12,C,15.644444444444446,657.0666666666667
Ben Wallace,Pistons,2011-12,F,16.160833333333333,323.21666666666664
Bennedict Mathurin,Pacers,2022-23,F,27.741812865497074,1581.2833333333333
Bennedict Mathurin,Pacers,2022-23,G,30.52777777777778,641.0833333333334
Bennedict Mathurin,Pacers,2023-24,F,25.82282608695652,1187.85
Bennedict Mathurin,Pacers,2023-24,G,26.965384615384615,350.55
Beno Udrih,Bucks,2011-12,G,18.305367231638417,1080.0166666666667
Beno Udrih,Bucks,2012-13,G,18.432051282051283,718.85
Beno Udrih,Grizzlies,2013-14,G,5.523333333333333,55.233333333333334
Beno Udrih,Grizzlies,2014-15,G,18.917510548523207,1494.4833333333333
Beno Udrih,Grizzlies,2015-16,G,15.04375,120.35
Beno Udrih,Heat,2015-16,G,16.313888888888886,587.3
Beno Udrih,Kings,2010-11,G,34.60232067510549,2733.5833333333335
Beno Udrih,Knicks,2013-14,G,18.95752688172043,587.6833333333333
Beno Udrih,Magic,2012-13,G,27.325308641975308,737.7833333333333
Beno Udrih,Pistons,2016-17,G,14.363247863247862,560.1666666666666
Bernard James,Mavericks,2012-13,C,9.935507246376812,457.0333333333333
Bernard James,Mavericks,2013-14,C,4.866666666666666,146.0
Bernard James,Mavericks,2014-15,C,9.854166666666666,157.66666666666666
Bilal Coulibaly,Wizards,2023-24,F,26.770303030303033,1472.3666666666668
Bilal Coulibaly,Wizards,2023-24,G,30.358333333333334,242.86666666666667
Bismack Biyombo,Bobcats,2011-12,C,22.937365591397853,1422.1166666666668
Bismack Biyombo,Bobcats,2011-12,F,33.13333333333333,33.13333333333333
Bismack Biyombo,Bobcats,2012-13,C,27.52029914529915,2146.5833333333335
Bismack Biyombo,Bobcats,2012-13,F,19.825,39.65
Bismack Biyombo,Bobcats,2013-14,C,13.927922077922078,1072.45
Bismack Biyombo,Grizzlies,2023-24,C,23.936111111111114,718.0833333333334
Bismack Biyombo,Hornets,2014-15,C,19.4234375,1243.1
Bismack Biyombo,Hornets,2018-19,C,14.489506172839507,782.4333333333334
Bismack Biyombo,Hornets,2019-20,C,19.41635220125786,1029.0666666666666
Bismack Biyombo,Hornets,2020-21,C,20.436363636363637,1348.8
Bismack Biyombo,Magic,2016-17,C,22.067099567099568,1699.1666666666667
Bismack Biyombo,Magic,2016-17,F,23.570833333333333,94.28333333333333
Bismack Biyombo,Magic,2017-18,C,18.47573839662447,1459.5833333333333
Bismack Biyombo,Magic,2017-18,F,11.783333333333333,35.35
Bismack Biyombo,Raptors,2015-16,C,22.047357723577235,1807.8833333333334
Bismack Biyombo,Suns,2021-22,C,14.05324074074074,505.9166666666667
Bismack Biyombo,Suns,2022-23,C,14.329508196721312,874.1
Bismack Biyombo,Thunder,2023-24,C,7.336666666666668,73.36666666666667
Blake Griffin,Celtics,2022-23,C,13.87560975609756,568.9
Blake Griffin,Clippers,2010-11,C,43.733333333333334,43.733333333333334
Blake Griffin,Clippers,2010-11,F,37.87366255144033,3067.766666666667
Blake Griffin,Clippers,2011-12,F,36.24141414141414,2391.9333333333334
Blake Griffin,Clippers,2012-13,F,32.480624999999996,2598.45
Blake Griffin,Clippers,2013-14,F,35.79145833333333,2863.3166666666666
Blake Griffin,Clippers,2014-15,F,35.16169154228856,2355.8333333333335
Blake Griffin,Clippers,2015-16,F,33.43666666666667,1170.2833333333333
Blake Griffin,Clippers,2016-17,F,34.036065573770486,2076.2
Blake Griffin,Clippers,2017-18,F,34.51060606060606,1138.85
Blake Griffin,Nets,2020-21,C,21.329545454545453,469.25
Blake Griffin,Nets,2020-21,F,22.754166666666666,91.01666666666667
Blake Griffin,Nets,2021-22,C,17.104710144927537,786.8166666666667
Blake Griffin,Nets,2021-22,F,17.128333333333334,171.28333333333333
Blake Griffin,Pistons,2017-18,F,33.239333333333335,830.9833333333333
Blake Griffin,Pistons,2018-19,F,34.964444444444446,2622.3333333333335
Blake Griffin,Pistons,2019-20,F,28.460185185185182,512.2833333333333
Blake Griffin,Pistons,2020-21,F,31.318333333333335,626.3666666666667
Blake Wesley,Spurs,2022-23,G,18.08243243243243,669.05
Blake Wesley,Spurs,2023-24,G,14.359562841530053,875.9333333333333
Boban Marjanovic,76ers,2018-19,C,13.862878787878788,304.98333333333335
Boban Marjanovic,Clippers,2017-18,C,8.325833333333332,166.51666666666665
Boban Marjanovic,Clippers,2018-19,C,10.435185185185185,375.6666666666667
Boban Marjanovic,Mavericks,2019-20,C,9.588636363636363,421.9
Boban Marjanovic,Mavericks,2020-21,C,8.221717171717172,271.31666666666666
Boban Marjanovic,Mavericks,2021-22,C,5.56231884057971,127.93333333333334
Boban Marjanovic,Pistons,2016-17,C,8.379047619047618,293.26666666666665
Boban Marjanovic,Pistons,2017-18,C,9.017543859649122,171.33333333333331
Boban Marjanovic,Rockets,2022-23,C,5.518279569892473,171.06666666666666
Boban Marjanovic,Rockets,2023-24,C,5.065476190476191,70.91666666666667
Boban Marjanovic,Spurs,2015-16,C,9.403395061728396,507.78333333333336
Bobby Portis,Bucks,2020-21,C,20.774583333333332,830.9833333333333
Bobby Portis,Bucks,2020-21,F,20.815384615384616,541.2
Bobby Portis,Bucks,2021-22,C,28.862962962962964,1818.3666666666668
Bobby Portis,Bucks,2021-22,F,23.331481481481482,209.98333333333335
Bobby Portis,Bucks,2022-23,C,23.515765765765767,870.0833333333334
Bobby Portis,Bucks,2022-23,F,28.737373737373737,948.3333333333334
Bobby Portis,Bucks,2023-24,C,24.339772727272727,1070.95
Bobby Portis,Bucks,2023-24,F,24.6640350877193,937.2333333333333
Bobby Portis,Bulls,2015-16,C,17.008333333333333,136.06666666666666
Bobby Portis,Bulls,2015-16,F,17.889814814814812,966.05
Bobby Portis,Bulls,2016-17,C,9.32,46.6
Bobby Portis,Bulls,2016-17,F,16.167796610169493,953.9
Bobby Portis,Bulls,2017-18,C,26.253333333333337,131.26666666666668
Bobby Portis,Bulls,2017-18,F,22.22426470588235,1511.25
Bobby Portis,Bulls,2018-19,C,24.4,122.0
Bobby Portis,Bulls,2018-19,F,24.029411764705884,408.5
Bobby Portis,Knicks,2019-20,C,22.24888888888889,333.73333333333335
Bobby Portis,Knicks,2019-20,F,20.779738562091502,1059.7666666666667
Bobby Portis,Wizards,2018-19,C,26.503333333333334,397.55
Bobby Portis,Wizards,2018-19,F,28.46923076923077,370.1
Bogdan Bogdanovic,Hawks,2020-21,F,25.15833333333333,50.31666666666666
Bogdan Bogdanovic,Hawks,2020-21,G,29.882936507936506,1255.0833333333333
Bogdan Bogdanovic,Hawks,2021-22,F,36.05555555555555,108.16666666666666
Bogdan Bogdanovic,Hawks,2021-22,G,29.00638888888889,1740.3833333333334
Bogdan Bogdanovic,Hawks,2022-23,F,30.97179487179487,402.6333333333333
Bogdan Bogdanovic,Hawks,2022-23,G,26.97520325203252,1105.9833333333333
Bogdan Bogdanovic,Hawks,2023-24,F,26.735714285714288,187.15
Bogdan Bogdanovic,Hawks,2023-24,G,30.75347222222222,2214.25
Bogdan Bogdanovic,Kings,2017-18,F,25.800877192982455,490.21666666666664
Bogdan Bogdanovic,Kings,2017-18,G,28.55819209039548,1684.9333333333334
Bogdan Bogdanovic,Kings,2018-19,F,28.616666666666667,887.1166666666667
Bogdan Bogdanovic,Kings,2018-19,G,27.18119658119658,1060.0666666666666
Bogdan Bogdanovic,Kings,2019-20,F,27.939393939393938,307.3333333333333
Bogdan Bogdanovic,Kings,2019-20,G,29.169333333333334,1458.4666666666667
Bojan Bogdanovic,Jazz,2019-20,F,33.060317460317464,2082.8
Bojan Bogdanovic,Jazz,2020-21,F,30.77175925925926,2215.5666666666666
Bojan Bogdanovic,Jazz,2021-22,F,30.88816425120773,2131.2833333333333
Bojan Bogdanovic,Knicks,2023-24,F,19.20977011494253,557.0833333333334
Bojan Bogdanovic,Nets,2014-15,F,20.482758620689655,594.0
Bojan Bogdanovic,Nets,2014-15,G,25.71156462585034,1259.8666666666666
Bojan Bogdanovic,Nets,2015-16,F,25.91700680272109,1269.9333333333334
Bojan Bogdanovic,Nets,2015-16,G,28.157222222222224,844.7166666666667
Bojan Bogdanovic,Nets,2016-17,F,26.708130081300812,1095.0333333333333
Bojan Bogdanovic,Nets,2016-17,G,27.66309523809524,387.28333333333336
Bojan Bogdanovic,Pacers,2017-18,F,30.80625,2464.5
Bojan Bogdanovic,Pacers,2018-19,F,31.76625514403292,2573.0666666666666
Bojan Bogdanovic,Pistons,2022-23,F,32.08276836158192,1892.8833333333334
Bojan Bogdanovic,Pistons,2023-24,F,32.8922619047619,920.9833333333333
Bojan Bogdanovic,Wizards,2016-17,F,23.09807692307692,600.55
Bol Bol,Magic,2022-23,C,20.964583333333334,167.71666666666667
Bol Bol,Magic,2022-23,F,21.576075268817206,1337.7166666666667
Bol Bol,Nuggets,2019-20,F,12.41904761904762,86.93333333333334
Bol Bol,Nuggets,2020-21,F,4.9890625,159.65
Bol Bol,Nuggets,2021-22,F,5.773809523809524,80.83333333333333
Bol Bol,Suns,2023-24,F,10.908139534883722,469.05
Bones Hyland,Clippers,2022-23,G,18.947619047619046,265.26666666666665
Bones Hyland,Clippers,2023-24,G,14.600900900900902,540.2333333333333
Bones Hyland,Nuggets,2021-22,G,18.98333333333333,1309.85
Bones Hyland,Nuggets,2022-23,G,19.52936507936508,820.2333333333333
Bonzie Colson,Bucks,2018-19,F,14.588888888888889,43.766666666666666
Bonzie Colson,Bucks,2018-19,G,10.943333333333333,54.71666666666667
Boris Diaw,Bobcats,2010-11,F,33.88170731707317,2778.3
Boris Diaw,Bobcats,2011-12,C,30.602083333333333,244.81666666666666
Boris Diaw,Bobcats,2011-12,F,26.675862068965518,773.6
Boris Diaw,Jazz,2016-17,C,14.633333333333333,14.633333333333333
Boris Diaw,Jazz,2016-17,F,17.611805555555556,1268.05
Boris Diaw,Spurs,2011-12,C,21.508333333333333,86.03333333333333
Boris Diaw,Spurs,2011-12,F,20.01875,320.3
Boris Diaw,Spurs,2012-13,C,22.368939393939396,984.2333333333333
Boris Diaw,Spurs,2012-13,F,23.371505376344086,724.5166666666667
Boris Diaw,Spurs,2013-14,C,25.44382716049383,1373.9666666666667
Boris Diaw,Spurs,2013-14,F,24.006666666666664,600.1666666666666
Boris Diaw,Spurs,2014-15,C,24.78055555555556,1338.15
Boris Diaw,Spurs,2014-15,F,23.93395061728395,646.2166666666667
Boris Diaw,Spurs,2015-16,C,18.46914893617021,868.05
Boris Diaw,Spurs,2015-16,F,17.844252873563217,517.4833333333333
Brad Miller,Rockets,2010-11,C,16.92361111111111,1015.4166666666666
Brad Miller,Timberwolves,2011-12,C,9.722222222222223,145.83333333333334
Brad Wanamaker,Celtics,2018-19,G,9.517129629629629,342.6166666666667
Brad Wanamaker,Celtics,2019-20,G,19.283568075117373,1369.1333333333334
Brad Wanamaker,Hornets,2020-21,G,19.46287878787879,428.18333333333334
Brad Wanamaker,Pacers,2021-22,G,13.29621212121212,292.51666666666665
Brad Wanamaker,Warriors,2020-21,G,16.02948717948718,625.15
Brad Wanamaker,Wizards,2021-22,G,27.1,27.1
Bradley Beal,Suns,2023-24,G,33.33490566037736,1766.75
Bradley Beal,Wizards,2012-13,F,31.07777777777778,93.23333333333333
Bradley Beal,Wizards,2012-13,G,31.15754716981132,1651.35
Bradley Beal,Wizards,2013-14,G,34.65867579908676,2530.0833333333335
Bradley Beal,Wizards,2014-15,F,25.95,25.95
Bradley Beal,Wizards,2014-15,G,33.57311827956989,2081.5333333333333
Bradley Beal,Wizards,2015-16,G,31.05969696969697,1708.2833333333333
Bradley Beal,Wizards,2016-17,G,34.85757575757576,2684.0333333333333
Bradley Beal,Wizards,2017-18,G,36.30121951219512,2976.7
Bradley Beal,Wizards,2018-19,G,36.922357723577235,3027.633333333333
Bradley Beal,Wizards,2019-20,F,33.16481481481482,298.48333333333335
Bradley Beal,Wizards,2019-20,G,36.55486111111111,1754.6333333333332
Bradley Beal,Wizards,2020-21,F,36.955128205128204,480.4166666666667
Bradley Beal,Wizards,2020-21,G,35.4595744680851,1666.6
Bradley Beal,Wizards,2021-22,G,35.97375,1438.95
Bradley Beal,Wizards,2022-23,G,33.45933333333333,1672.9666666666667
Brandan Wright,Celtics,2014-15,F,10.7,85.6
Brandan Wright,Grizzlies,2015-16,C,15.330000000000002,76.65
Brandan Wright,Grizzlies,2015-16,F,19.354761904761904,135.48333333333332
Brandan Wright,Grizzlies,2016-17,C,18.972916666666666,151.78333333333333
Brandan Wright,Grizzlies,2016-17,F,14.754166666666666,295.0833333333333
Brandan Wright,Grizzlies,2017-18,C,15.781666666666666,157.81666666666666
Brandan Wright,Grizzlies,2017-18,F,12.218627450980392,207.71666666666667
Brandan Wright,Mavericks,2011-12,C,16.425925925925927,591.3333333333334
Brandan Wright,Mavericks,2011-12,F,15.393589743589745,200.11666666666667
Brandan Wright,Mavericks,2012-13,C,18.225850340136052,893.0666666666666
Brandan Wright,Mavericks,2012-13,F,17.046666666666667,255.7
Brandan Wright,Mavericks,2013-14,C,18.55719696969697,816.5166666666667
Brandan Wright,Mavericks,2013-14,F,18.635714285714283,260.9
Brandan Wright,Mavericks,2014-15,C,18.656521739130437,429.1
Brandan Wright,Mavericks,2014-15,F,18.966666666666665,75.86666666666666
Brandan Wright,Nets,2010-11,F,11.4875,183.8
Brandan Wright,Rockets,2017-18,F,15.333333333333334,15.333333333333334
Brandan Wright,Suns,2014-15,C,21.450416666666666,858.0166666666667
Brandan Wright,Warriors,2010-11,C,8.770833333333334,70.16666666666667
Brandan Wright,Warriors,2010-11,F,9.594871794871795,124.73333333333333
Brandin Podziemski,Warriors,2023-24,F,30.244444444444444,90.73333333333333
Brandin Podziemski,Warriors,2023-24,G,26.44413145539906,1877.5333333333333
Brandon Bass,Celtics,2011-12,C,29.825,119.3
Brandon Bass,Celtics,2011-12,F,31.79909090909091,1748.95
Brandon Bass,Celtics,2012-13,C,28.826666666666664,144.13333333333333
Brandon Bass,Celtics,2012-13,F,27.56798245614035,2095.1666666666665
Brandon Bass,Celtics,2013-14,F,27.639024390243904,2266.4
Brandon Bass,Celtics,2014-15,C,24.93974358974359,324.21666666666664
Brandon Bass,Celtics,2014-15,F,23.25314009661836,1604.4666666666667
Brandon Bass,Clippers,2016-17,F,11.09326923076923,576.85
Brandon Bass,Lakers,2015-16,F,20.339646464646467,1342.4166666666667
Brandon Bass,Magic,2010-11,C,23.85,23.85
Brandon Bass,Magic,2010-11,F,26.08511111111111,1956.3833333333334
Brandon Boston Jr.,Clippers,2021-22,G,14.906862745098039,760.25
Brandon Boston Jr.,Clippers,2022-23,G,11.288636363636364,248.35
Brandon Boston Jr.,Clippers,2023-24,G,10.786458333333334,345.1666666666667
Brandon Clarke,Grizzlies,2019-20,C,22.925757575757576,252.18333333333334
Brandon Clarke,Grizzlies,2019-20,F,22.29432624113475,1047.8333333333333
Brandon Clarke,Grizzlies,2020-21,C,22.75952380952381,159.31666666666666
Brandon Clarke,Grizzlies,2020-21,F,24.143589743589743,1255.4666666666667
Brandon Clarke,Grizzlies,2021-22,C,19.781578947368423,375.85
Brandon Clarke,Grizzlies,2021-22,F,19.337407407407404,870.1833333333333
Brandon Clarke,Grizzlies,2022-23,C,22.098148148148148,397.76666666666665
Brandon Clarke,Grizzlies,2022-23,F,18.220175438596492,692.3666666666667
Brandon Clarke,Grizzlies,2023-24,C,19.683333333333334,19.683333333333334
Brandon Clarke,Grizzlies,2023-24,F,22.926666666666666,114.63333333333333
Brandon Davies,76ers,2013-14,F,11.275816993464053,575.0666666666667
Brandon Davies,76ers,2014-15,F,18.944166666666668,378.8833333333333
Brandon Davies,Nets,2014-15,F,6.285714285714286,44.0
Brandon Goodwin,Cavaliers,2021-22,G,13.931018518518519,501.51666666666665
Brandon Goodwin,Hawks,2019-20,G,12.661274509803922,430.48333333333335
Brandon Goodwin,Hawks,2020-21,G,13.182269503546099,619.5666666666666
Brandon Goodwin,Nuggets,2018-19,G,3.5656250000000003,57.050000000000004
Brandon Ingram,Lakers,2016-17,F,28.87155172413793,1674.55
Brandon Ingram,Lakers,2016-17,G,28.796031746031748,604.7166666666667
Brandon Ingram,Lakers,2017-18,F,33.61737588652482,1580.0166666666667
Brandon Ingram,Lakers,2017-18,G,32.88055555555555,394.56666666666666
Brandon Ingram,Lakers,2018-19,F,36.197500000000005,723.95
Brandon Ingram,Lakers,2018-19,G,32.3921875,1036.55
Brandon Ingram,Pelicans,2019-20,F,33.92634408602151,2103.4333333333334
Brandon Ingram,Pelicans,2020-21,F,34.3016393442623,2092.4
Brandon Ingram,Pelicans,2021-22,F,33.985454545454544,1869.2
Brandon Ingram,Pelicans,2022-23,F,34.17962962962963,1538.0833333333333
Brandon Ingram,Pelicans,2023-24,F,32.8546875,2102.7
Brandon Jennings,Bucks,2010-11,G,34.42407407407408,2168.7166666666667
Brandon Jennings,Bucks,2011-12,G,35.323232323232325,2331.3333333333335
Brandon Jennings,Bucks,2012-13,G,36.211875,2896.95
Brandon Jennings,Bucks,2017-18,G,14.653571428571428,205.15
Brandon Jennings,Knicks,2016-17,G,24.620114942528737,1427.9666666666667
Brandon Jennings,Magic,2015-16,G,18.070666666666668,451.76666666666665
Brandon Jennings,Pistons,2013-14,G,34.10166666666667,2728.133333333333
Brandon Jennings,Pistons,2014-15,G,28.60528455284553,1172.8166666666666
Brandon Jennings,Pistons,2015-16,G,18.07608695652174,415.75
Brandon Jennings,Wizards,2016-17,G,16.23985507246377,373.51666666666665
Brandon Knight,Bucks,2013-14,G,33.33472222222222,2400.1
Brandon Knight,Bucks,2014-15,G,32.461858974358975,1688.0166666666667
Brandon Knight,Cavaliers,2018-19,G,22.904938271604937,618.4333333333333
Brandon Knight,Cavaliers,2019-20,G,15.083333333333334,241.33333333333334
Brandon Knight,Mavericks,2021-22,G,12.906666666666666,64.53333333333333
Brandon Knight,Pistons,2011-12,G,32.25025252525253,2128.516666666667
Brandon Knight,Pistons,2012-13,G,31.53933333333333,2365.45
Brandon Knight,Pistons,2019-20,G,24.572222222222223,221.15
Brandon Knight,Rockets,2018-19,G,9.843055555555555,118.11666666666666
Brandon Knight,Suns,2014-15,G,31.562121212121212,347.18333333333334
Brandon Knight,Suns,2015-16,G,35.96923076923077,1870.4
Brandon Knight,Suns,2016-17,G,21.1070987654321,1139.7833333333333
Brandon Miller,Hornets,2023-24,F,32.64195402298851,946.6166666666667
Brandon Miller,Hornets,2023-24,G,31.919629629629632,1436.3833333333334
Brandon Paul,Spurs,2017-18,F,8.99765625,575.85
Brandon Roy,Timberwolves,2012-13,G,24.373333333333335,121.86666666666667
Brandon Roy,Trail Blazers,2010-11,G,27.866312056737588,1309.7166666666667
Brandon Rush,Jazz,2013-14,G,10.999561403508773,417.98333333333335
Brandon Rush,Pacers,2010-11,F,19.453333333333333,97.26666666666667
Brandon Rush,Pacers,2010-11,G,26.72016129032258,1656.6499999999999
Brandon Rush,Timberwolves,2016-17,F,17.166666666666668,51.5
Brandon Rush,Timberwolves,2016-17,G,22.236363636363635,978.4
Brandon Rush,Warriors,2011-12,F,26.518579234972677,1617.6333333333332
Brandon Rush,Warriors,2011-12,G,24.9625,99.85
Brandon Rush,Warriors,2012-13,F,12.675,25.35
Brandon Rush,Warriors,2014-15,F,8.214141414141414,271.06666666666666
Brandon Rush,Warriors,2015-16,F,14.563145539906104,1033.9833333333333
Brandon Rush,Warriors,2015-16,G,20.766666666666666,20.766666666666666
Brandon Sampson,Bulls,2018-19,F,21.38888888888889,64.16666666666667
Brandon Sampson,Bulls,2018-19,G,13.648484848484848,150.13333333333333
Brandon Williams,Mavericks,2023-24,G,6.63921568627451,112.86666666666667
Brandon Williams,Trail Blazers,2021-22,G,26.654861111111114,639.7166666666667
Brendan Haywood,Bobcats,2012-13,C,19.050819672131148,1162.1
Brendan Haywood,Cavaliers,2014-15,C,5.41060606060606,119.03333333333333
Brendan Haywood,Mavericks,2010-11,C,18.491435185185182,1331.3833333333332
Brendan Haywood,Mavericks,2011-12,C,21.21944444444444,1145.85
Brian Bowen II,Pacers,2019-20,F,5.177777777777778,31.066666666666666
Brian Bowen II,Pacers,2020-21,F,2.477777777777778,14.866666666666667
Brian Cardinal,Mavericks,2010-11,F,11.035714285714286,618.0
Brian Cardinal,Mavericks,2011-12,F,6.290909090909091,276.8
Brian Roberts,Hornets,2012-13,G,16.971153846153847,1323.75
Brian Roberts,Hornets,2014-15,G,18.471064814814817,1329.9166666666667
Brian Roberts,Hornets,2015-16,G,11.116111111111111,333.48333333333335
Brian Roberts,Hornets,2016-17,G,10.152845528455284,416.26666666666665
Brian Roberts,Pelicans,2013-14,G,23.15,1666.8
Brian Roberts,Trail Blazers,2015-16,G,6.507936507936508,136.66666666666666
Briante Weber,Grizzlies,2015-16,G,27.655555555555555,165.93333333333334
Briante Weber,Grizzlies,2017-18,G,23.75,118.75
Briante Weber,Heat,2015-16,G,2.716666666666667,2.716666666666667
Briante Weber,Hornets,2016-17,G,12.238461538461538,159.1
Briante Weber,Rockets,2017-18,G,9.058974358974359,117.76666666666667
Briante Weber,Warriors,2016-17,G,6.552380952380952,45.86666666666667
Brice Sensabaugh,Jazz,2023-24,F,18.261458333333334,584.3666666666667
Brodric Thomas,Cavaliers,2020-21,F,13.39702380952381,375.1166666666667
Brodric Thomas,Celtics,2021-22,F,4.9875,59.85
Brodric Thomas,Rockets,2020-21,F,6.0375,24.15
Brook Lopez,Bucks,2018-19,C,28.66152263374486,2321.5833333333335
Brook Lopez,Bucks,2019-20,C,26.72083333333333,1817.0166666666667
Brook Lopez,Bucks,2020-21,C,27.16857142857143,1901.8
Brook Lopez,Bucks,2021-22,C,22.95384615384615,298.4
Brook Lopez,Bucks,2022-23,C,30.41645299145299,2372.483333333333
Brook Lopez,Bucks,2023-24,C,30.520464135021097,2411.116666666667
Brook Lopez,Lakers,2017-18,C,23.44617117117117,1735.0166666666667
Brook Lopez,Nets,2010-11,C,35.229471544715445,2888.8166666666666
Brook Lopez,Nets,2011-12,C,27.193333333333335,135.96666666666667
Brook Lopez,Nets,2012-13,C,30.451801801801803,2253.4333333333334
Brook Lopez,Nets,2013-14,C,31.377450980392155,533.4166666666666
Brook Lopez,Nets,2014-15,C,29.171064814814812,2100.3166666666666
Brook Lopez,Nets,2015-16,C,33.65296803652968,2456.6666666666665
Brook Lopez,Nets,2016-17,C,29.628,2222.1
Bruce Brown,Nets,2020-21,C,21.65,21.65
Bruce Brown,Nets,2020-21,F,21.500877192982454,817.0333333333333
Bruce Brown,Nets,2020-21,G,23.55448717948718,612.4166666666666
Bruce Brown,Nets,2021-22,F,24.95245901639344,1522.1
Bruce Brown,Nets,2021-22,G,22.903030303030302,251.93333333333334
Bruce Brown,Nuggets,2022-23,F,27.458333333333332,1263.0833333333333
Bruce Brown,Nuggets,2022-23,G,29.894117647058824,1016.4
Bruce Brown,Pacers,2023-24,F,27.15,27.15
Bruce Brown,Pacers,2023-24,G,29.7953125,953.45
Bruce Brown,Pistons,2018-19,F,18.378070175438598,698.3666666666667
Bruce Brown,Pistons,2018-19,G,20.85925925925926,750.9333333333334
Bruce Brown,Pistons,2019-20,F,25.21,126.05000000000001
Bruce Brown,Pistons,2019-20,G,28.454716981132073,1508.1
Bruce Brown,Raptors,2023-24,F,28.48645833333333,455.7833333333333
Bruce Brown,Raptors,2023-24,G,23.83425925925926,429.01666666666665
Bruno Caboclo,Grizzlies,2018-19,F,23.52107843137255,799.7166666666667
Bruno Caboclo,Grizzlies,2019-20,F,8.725,191.95
Bruno Caboclo,Kings,2017-18,F,9.961666666666668,99.61666666666667
Bruno Caboclo,Raptors,2014-15,F,2.9270833333333335,23.416666666666668
Bruno Caboclo,Raptors,2015-16,F,7.113888888888888,42.68333333333333
Bruno Caboclo,Raptors,2016-17,F,4.477777777777778,40.3
Bruno Caboclo,Raptors,2017-18,F,3.3416666666666663,6.683333333333333
Bruno Caboclo,Rockets,2019-20,F,6.533333333333333,52.266666666666666
Bruno Caboclo,Rockets,2020-21,F,6.072222222222222,36.43333333333333
Bruno Fernando,Celtics,2021-22,F,2.9125,58.25
Bruno Fernando,Hawks,2019-20,C,12.376100628930816,655.9333333333333
Bruno Fernando,Hawks,2019-20,F,18.877777777777776,56.63333333333333
Bruno Fernando,Hawks,2020-21,C,6.846969696969697,225.95
Bruno Fernando,Hawks,2022-23,C,5.604761904761905,39.233333333333334
Bruno Fernando,Hawks,2022-23,F,2.1,2.1
Bruno Fernando,Hawks,2023-24,C,15.162592592592592,682.3166666666666
Bruno Fernando,Rockets,2021-22,C,10.272916666666667,82.18333333333334
Bruno Fernando,Rockets,2021-22,F,6.075,12.15
Bruno Fernando,Rockets,2022-23,C,11.966025641025642,311.1166666666667
Bruno Fernando,Rockets,2022-23,F,10.536666666666667,52.68333333333334
Bryce Dejean-Jones,Pelicans,2015-16,G,19.89761904761905,278.56666666666666
Bryce McGowens,Hornets,2022-23,F,18.26359649122807,694.0166666666667
Bryce McGowens,Hornets,2022-23,G,11.625,93.0
Bryce McGowens,Hornets,2023-24,F,15.547872340425531,730.75
Bryce McGowens,Hornets,2023-24,G,12.569444444444445,150.83333333333334
Bryn Forbes,Bucks,2020-21,G,19.34785714285714,1354.35
Bryn Forbes,Nuggets,2021-22,G,17.43190476190476,610.1166666666667
Bryn Forbes,Spurs,2016-17,G,7.913888888888888,284.9
Bryn Forbes,Spurs,2017-18,G,18.961458333333333,1516.9166666666667
Bryn Forbes,Spurs,2018-19,G,27.958739837398376,2292.616666666667
Bryn Forbes,Spurs,2019-20,F,17.933333333333334,17.933333333333334
Bryn Forbes,Spurs,2019-20,G,25.181989247311826,1561.2833333333333
Bryn Forbes,Spurs,2021-22,G,16.895,675.8
Bryn Forbes,Timberwolves,2022-23,G,10.709333333333333,267.73333333333335
Buddy Hield,76ers,2023-24,F,26.247222222222224,157.48333333333335
Buddy Hield,76ers,2023-24,G,25.641666666666666,666.6833333333333
Buddy Hield,Kings,2016-17,F,18.616666666666667,18.616666666666667
Buddy Hield,Kings,2016-17,G,29.510416666666668,708.25
Buddy Hield,Kings,2017-18,F,25.744444444444444,77.23333333333333
Buddy Hield,Kings,2017-18,G,25.285714285714285,1947.0
Buddy Hield,Kings,2018-19,F,30.622222222222224,91.86666666666667
Buddy Hield,Kings,2018-19,G,31.936708860759495,2523.0
Buddy Hield,Kings,2019-20,F,22.883333333333333,45.766666666666666
Buddy Hield,Kings,2019-20,G,31.005,2170.35
Buddy Hield,Kings,2020-21,F,33.30641025641026,432.98333333333335
Buddy Hield,Kings,2020-21,G,34.4801724137931,1999.85
Buddy Hield,Kings,2021-22,F,22.21666666666667,44.43333333333334
Buddy Hield,Kings,2021-22,G,28.86069182389937,1529.6166666666666
Buddy Hield,Pacers,2021-22,F,37.46805555555556,449.6166666666667
Buddy Hield,Pacers,2021-22,G,33.93928571428571,475.15
Buddy Hield,Pacers,2022-23,F,31.241129032258065,1936.95
Buddy Hield,Pacers,2022-23,G,30.27592592592593,544.9666666666667
Buddy Hield,Pacers,2023-24,F,26.050462962962964,937.8166666666667
Buddy Hield,Pacers,2023-24,G,24.871875,397.95
Buddy Hield,Pelicans,2016-17,G,20.373976608187135,1161.3166666666666
Byron Mullens,76ers,2013-14,F,13.743518518518519,247.38333333333333
Byron Mullens,Bobcats,2011-12,C,25.984444444444442,389.76666666666665
Byron Mullens,Bobcats,2011-12,F,21.51,1075.5
Byron Mullens,Bobcats,2012-13,C,15.283333333333335,30.56666666666667
Byron Mullens,Bobcats,2012-13,F,27.39411764705882,1397.1
Byron Mullens,Clippers,2013-14,F,6.187037037037038,167.05
Byron Mullens,Thunder,2010-11,F,6.546153846153846,85.1
C.J. Watson,Bulls,2010-11,G,13.302032520325204,1090.7666666666667
C.J. Watson,Bulls,2011-12,G,23.662585034013606,1159.4666666666667
C.J. Watson,Magic,2015-16,G,19.86969696969697,655.7
C.J. Watson,Magic,2016-17,G,16.330913978494625,1012.5166666666667
C.J. Watson,Nets,2012-13,G,19.016041666666666,1521.2833333333333
C.J. Watson,Pacers,2013-14,G,18.94153439153439,1193.3166666666666
C.J. Watson,Pacers,2014-15,G,24.946491228070176,1421.95
C.J. Williams,Clippers,2017-18,F,18.204761904761906,509.73333333333335
C.J. Williams,Clippers,2017-18,G,19.678333333333335,196.78333333333333
C.J. Williams,Timberwolves,2018-19,F,8.544444444444446,128.16666666666669
CJ Elleby,Trail Blazers,2020-21,F,6.975641025641026,181.36666666666667
CJ Elleby,Trail Blazers,2020-21,G,2.7541666666666664,11.016666666666666
CJ Elleby,Trail Blazers,2021-22,F,20.16190476190476,1129.0666666666666
CJ Elleby,Trail Blazers,2021-22,G,22.666666666666664,45.33333333333333
CJ McCollum,Pelicans,2021-22,G,33.78333333333333,878.3666666666667
CJ McCollum,Pelicans,2022-23,G,35.32244444444444,2649.1833333333334
CJ McCollum,Pelicans,2023-24,G,32.70505050505051,2158.5333333333333
CJ McCollum,Trail Blazers,2013-14,G,12.519736842105264,475.75
CJ McCollum,Trail Blazers,2014-15,F,31.59166666666667,63.18333333333334
CJ McCollum,Trail Blazers,2014-15,G,15.165555555555557,909.9333333333334
CJ McCollum,Trail Blazers,2015-16,G,34.746875,2779.75
CJ McCollum,Trail Blazers,2016-17,G,34.945625,2795.65
CJ McCollum,Trail Blazers,2017-18,G,36.09526748971194,2923.7166666666667
CJ McCollum,Trail Blazers,2018-19,G,33.93261904761905,2375.2833333333333
CJ McCollum,Trail Blazers,2019-20,G,36.52261904761905,2556.5833333333335
CJ McCollum,Trail Blazers,2020-21,G,34.037943262411346,1599.7833333333333
CJ McCollum,Trail Blazers,2021-22,G,35.18703703703704,1266.7333333333333
CJ Miles,Cavaliers,2012-13,G,20.983333333333334,1363.9166666666667
CJ Miles,Cavaliers,2013-14,F,24.533333333333335,24.533333333333335
CJ Miles,Cavaliers,2013-14,G,19.192333333333334,959.6166666666667
CJ Miles,Celtics,2021-22,G,1.95,1.95
CJ Miles,Grizzlies,2018-19,G,22.643589743589743,294.3666666666667
CJ Miles,Jazz,2010-11,F,25.543840579710146,1175.0166666666667
CJ Miles,Jazz,2010-11,G,24.801041666666666,793.6333333333333
CJ Miles,Jazz,2011-12,F,21.34027777777778,768.25
CJ Miles,Jazz,2011-12,G,18.821666666666665,376.43333333333334
CJ Miles,Pacers,2014-15,F,23.02,345.3
CJ Miles,Pacers,2014-15,G,27.196363636363635,1495.8
CJ Miles,Pacers,2015-16,F,23.328070175438597,886.4666666666667
CJ Miles,Pacers,2015-16,G,22.198076923076922,577.15
CJ Miles,Pacers,2016-17,F,21.581666666666667,215.81666666666666
CJ Miles,Pacers,2016-17,G,23.64419191919192,1560.5166666666667
CJ Miles,Raptors,2017-18,F,19.07843137254902,1297.3333333333333
CJ Miles,Raptors,2017-18,G,19.616666666666667,39.233333333333334
CJ Miles,Raptors,2018-19,F,14.272685185185184,513.8166666666666
CJ Miles,Raptors,2018-19,G,12.104166666666668,48.41666666666667
CJ Miles,Wizards,2019-20,F,16.10333333333333,161.03333333333333
Cade Cunningham,Pistons,2021-22,G,32.626041666666666,2088.0666666666666
Cade Cunningham,Pistons,2022-23,G,33.34861111111111,400.18333333333334
Cade Cunningham,Pistons,2023-24,G,33.45510752688172,2074.2166666666667
Caleb Houstan,Magic,2022-23,F,15.85392156862745,539.0333333333333
Caleb Houstan,Magic,2022-23,G,16.06764705882353,273.15
Caleb Houstan,Magic,2023-24,F,14.014814814814816,504.53333333333336
Caleb Houstan,Magic,2023-24,G,13.513768115942028,310.81666666666666
Caleb Martin,Heat,2021-22,F,22.97005649717514,1355.2333333333333
Caleb Martin,Heat,2021-22,G,16.933333333333334,16.933333333333334
Caleb Martin,Heat,2022-23,F,29.28429951690821,2020.6166666666666
Caleb Martin,Heat,2022-23,G,28.575000000000003,57.150000000000006
Caleb Martin,Heat,2023-24,F,27.285849056603777,1446.15
Caleb Martin,Heat,2023-24,G,28.222727272727273,310.45
Caleb Martin,Hornets,2019-20,F,20.891666666666666,125.35
Caleb Martin,Hornets,2019-20,G,15.950000000000001,191.4
Caleb Martin,Hornets,2020-21,F,13.775,275.5
Caleb Martin,Hornets,2020-21,G,16.454040404040406,542.9833333333333
Caleb Swanigan,Kings,2018-19,F,11.005555555555555,33.016666666666666
Caleb Swanigan,Kings,2019-20,F,3.2547619047619043,22.78333333333333
Caleb Swanigan,Trail Blazers,2017-18,C,6.95,20.85
Caleb Swanigan,Trail Blazers,2017-18,F,7.021527777777778,168.51666666666668
Caleb Swanigan,Trail Blazers,2018-19,C,5.0,5.0
Caleb Swanigan,Trail Blazers,2018-19,F,8.237254901960783,140.03333333333333
Caleb Swanigan,Trail Blazers,2019-20,C,28.25,28.25
Caleb Swanigan,Trail Blazers,2019-20,F,12.47456140350877,237.01666666666665
Cam Reddish,Hawks,2019-20,F,28.519607843137255,969.6666666666666
Cam Reddish,Hawks,2019-20,G,24.212500000000002,581.1
Cam Reddish,Hawks,2020-21,F,29.715625,475.45
Cam Reddish,Hawks,2020-21,G,27.49,274.9
Cam Reddish,Hawks,2021-22,F,23.539166666666667,470.7833333333333
Cam Reddish,Hawks,2021-22,G,23.282142857142855,325.95
Cam Reddish,Knicks,2021-22,F,16.516666666666666,16.516666666666666
Cam Reddish,Knicks,2021-22,G,14.21547619047619,199.01666666666665
Cam Reddish,Knicks,2022-23,G,21.898333333333333,437.96666666666664
Cam Reddish,Lakers,2023-24,F,20.536879432624115,965.2333333333333
Cam Reddish,Lakers,2023-24,G,18.816666666666666,18.816666666666666
Cam Reddish,Trail Blazers,2022-23,F,24.279166666666665,194.23333333333332
Cam Reddish,Trail Blazers,2022-23,G,29.78611111111111,357.43333333333334
Cam Thomas,Nets,2021-22,F,20.197619047619046,282.76666666666665
Cam Thomas,Nets,2021-22,G,16.85440251572327,893.2833333333333
Cam Thomas,Nets,2022-23,F,25.179166666666667,201.43333333333334
Cam Thomas,Nets,2022-23,G,15.22687074829932,746.1166666666667
Cam Thomas,Nets,2023-24,F,29.633333333333333,237.06666666666666
Cam Thomas,Nets,2023-24,G,31.686206896551724,1837.8
Cam Whitmore,Rockets,2023-24,F,18.858333333333334,37.71666666666667
Cam Whitmore,Rockets,2023-24,G,18.725555555555555,842.65
Cameron Bairstow,Bulls,2014-15,C,3.5296296296296297,63.53333333333333
Cameron Bairstow,Bulls,2015-16,C,5.43921568627451,92.46666666666667
Cameron Bairstow,Bulls,2015-16,F,10.133333333333333,10.133333333333333
Cameron Johnson,Nets,2022-23,F,30.814666666666668,770.3666666666667
Cameron Johnson,Nets,2023-24,F,27.569540229885057,1599.0333333333333
Cameron Johnson,Suns,2019-20,F,22.02514619883041,1255.4333333333334
Cameron Johnson,Suns,2020-21,F,23.9575,1437.45
Cameron Johnson,Suns,2021-22,F,26.01317204301075,1612.8166666666666
Cameron Johnson,Suns,2021-22,G,29.291666666666668,117.16666666666667
Cameron Johnson,Suns,2022-23,F,25.261764705882353,429.45
Cameron Payne,76ers,2023-24,G,19.431720430107525,602.3833333333333
Cameron Payne,Bucks,2023-24,G,14.930141843971631,701.7166666666667
Cameron Payne,Bulls,2016-17,G,12.877272727272727,141.65
Cameron Payne,Bulls,2017-18,G,23.260666666666665,581.5166666666667
Cameron Payne,Bulls,2018-19,G,17.296236559139786,536.1833333333334
Cameron Payne,Cavaliers,2018-19,G,19.561111111111114,176.05
Cameron Payne,Suns,2019-20,G,22.895833333333332,183.16666666666666
Cameron Payne,Suns,2020-21,G,17.990833333333335,1079.45
Cameron Payne,Suns,2021-22,G,22.028160919540227,1277.6333333333332
Cameron Payne,Suns,2022-23,G,20.173263888888886,968.3166666666666
Cameron Payne,Thunder,2015-16,G,12.239181286549707,697.6333333333333
Cameron Payne,Thunder,2016-17,G,16.020833333333336,320.4166666666667
Caris LeVert,Cavaliers,2021-22,F,30.63452380952381,428.8833333333333
Caris LeVert,Cavaliers,2021-22,G,27.6,138.0
Caris LeVert,Cavaliers,2022-23,F,30.772,769.3
Caris LeVert,Cavaliers,2022-23,G,29.960544217687072,1468.0666666666666
Caris LeVert,Cavaliers,2023-24,F,26.894444444444442,564.7833333333333
Caris LeVert,Cavaliers,2023-24,G,29.644326241134753,1393.2833333333333
Caris LeVert,Nets,2016-17,F,23.46,938.4
Caris LeVert,Nets,2016-17,G,17.557843137254903,298.48333333333335
Caris LeVert,Nets,2017-18,F,25.619565217391305,589.25
Caris LeVert,Nets,2017-18,G,26.551041666666666,1274.45
Caris LeVert,Nets,2018-19,F,23.147222222222222,138.88333333333333
Caris LeVert,Nets,2018-19,G,27.176960784313724,924.0166666666667
Caris LeVert,Nets,2019-20,F,21.59047619047619,151.13333333333333
Caris LeVert,Nets,2019-20,G,31.019298245614035,1178.7333333333333
Caris LeVert,Nets,2020-21,F,23.625,47.25
Caris LeVert,Nets,2020-21,G,28.64166666666667,286.4166666666667
Caris LeVert,Pacers,2020-21,F,31.416666666666668,31.416666666666668
Caris LeVert,Pacers,2020-21,G,32.9485294117647,1120.25
Caris LeVert,Pacers,2021-22,F,27.32,136.6
Caris LeVert,Pacers,2021-22,G,31.673529411764708,1076.9
Carl Landry,76ers,2015-16,C,16.43174603174603,345.06666666666666
Carl Landry,76ers,2015-16,F,14.954444444444444,224.31666666666666
Carl Landry,Hornets,2010-11,F,26.169565217391302,601.9
Carl Landry,Hornets,2011-12,F,24.35528455284553,998.5666666666666
Carl Landry,Kings,2010-11,C,24.53333333333333,73.6
Carl Landry,Kings,2010-11,F,26.649,1332.45
Carl Landry,Kings,2013-14,F,12.942592592592593,232.96666666666667
Carl Landry,Kings,2014-15,C,9.549999999999999,28.65
Carl Landry,Kings,2014-15,F,17.3592039800995,1163.0666666666666
Carl Landry,Warriors,2012-13,F,23.15679012345679,1875.7
Carlos Arroyo,Celtics,2010-11,G,12.662222222222223,189.93333333333334
Carlos Arroyo,Heat,2010-11,G,20.30238095238095,994.8166666666666
Carlos Boozer,Bulls,2010-11,F,31.895197740112994,1881.8166666666666
Carlos Boozer,Bulls,2011-12,F,29.5219696969697,1948.45
Carlos Boozer,Bulls,2012-13,C,38.93333333333333,116.8
Carlos Boozer,Bulls,2012-13,F,31.96644736842105,2429.45
Carlos Boozer,Bulls,2013-14,F,28.173026315789475,2141.15
Carlos Boozer,Lakers,2014-15,F,23.82699530516432,1691.7166666666667
Carlos Delfino,Bucks,2010-11,F,32.28739837398374,1323.7833333333333
Carlos Delfino,Bucks,2010-11,G,33.33541666666667,266.68333333333334
Carlos Delfino,Bucks,2011-12,F,27.708571428571428,969.8
Carlos Delfino,Bucks,2011-12,G,29.87543859649123,567.6333333333333
Carlos Delfino,Rockets,2012-13,F,25.13176100628931,1331.9833333333333
Carlos Delfino,Rockets,2012-13,G,25.520238095238096,357.28333333333336
Carmelo Anthony,Knicks,2010-11,F,36.18333333333334,976.95
Carmelo Anthony,Knicks,2011-12,F,34.11212121212122,1876.1666666666667
Carmelo Anthony,Knicks,2012-13,F,37.04228855721393,2481.8333333333335
Carmelo Anthony,Knicks,2013-14,F,38.724458874458875,2981.7833333333333
Carmelo Anthony,Knicks,2014-15,F,35.69083333333334,1427.6333333333334
Carmelo Anthony,Knicks,2015-16,F,35.13587962962963,2529.7833333333333
Carmelo Anthony,Knicks,2016-17,F,34.29842342342342,2538.0833333333335
Carmelo Anthony,Lakers,2021-22,F,25.98888888888889,1793.2333333333333
Carmelo Anthony,Nuggets,2010-11,F,35.486999999999995,1774.35
Carmelo Anthony,Rockets,2018-19,F,29.415,294.15
Carmelo Anthony,Thunder,2017-18,F,32.06602564102564,2501.15
Carmelo Anthony,Trail Blazers,2019-20,F,32.793965517241375,1902.05
Carmelo Anthony,Trail Blazers,2020-21,F,24.494927536231884,1690.15
Caron Butler,Bucks,2013-14,F,24.150000000000002,821.1
Caron Butler,Clippers,2011-12,F,29.694444444444443,1870.75
Caron Butler,Clippers,2012-13,F,24.094871794871796,1879.4
Caron Butler,Kings,2015-16,F,10.333333333333332,175.66666666666666
Caron Butler,Mavericks,2010-11,F,29.902298850574713,867.1666666666666
Caron Butler,Pistons,2014-15,F,20.81346153846154,1623.45
Caron Butler,Thunder,2013-14,F,27.17954545454546,597.95
Carsen Edwards,Celtics,2019-20,G,9.474324324324325,350.55
Carsen Edwards,Celtics,2020-21,G,8.889784946236558,275.5833333333333
Carsen Edwards,Pistons,2021-22,G,19.791666666666668,79.16666666666667
Cartier Martin,Bulls,2013-14,G,7.947222222222223,47.68333333333334
Cartier Martin,Hawks,2013-14,F,15.065040650406504,617.6666666666666
Cartier Martin,Hawks,2013-14,G,17.038888888888888,204.46666666666667
Cartier Martin,Pistons,2014-15,G,8.617391304347825,198.2
Cartier Martin,Wizards,2010-11,F,10.37888888888889,155.68333333333334
Cartier Martin,Wizards,2010-11,G,10.445495495495496,386.48333333333335
Cartier Martin,Wizards,2011-12,F,26.066666666666666,26.066666666666666
Cartier Martin,Wizards,2011-12,G,22.83020833333333,365.2833333333333
Cartier Martin,Wizards,2012-13,F,18.019444444444442,216.23333333333332
Cartier Martin,Wizards,2012-13,G,16.47183908045977,477.68333333333334
Cason Wallace,Thunder,2023-24,F,20.41494252873563,1184.0666666666666
Cason Wallace,Thunder,2023-24,G,21.159722222222225,507.83333333333337
Cassius Stanley,Pacers,2020-21,G,3.888888888888889,93.33333333333333
Cassius Stanley,Pistons,2021-22,G,17.22222222222222,155.0
Cedi Osman,Cavaliers,2017-18,F,10.483939393939394,576.6166666666667
Cedi Osman,Cavaliers,2017-18,G,15.980555555555554,95.88333333333333
Cedi Osman,Cavaliers,2018-19,F,32.156798245614034,2443.9166666666665
Cedi Osman,Cavaliers,2019-20,F,29.390769230769234,1910.4
Cedi Osman,Cavaliers,2020-21,F,25.381321839080464,1472.1166666666668
Cedi Osman,Cavaliers,2020-21,G,38.45,38.45
Cedi Osman,Cavaliers,2021-22,F,21.86774193548387,1355.8
Cedi Osman,Cavaliers,2021-22,G,26.4875,105.95
Cedi Osman,Cavaliers,2022-23,F,20.009761904761906,1400.6833333333334
Cedi Osman,Cavaliers,2022-23,G,21.08809523809524,147.61666666666667
Cedi Osman,Spurs,2023-24,F,17.62175925925926,1268.7666666666667
Chandler Hutchison,Bulls,2018-19,F,20.33219696969697,894.6166666666667
Chandler Hutchison,Bulls,2019-20,F,18.814285714285713,526.8
Chandler Hutchison,Bulls,2020-21,F,9.083333333333332,63.58333333333333
Chandler Hutchison,Suns,2021-22,F,3.730555555555556,22.383333333333336
Chandler Hutchison,Wizards,2020-21,F,13.804166666666667,165.65
Chandler Hutchison,Wizards,2020-21,G,19.425,116.55
Chandler Parsons,Grizzlies,2016-17,F,19.84313725490196,674.6666666666666
Chandler Parsons,Grizzlies,2017-18,F,19.205555555555556,691.4
Chandler Parsons,Grizzlies,2018-19,F,19.830666666666666,495.76666666666665
Chandler Parsons,Hawks,2019-20,F,10.843333333333332,54.21666666666666
Chandler Parsons,Mavericks,2014-15,F,33.124242424242425,2186.2
Chandler Parsons,Mavericks,2015-16,F,29.498087431693985,1799.3833333333332
Chandler Parsons,Rockets,2011-12,F,28.641269841269843,1804.4
Chandler Parsons,Rockets,2012-13,F,36.29495614035088,2758.4166666666665
Chandler Parsons,Rockets,2013-14,F,37.60292792792793,2782.616666666667
Channing Frye,Cavaliers,2015-16,C,18.916666666666668,18.916666666666668
Channing Frye,Cavaliers,2015-16,F,17.074,426.85
Channing Frye,Cavaliers,2016-17,C,17.507291666666667,280.1166666666667
Channing Frye,Cavaliers,2016-17,F,19.271551724137932,1117.75
Channing Frye,Cavaliers,2017-18,C,10.318518518518518,92.86666666666666
Channing Frye,Cavaliers,2017-18,F,12.904761904761905,451.6666666666667
Channing Frye,Cavaliers,2018-19,C,9.316666666666666,111.8
Channing Frye,Cavaliers,2018-19,F,9.549999999999999,229.2
Channing Frye,Lakers,2017-18,C,16.703703703703706,150.33333333333334
Channing Frye,Magic,2014-15,C,6.183333333333334,6.183333333333334
Channing Frye,Magic,2014-15,F,25.18243243243243,1863.5
Channing Frye,Magic,2015-16,F,17.12840909090909,753.65
Channing Frye,Suns,2010-11,C,33.449999999999996,401.4
Channing Frye,Suns,2010-11,F,32.91974358974359,2139.7833333333333
Channing Frye,Suns,2011-12,C,22.133333333333333,22.133333333333333
Channing Frye,Suns,2011-12,F,26.147619047619045,1647.3
Channing Frye,Suns,2013-14,C,19.783333333333335,19.783333333333335
Channing Frye,Suns,2013-14,F,28.30267489711934,2292.5166666666664
Charles Bassey,76ers,2021-22,C,7.298550724637681,167.86666666666667
Charles Bassey,Spurs,2022-23,C,14.51095238095238,507.8833333333333
Charles Bassey,Spurs,2023-24,C,10.80438596491228,205.28333333333333
Charles Jenkins,76ers,2012-13,G,12.505555555555555,150.06666666666666
Charles Jenkins,Warriors,2011-12,G,17.508496732026142,892.9333333333333
Charles Jenkins,Warriors,2012-13,G,6.189716312056738,290.9166666666667
Charlie Brown Jr.,76ers,2021-22,F,7.778703703703704,140.01666666666668
Charlie Brown Jr.,76ers,2021-22,G,22.35,22.35
Charlie Brown Jr.,Hawks,2019-20,G,4.046666666666667,40.46666666666667
Charlie Brown Jr.,Knicks,2023-24,G,4.660416666666666,37.28333333333333
Charlie Brown Jr.,Mavericks,2021-22,G,5.122222222222223,15.366666666666667
Charlie Brown Jr.,Thunder,2020-21,G,16.87037037037037,151.83333333333334
Charlie Villanueva,Mavericks,2014-15,F,10.595833333333333,678.1333333333333
Charlie Villanueva,Mavericks,2015-16,F,10.726881720430109,665.0666666666667
Charlie Villanueva,Pistons,2010-11,F,21.917324561403507,1665.7166666666667
Charlie Villanueva,Pistons,2011-12,F,13.816666666666666,179.61666666666667
Charlie Villanueva,Pistons,2012-13,F,15.824396135265703,1091.8833333333334
Charlie Villanueva,Pistons,2013-14,F,8.983333333333333,179.66666666666666
Chase Budinger,Pacers,2015-16,F,14.914814814814815,402.7
Chase Budinger,Pacers,2015-16,G,14.846969696969696,326.6333333333333
Chase Budinger,Rockets,2010-11,F,22.275641025641026,1737.5
Chase Budinger,Rockets,2011-12,F,22.383333333333333,1298.2333333333333
Chase Budinger,Suns,2015-16,G,11.78921568627451,200.41666666666666
Chase Budinger,Timberwolves,2012-13,F,17.6,17.6
Chase Budinger,Timberwolves,2012-13,G,22.27348484848485,490.01666666666665
Chase Budinger,Timberwolves,2013-14,F,18.544444444444444,55.63333333333333
Chase Budinger,Timberwolves,2013-14,G,18.29342105263158,695.15
Chase Budinger,Timberwolves,2014-15,F,24.46,244.6
Chase Budinger,Timberwolves,2014-15,G,18.26812865497076,1041.2833333333333
Chasson Randle,76ers,2016-17,G,9.233333333333334,73.86666666666667
Chasson Randle,Knicks,2016-17,G,12.50925925925926,225.16666666666666
Chasson Randle,Magic,2020-21,G,20.415447154471543,837.0333333333333
Chasson Randle,Warriors,2019-20,G,13.466666666666667,40.4
Chasson Randle,Wizards,2018-19,G,15.161904761904763,742.9333333333334
Chauncey Billups,Clippers,2011-12,G,30.330833333333334,606.6166666666667
Chauncey Billups,Clippers,2012-13,G,19.013636363636365,418.3
Chauncey Billups,Knicks,2010-11,G,31.616666666666667,663.95
Chauncey Billups,Nuggets,2010-11,G,32.27875816993464,1646.2166666666667
Chauncey Billups,Pistons,2013-14,G,16.287719298245612,309.46666666666664
Chaundee Brown,Hawks,2021-22,F,27.694444444444443,83.08333333333333
Chaundee Brown,Lakers,2021-22,F,10.291666666666666,20.583333333333332
Cheick Diallo,Pelicans,2016-17,F,11.685294117647059,198.65
Cheick Diallo,Pelicans,2017-18,F,11.171474358974358,580.9166666666666
Cheick Diallo,Pelicans,2018-19,F,13.99453125,895.65
Cheick Diallo,Pistons,2021-22,F,10.21111111111111,30.633333333333333
Cheick Diallo,Suns,2019-20,C,10.588172043010752,328.23333333333335
Cheick Diallo,Suns,2019-20,F,9.394791666666666,150.31666666666666
Chet Holmgren,Thunder,2023-24,C,29.424999999999997,2412.85
Chimezie Metu,Kings,2020-21,C,8.575,34.3
Chimezie Metu,Kings,2020-21,F,14.180208333333333,453.76666666666665
Chimezie Metu,Kings,2021-22,C,21.65909090909091,238.25
Chimezie Metu,Kings,2021-22,F,21.234353741496598,1040.4833333333333
Chimezie Metu,Kings,2022-23,C,12.223333333333333,61.11666666666667
Chimezie Metu,Kings,2022-23,F,10.29398907103825,627.9333333333333
Chimezie Metu,Pistons,2023-24,F,29.38452380952381,411.3833333333333
Chimezie Metu,Spurs,2018-19,F,5.014942528735633,145.43333333333334
Chimezie Metu,Spurs,2019-20,F,5.849074074074074,105.28333333333333
Chimezie Metu,Suns,2023-24,F,12.095045045045044,447.51666666666665
Chinanu Onuaku,Rockets,2016-17,C,10.32,51.6
Chinanu Onuaku,Rockets,2017-18,C,21.566666666666666,21.566666666666666
Chris Andersen,Cavaliers,2016-17,C,9.483333333333334,113.80000000000001
Chris Andersen,Grizzlies,2015-16,C,18.322499999999998,366.45
Chris Andersen,Heat,2012-13,C,14.254385964912279,270.8333333333333
Chris Andersen,Heat,2012-13,F,15.37536231884058,353.6333333333333
Chris Andersen,Heat,2013-14,C,19.18448275862069,556.35
Chris Andersen,Heat,2013-14,F,19.527906976744188,839.7
Chris Andersen,Heat,2014-15,C,18.840196078431376,640.5666666666667
Chris Andersen,Heat,2014-15,F,18.88974358974359,491.1333333333333
Chris Andersen,Heat,2015-16,C,6.126666666666667,30.633333333333333
Chris Andersen,Heat,2015-16,F,2.725,5.45
Chris Andersen,Nuggets,2010-11,C,16.274444444444445,732.35
Chris Andersen,Nuggets,2011-12,C,15.196875,486.3
Chris Bosh,Heat,2010-11,F,36.295887445887445,2794.7833333333333
Chris Bosh,Heat,2011-12,C,35.05,70.1
Chris Bosh,Heat,2011-12,F,35.21575757575758,1936.8666666666668
Chris Bosh,Heat,2012-13,C,33.16666666666667,2454.3333333333335
Chris Bosh,Heat,2013-14,C,31.984741784037556,2270.9166666666665
Chris Bosh,Heat,2013-14,F,32.55625,260.45
Chris Bosh,Heat,2014-15,C,35.33989898989899,1166.2166666666667
Chris Bosh,Heat,2014-15,F,35.43484848484848,389.7833333333333
Chris Bosh,Heat,2015-16,C,34.58333333333333,69.16666666666666
Chris Bosh,Heat,2015-16,F,33.505228758169935,1708.7666666666667
Chris Boucher,Raptors,2018-19,C,5.871333333333333,146.78333333333333
Chris Boucher,Raptors,2018-19,F,5.461111111111111,16.383333333333333
Chris Boucher,Raptors,2019-20,C,13.186601307189543,672.5166666666667
Chris Boucher,Raptors,2019-20,F,13.281818181818181,146.1
Chris Boucher,Raptors,2020-21,C,24.07326388888889,1155.5166666666667
Chris Boucher,Raptors,2020-21,F,24.76527777777778,297.18333333333334
Chris Boucher,Raptors,2021-22,C,21.700793650793653,1367.15
Chris Boucher,Raptors,2021-22,F,19.0,323.0
Chris Boucher,Raptors,2022-23,C,19.716666666666665,1183.0
Chris Boucher,Raptors,2022-23,F,21.280208333333334,340.48333333333335
Chris Boucher,Raptors,2023-24,C,13.714634146341462,562.3
Chris Boucher,Raptors,2023-24,F,15.84259259259259,142.58333333333331
Chris Boucher,Warriors,2017-18,C,1.3166666666666667,1.3166666666666667
Chris Chiozza,Nets,2019-20,G,15.466666666666665,278.4
Chris Chiozza,Nets,2020-21,G,10.561363636363636,232.35
Chris Chiozza,Rockets,2018-19,G,4.647619047619047,32.53333333333333
Chris Chiozza,Warriors,2021-22,G,10.937745098039215,371.8833333333333
Chris Chiozza,Wizards,2019-20,G,12.256666666666666,122.56666666666666
Chris Copeland,Bucks,2015-16,F,6.496527777777778,155.91666666666666
Chris Copeland,Knicks,2012-13,C,22.814583333333335,182.51666666666668
Chris Copeland,Knicks,2012-13,F,14.147916666666667,679.1
Chris Copeland,Pacers,2013-14,F,6.508750000000001,260.35
Chris Copeland,Pacers,2013-14,G,4.25,4.25
Chris Copeland,Pacers,2014-15,F,16.664184397163122,783.2166666666667
Chris Copeland,Pacers,2014-15,G,14.77222222222222,44.31666666666666
Chris Douglas-Roberts,Bobcats,2013-14,F,21.303846153846152,553.9
Chris Douglas-Roberts,Bobcats,2013-14,G,20.071014492753623,461.6333333333333
Chris Douglas-Roberts,Bucks,2010-11,F,20.25576923076923,526.65
Chris Douglas-Roberts,Bucks,2010-11,G,19.857407407407408,357.43333333333334
Chris Douglas-Roberts,Clippers,2014-15,G,8.545833333333333,102.55
Chris Douglas-Roberts,Mavericks,2012-13,G,10.516666666666667,63.1
Chris Duarte,Kings,2023-24,F,12.55,112.95
Chris Duarte,Kings,2023-24,G,12.132333333333333,606.6166666666667
Chris Duarte,Pacers,2021-22,F,26.697619047619046,373.76666666666665
Chris Duarte,Pacers,2021-22,G,28.465853658536584,1167.1
Chris Duarte,Pacers,2022-23,F,22.496153846153845,292.45
Chris Duarte,Pacers,2022-23,G,18.326262626262626,604.7666666666667
Chris Duhon,Lakers,2012-13,G,17.826811594202898,820.0333333333333
Chris Duhon,Magic,2010-11,G,15.176143790849673,773.9833333333333
Chris Duhon,Magic,2011-12,G,19.46058201058201,1226.0166666666667
Chris Johnson,76ers,2014-15,F,22.544444444444448,135.26666666666668
Chris Johnson,76ers,2014-15,G,17.355555555555558,52.06666666666667
Chris Johnson,Bucks,2014-15,G,16.016666666666666,128.13333333333333
Chris Johnson,Celtics,2010-11,G,8.104166666666668,32.41666666666667
Chris Johnson,Celtics,2013-14,G,19.729166666666664,789.1666666666666
Chris Johnson,Grizzlies,2012-13,G,12.760416666666666,102.08333333333333
Chris Johnson,Hornets,2011-12,G,11.773809523809524,82.41666666666667
Chris Johnson,Jazz,2014-15,F,20.71333333333333,103.56666666666666
Chris Johnson,Jazz,2014-15,G,15.388095238095238,107.71666666666667
Chris Johnson,Jazz,2015-16,F,11.663257575757575,513.1833333333333
Chris Johnson,Jazz,2015-16,G,13.219871794871796,343.7166666666667
Chris Johnson,Timberwolves,2012-13,G,9.473888888888888,284.21666666666664
Chris Johnson,Trail Blazers,2010-11,F,10.646666666666667,106.46666666666667
Chris Johnson,Trail Blazers,2011-12,F,4.6525,93.05
Chris Kaman,Clippers,2010-11,C,26.1734375,837.55
Chris Kaman,Hornets,2011-12,C,30.411842105263162,1155.65
Chris Kaman,Hornets,2011-12,F,24.035185185185185,216.31666666666666
Chris Kaman,Lakers,2013-14,C,18.87136752136752,735.9833333333333
Chris Kaman,Mavericks,2012-13,C,20.651262626262625,1362.9833333333333
Chris Kaman,Trail Blazers,2014-15,C,18.89436936936937,1398.1833333333334
Chris Kaman,Trail Blazers,2015-16,C,6.985416666666667,111.76666666666667
Chris McCullough,Nets,2015-16,F,15.1,362.4
Chris McCullough,Nets,2016-17,F,5.160714285714286,72.25
Chris McCullough,Wizards,2016-17,F,4.1,8.2
Chris McCullough,Wizards,2017-18,F,4.724561403508772,89.76666666666667
Chris Paul,Clippers,2011-12,G,36.341944444444444,2180.5166666666664
Chris Paul,Clippers,2012-13,G,33.355714285714285,2334.9
Chris Paul,Clippers,2013-14,G,35.01720430107527,2171.0666666666666
Chris Paul,Clippers,2014-15,G,34.84512195121951,2857.3
Chris Paul,Clippers,2015-16,G,32.70675675675676,2420.3
Chris Paul,Clippers,2016-17,G,31.48879781420765,1920.8166666666666
Chris Paul,Hornets,2010-11,G,35.99604166666667,2879.6833333333334
Chris Paul,Rockets,2017-18,G,31.837356321839078,1846.5666666666666
Chris Paul,Rockets,2018-19,G,32.01379310344827,1856.8
Chris Paul,Suns,2020-21,G,31.421904761904763,2199.5333333333333
Chris Paul,Suns,2021-22,G,32.90692307692307,2138.95
Chris Paul,Suns,2022-23,G,32.010451977401125,1888.6166666666666
Chris Paul,Thunder,2019-20,G,31.540714285714284,2207.85
Chris Paul,Warriors,2023-24,G,26.394540229885056,1530.8833333333332
Chris Singleton,Wizards,2011-12,F,21.67828282828283,1430.7666666666667
Chris Singleton,Wizards,2012-13,F,16.209941520467837,923.9666666666667
Chris Singleton,Wizards,2013-14,F,9.998666666666667,249.96666666666667
Chris Wilcox,Celtics,2011-12,C,15.375833333333333,307.51666666666665
Chris Wilcox,Celtics,2011-12,F,21.71666666666667,173.73333333333335
Chris Wilcox,Celtics,2012-13,C,14.096747967479676,577.9666666666667
Chris Wilcox,Celtics,2012-13,F,12.579166666666667,251.58333333333334
Chris Wilcox,Pistons,2010-11,C,16.072916666666668,385.75
Chris Wilcox,Pistons,2010-11,F,18.453535353535354,608.9666666666667
Chris Wright,Bucks,2013-14,F,15.689583333333333,125.51666666666667
Chris Wright,Mavericks,2012-13,F,1.4555555555555555,4.366666666666666
Chris Wright,Warriors,2011-12,F,7.743055555555556,185.83333333333334
Christian Braun,Nuggets,2022-23,F,14.607936507936508,613.5333333333333
Christian Braun,Nuggets,2022-23,G,16.695098039215686,567.6333333333333
Christian Braun,Nuggets,2023-24,F,21.026041666666668,1009.25
Christian Braun,Nuggets,2023-24,G,19.00980392156863,646.3333333333334
Christian Eyenga,Cavaliers,2010-11,F,21.520454545454545,946.9
Christian Eyenga,Cavaliers,2011-12,F,13.880555555555555,83.28333333333333
Christian Eyenga,Lakers,2011-12,F,19.233333333333334,19.233333333333334
Christian Koloko,Raptors,2022-23,C,13.824425287356323,801.8166666666667
Christian Wood,76ers,2015-16,F,8.516666666666666,144.78333333333333
Christian Wood,Bucks,2018-19,C,4.733333333333333,61.53333333333333
Christian Wood,Hornets,2016-17,F,8.22820512820513,106.96666666666667
Christian Wood,Lakers,2023-24,C,17.438666666666666,871.9333333333333
Christian Wood,Mavericks,2022-23,C,25.167777777777776,1132.55
Christian Wood,Mavericks,2022-23,F,27.536363636363635,605.8
Christian Wood,Pelicans,2018-19,C,17.95,71.8
Christian Wood,Pelicans,2018-19,F,29.241666666666667,116.96666666666667
Christian Wood,Pistons,2019-20,C,27.0,27.0
Christian Wood,Pistons,2019-20,F,21.273497267759563,1297.6833333333334
Christian Wood,Rockets,2020-21,C,32.33861788617887,1325.8833333333334
Christian Wood,Rockets,2021-22,C,29.7822695035461,1399.7666666666667
Christian Wood,Rockets,2021-22,F,33.04206349206349,693.8833333333333
Chuck Hayes,Kings,2011-12,C,18.68840579710145,429.8333333333333
Chuck Hayes,Kings,2011-12,F,19.66559139784946,609.6333333333333
Chuck Hayes,Kings,2012-13,C,16.080851063829787,755.8
Chuck Hayes,Kings,2012-13,F,16.77962962962963,453.05
Chuck Hayes,Kings,2013-14,C,10.727777777777778,96.55
Chuck Hayes,Kings,2013-14,F,11.757142857142856,82.3
Chuck Hayes,Raptors,2013-14,F,12.766666666666667,574.5
Chuck Hayes,Raptors,2014-15,F,8.805172413793104,255.35
Chuck Hayes,Rockets,2010-11,C,28.030136986301372,2046.2
Chuck Hayes,Rockets,2010-11,F,33.016666666666666,33.016666666666666
Chuck Hayes,Rockets,2015-16,C,11.916666666666668,23.833333333333336
Chuma Okeke,Magic,2020-21,F,25.156060606060603,1106.8666666666666
Chuma Okeke,Magic,2020-21,G,25.7,25.7
Chuma Okeke,Magic,2021-22,F,25.051129943502826,1478.0166666666667
Chuma Okeke,Magic,2021-22,G,24.61818181818182,270.8
Chuma Okeke,Magic,2022-23,F,19.998666666666665,499.96666666666664
Chuma Okeke,Magic,2022-23,G,9.016666666666666,18.03333333333333
Chuma Okeke,Magic,2023-24,F,6.415277777777778,230.95
Chuma Okeke,Magic,2023-24,G,18.254545454545454,200.8
Cleanthony Early,Knicks,2014-15,F,15.661904761904761,548.1666666666666
Cleanthony Early,Knicks,2014-15,G,24.725,98.9
Cleanthony Early,Knicks,2015-16,F,9.048039215686273,153.81666666666666
Clint Capela,Hawks,2020-21,C,30.133862433862436,1898.4333333333334
Clint Capela,Hawks,2021-22,C,27.58828828828829,2041.5333333333333
Clint Capela,Hawks,2022-23,C,26.616666666666667,1730.0833333333333
Clint Capela,Hawks,2023-24,C,25.795890410958904,1883.1
Clint Capela,Rockets,2014-15,C,8.726666666666667,87.26666666666667
Clint Capela,Rockets,2014-15,F,1.1916666666666667,2.3833333333333333
Clint Capela,Rockets,2015-16,C,17.19263565891473,739.2833333333333
Clint Capela,Rockets,2015-16,F,21.515196078431373,731.5166666666667
Clint Capela,Rockets,2016-17,C,23.866666666666667,1551.3333333333333
Clint Capela,Rockets,2017-18,C,27.488063063063063,2034.1166666666666
Clint Capela,Rockets,2018-19,C,33.56318407960199,2248.733333333333
Clint Capela,Rockets,2019-20,C,32.8025641025641,1279.3
Coby White,Bulls,2019-20,G,25.753846153846155,1674.0
Coby White,Bulls,2020-21,G,31.243961352657006,2155.8333333333335
Coby White,Bulls,2021-22,G,27.458196721311477,1674.95
Coby White,Bulls,2022-23,G,23.382207207207205,1730.2833333333333
Coby White,Bulls,2023-24,G,36.47320675105485,2881.383333333333
Cody Martin,Hornets,2019-20,F,20.442105263157895,388.4
Cody Martin,Hornets,2019-20,G,17.73448275862069,514.3
Cody Martin,Hornets,2020-21,F,17.36551724137931,503.6
Cody Martin,Hornets,2020-21,G,15.028260869565216,345.65
Cody Martin,Hornets,2021-22,F,25.97283950617284,701.2666666666667
Cody Martin,Hornets,2021-22,G,26.4625,1164.35
Cody Martin,Hornets,2022-23,F,11.291666666666666,22.583333333333332
Cody Martin,Hornets,2022-23,G,22.226666666666667,111.13333333333333
Cody Martin,Hornets,2023-24,F,25.99666666666667,259.9666666666667
Cody Martin,Hornets,2023-24,G,27.390740740740743,493.03333333333336
Cody Zeller,Bobcats,2013-14,C,16.71159420289855,1153.1
Cody Zeller,Bobcats,2013-14,F,20.27820512820513,263.6166666666667
Cody Zeller,Heat,2022-23,C,14.44111111111111,216.61666666666667
Cody Zeller,Hornets,2014-15,C,23.436666666666667,351.55
Cody Zeller,Hornets,2014-15,F,24.152482269503547,1135.1666666666667
Cody Zeller,Hornets,2015-16,C,24.528169014084508,1741.5
Cody Zeller,Hornets,2015-16,F,16.133333333333333,32.266666666666666
Cody Zeller,Hornets,2016-17,C,27.899453551912565,1701.8666666666666
Cody Zeller,Hornets,2016-17,F,23.6,23.6
Cody Zeller,Hornets,2017-18,C,19.251234567901232,519.7833333333333
Cody Zeller,Hornets,2017-18,F,17.897222222222222,107.38333333333333
Cody Zeller,Hornets,2018-19,C,25.366326530612245,1242.95
Cody Zeller,Hornets,2019-20,C,22.911858974358974,1191.4166666666667
Cody Zeller,Hornets,2019-20,F,24.866666666666664,149.2
Cody Zeller,Hornets,2020-21,C,21.24507575757576,934.7833333333333
Cody Zeller,Hornets,2020-21,F,17.645833333333336,70.58333333333334
Cody Zeller,Pelicans,2023-24,C,7.435271317829457,319.71666666666664
Cody Zeller,Trail Blazers,2021-22,C,13.131481481481481,354.55
Cole Aldrich,Clippers,2015-16,C,13.327777777777778,799.6666666666666
Cole Aldrich,Kings,2012-13,C,11.657777777777778,174.86666666666667
Cole Aldrich,Knicks,2013-14,C,7.174637681159421,330.03333333333336
Cole Aldrich,Knicks,2014-15,C,16.0051912568306,976.3166666666666
Cole Aldrich,Rockets,2012-13,C,7.096666666666667,212.9
Cole Aldrich,Thunder,2010-11,C,7.861111111111111,141.5
Cole Aldrich,Thunder,2011-12,C,6.6596153846153845,173.15
Cole Aldrich,Timberwolves,2016-17,C,8.56505376344086,531.0333333333333
Cole Aldrich,Timberwolves,2017-18,C,2.3190476190476192,48.7
Cole Anthony,Magic,2020-21,G,27.081914893617025,1272.8500000000001
Cole Anthony,Magic,2021-22,G,31.68333333333333,2059.4166666666665
Cole Anthony,Magic,2022-23,G,25.8625,1551.75
Cole Anthony,Magic,2023-24,G,22.43641975308642,1817.35
Collin Sexton,Cavaliers,2018-19,G,31.76869918699187,2605.0333333333333
Collin Sexton,Cavaliers,2019-20,G,32.96358974358974,2142.633333333333
Collin Sexton,Cavaliers,2020-21,G,35.25333333333333,2115.2
Collin Sexton,Cavaliers,2021-22,G,28.766666666666666,316.43333333333334
Collin Sexton,Jazz,2022-23,G,23.85729166666667,1145.15
Collin Sexton,Jazz,2023-24,G,26.599572649572654,2074.766666666667
Corey Brewer,76ers,2018-19,F,21.303333333333335,106.51666666666667
Corey Brewer,76ers,2018-19,G,16.55,33.1
Corey Brewer,Kings,2018-19,F,14.664583333333333,351.95
Corey Brewer,Kings,2019-20,F,6.510000000000001,32.550000000000004
Corey Brewer,Lakers,2016-17,F,14.137037037037038,254.46666666666667
Corey Brewer,Lakers,2016-17,G,17.258333333333333,103.55
Corey Brewer,Lakers,2017-18,F,13.286805555555555,637.7666666666667
Corey Brewer,Lakers,2017-18,G,9.388888888888888,56.33333333333333
Corey Brewer,Mavericks,2010-11,F,8.927083333333334,71.41666666666667
Corey Brewer,Mavericks,2010-11,G,15.36,76.8
Corey Brewer,Nuggets,2011-12,F,22.879807692307693,1189.75
Corey Brewer,Nuggets,2011-12,G,13.957142857142857,97.7
Corey Brewer,Nuggets,2012-13,F,24.132407407407406,1737.5333333333333
Corey Brewer,Nuggets,2012-13,G,26.525,265.25
Corey Brewer,Rockets,2014-15,F,25.112,1255.6
Corey Brewer,Rockets,2014-15,G,25.272222222222222,151.63333333333333
Corey Brewer,Rockets,2015-16,F,20.649761904761906,1445.4833333333333
Corey Brewer,Rockets,2015-16,G,18.619444444444444,223.43333333333334
Corey Brewer,Rockets,2016-17,F,16.11031746031746,676.6333333333333
Corey Brewer,Rockets,2016-17,G,15.413541666666667,246.61666666666667
Corey Brewer,Thunder,2017-18,G,28.579629629629633,514.4333333333334
Corey Brewer,Timberwolves,2010-11,F,21.68939393939394,477.1666666666667
Corey Brewer,Timberwolves,2010-11,G,26.030882352941177,885.0500000000001
Corey Brewer,Timberwolves,2013-14,F,32.21320346320346,2480.4166666666665
Corey Brewer,Timberwolves,2013-14,G,32.25416666666667,129.01666666666668
Corey Brewer,Timberwolves,2014-15,F,24.894444444444446,74.68333333333334
Corey Brewer,Timberwolves,2014-15,G,28.834126984126982,605.5166666666667
Corey Kispert,Wizards,2021-22,F,19.195238095238096,268.73333333333335
Corey Kispert,Wizards,2021-22,G,24.323015873015873,1532.35
Corey Kispert,Wizards,2022-23,F,29.797916666666666,715.15
Corey Kispert,Wizards,2022-23,G,27.561999999999998,1378.1
Corey Kispert,Wizards,2023-24,F,25.994871794871795,337.93333333333334
Corey Kispert,Wizards,2023-24,G,25.81318407960199,1729.4833333333333
Corey Maggette,Bobcats,2011-12,F,27.519791666666666,880.6333333333333
Corey Maggette,Bucks,2010-11,F,20.90373134328358,1400.55
Corey Maggette,Pistons,2012-13,F,14.274074074074074,256.93333333333334
Cory Jefferson,Nets,2014-15,F,10.623,531.15
Cory Jefferson,Suns,2015-16,F,6.25625,50.05
Cory Joseph,Kings,2019-20,G,24.436574074074073,1759.4333333333334
Cory Joseph,Kings,2020-21,F,36.266666666666666,36.266666666666666
Cory Joseph,Kings,2020-21,G,21.113953488372093,907.9
Cory Joseph,Pacers,2017-18,G,26.950406504065043,2209.9333333333334
Cory Joseph,Pacers,2018-19,G,25.16443089430894,2063.483333333333
Cory Joseph,Pistons,2020-21,G,26.42105263157895,502.0
Cory Joseph,Pistons,2021-22,G,24.612820512820512,1599.8333333333333
Cory Joseph,Pistons,2022-23,G,19.79758064516129,1227.45
Cory Joseph,Raptors,2015-16,G,25.580833333333334,2046.4666666666667
Cory Joseph,Raptors,2016-17,G,25.034166666666668,2002.7333333333333
Cory Joseph,Spurs,2011-12,G,9.168390804597701,265.8833333333333
Cory Joseph,Spurs,2012-13,G,13.851785714285715,387.85
Cory Joseph,Spurs,2013-14,G,13.764705882352942,936.0
Cory Joseph,Spurs,2014-15,G,18.274472573839663,1443.6833333333334
Cory Joseph,Warriors,2023-24,G,11.381410256410257,295.9166666666667
Courtney Lee,Celtics,2012-13,G,24.884615384615383,1941.0
Courtney Lee,Celtics,2013-14,G,16.816666666666666,504.5
Courtney Lee,Grizzlies,2013-14,G,29.969727891156463,1468.5166666666667
Courtney Lee,Grizzlies,2014-15,G,30.577489177489177,2354.4666666666667
Courtney Lee,Grizzlies,2015-16,G,29.201633986928105,1489.2833333333333
Courtney Lee,Hornets,2015-16,F,23.933333333333334,71.8
Courtney Lee,Hornets,2015-16,G,30.935333333333332,773.3833333333333
Courtney Lee,Knicks,2016-17,F,34.08888888888889,102.26666666666667
Courtney Lee,Knicks,2016-17,G,31.85337837837838,2357.15
Courtney Lee,Knicks,2017-18,F,29.233333333333334,116.93333333333334
Courtney Lee,Knicks,2017-18,G,30.45902777777778,2193.05
Courtney Lee,Knicks,2018-19,F,13.25,13.25
Courtney Lee,Knicks,2018-19,G,13.371212121212123,147.08333333333334
Courtney Lee,Mavericks,2018-19,F,5.9444444444444455,17.833333333333336
Courtney Lee,Mavericks,2018-19,G,13.162280701754387,250.08333333333334
Courtney Lee,Mavericks,2019-20,F,14.829166666666666,237.26666666666665
Courtney Lee,Mavericks,2019-20,G,13.527083333333334,108.21666666666667
Courtney Lee,Rockets,2010-11,F,22.034848484848485,242.38333333333333
Courtney Lee,Rockets,2010-11,G,21.146666666666665,1480.2666666666667
Courtney Lee,Rockets,2011-12,F,23.7,94.8
Courtney Lee,Rockets,2011-12,G,30.781172839506173,1662.1833333333334
Craig Brackins,76ers,2010-11,F,10.944444444444445,32.833333333333336
Craig Brackins,76ers,2011-12,F,6.285714285714286,88.0
Craig Porter Jr.,Cavaliers,2023-24,G,12.733006535947712,649.3833333333333
Cristiano Felicio,Bulls,2015-16,C,10.345698924731185,320.7166666666667
Cristiano Felicio,Bulls,2016-17,C,15.759090909090908,1040.1
Cristiano Felicio,Bulls,2017-18,C,17.772121212121213,977.4666666666667
Cristiano Felicio,Bulls,2018-19,C,12.44,746.4
Cristiano Felicio,Bulls,2019-20,C,17.53257575757576,385.7166666666667
Cristiano Felicio,Bulls,2020-21,C,4.641666666666667,83.55
D'Angelo Russell,Lakers,2015-16,G,28.23854166666667,2259.0833333333335
D'Angelo Russell,Lakers,2016-17,G,28.739682539682537,1810.6
D'Angelo Russell,Lakers,2022-23,G,30.94411764705882,526.05
D'Angelo Russell,Lakers,2023-24,G,32.685526315789474,2484.1
D'Angelo Russell,Nets,2017-18,G,25.702430555555555,1233.7166666666667
D'Angelo Russell,Nets,2018-19,G,30.221810699588477,2447.9666666666667
D'Angelo Russell,Timberwolves,2019-20,G,32.643055555555556,391.7166666666667
D'Angelo Russell,Timberwolves,2020-21,G,28.48253968253968,1196.2666666666667
D'Angelo Russell,Timberwolves,2021-22,G,31.94846153846154,2076.65
D'Angelo Russell,Timberwolves,2022-23,G,32.92777777777778,1778.1
D'Angelo Russell,Warriors,2019-20,F,33.65,33.65
D'Angelo Russell,Warriors,2019-20,G,32.08645833333333,1026.7666666666667
D.J. Augustin,Bobcats,2010-11,G,33.62337398373984,2757.116666666667
D.J. Augustin,Bobcats,2011-12,G,29.340277777777775,1408.3333333333333
D.J. Augustin,Bucks,2020-21,G,19.256756756756758,712.5
D.J. Augustin,Bulls,2013-14,G,30.43879781420765,1856.7666666666667
D.J. Augustin,Lakers,2021-22,G,17.78412698412698,373.46666666666664
D.J. Augustin,Magic,2016-17,G,19.721581196581194,1538.2833333333333
D.J. Augustin,Magic,2017-18,G,23.467555555555556,1760.0666666666666
D.J. Augustin,Magic,2018-19,G,28.012345679012345,2269.0
D.J. Augustin,Magic,2019-20,G,24.919298245614037,1420.4
D.J. Augustin,Nuggets,2015-16,G,23.527380952380952,658.7666666666667
D.J. Augustin,Pacers,2012-13,G,16.13662280701754,1226.3833333333332
D.J. Augustin,Pistons,2014-15,G,23.836111111111112,1287.15
D.J. Augustin,Raptors,2013-14,G,8.188333333333334,81.88333333333334
D.J. Augustin,Rockets,2020-21,G,20.817500000000003,416.35
D.J. Augustin,Rockets,2021-22,G,14.994117647058824,509.8
D.J. Augustin,Thunder,2014-15,G,24.166666666666664,676.6666666666666
D.J. Augustin,Thunder,2015-16,G,15.26029411764706,518.85
D.J. Wilson,76ers,2023-24,F,7.7333333333333325,15.466666666666665
D.J. Wilson,Bucks,2017-18,C,5.683333333333334,22.733333333333334
D.J. Wilson,Bucks,2017-18,F,2.687037037037037,48.36666666666667
D.J. Wilson,Bucks,2018-19,C,23.124074074074073,208.11666666666667
D.J. Wilson,Bucks,2018-19,F,17.28076923076923,673.95
D.J. Wilson,Bucks,2019-20,C,11.926666666666666,59.63333333333333
D.J. Wilson,Bucks,2019-20,F,9.479166666666666,303.3333333333333
D.J. Wilson,Bucks,2020-21,C,6.916666666666667,6.916666666666667
D.J. Wilson,Bucks,2020-21,F,8.884848484848485,97.73333333333333
D.J. Wilson,Raptors,2021-22,F,13.516666666666667,54.06666666666667
D.J. Wilson,Rockets,2020-21,F,14.260144927536233,327.98333333333335
DJ White,Bobcats,2010-11,F,19.398611111111112,465.56666666666666
DJ White,Bobcats,2011-12,F,18.928735632183905,1097.8666666666666
DJ White,Bobcats,2013-14,F,5.091666666666667,10.183333333333334
DJ White,Celtics,2012-13,F,7.166666666666667,86.0
DJ White,Thunder,2010-11,F,9.52608695652174,219.1
DaJuan Summers,Clippers,2012-13,F,3.325,6.65
DaJuan Summers,Hornets,2011-12,F,16.32962962962963,146.96666666666667
DaJuan Summers,Hornets,2011-12,G,10.255555555555555,61.53333333333333
DaJuan Summers,Pistons,2010-11,F,9.034848484848483,198.76666666666665
DaQuan Jeffries,Grizzlies,2021-22,G,2.9333333333333336,8.8
DaQuan Jeffries,Kings,2019-20,F,10.983333333333334,131.8
DaQuan Jeffries,Kings,2019-20,G,9.3,9.3
DaQuan Jeffries,Kings,2020-21,F,13.99888888888889,209.98333333333335
DaQuan Jeffries,Kings,2020-21,G,7.25,21.75
DaQuan Jeffries,Knicks,2023-24,G,2.703921568627451,45.96666666666667
DaQuan Jeffries,Rockets,2020-21,F,17.933333333333334,143.46666666666667
DaQuan Jeffries,Rockets,2020-21,G,23.513333333333332,117.56666666666666
Daequan Cook,Bulls,2012-13,F,8.354040404040404,275.68333333333334
Daequan Cook,Rockets,2012-13,F,10.317708333333334,165.08333333333334
Daequan Cook,Thunder,2010-11,G,13.914728682170544,598.3333333333334
Daequan Cook,Thunder,2011-12,F,10.633333333333333,10.633333333333333
Daequan Cook,Thunder,2011-12,G,17.473511904761903,978.5166666666667
Dahntay Jones,Cavaliers,2015-16,G,42.35,42.35
Dahntay Jones,Cavaliers,2016-17,G,12.0,12.0
Dahntay Jones,Clippers,2014-15,F,3.737878787878788,123.35
Dahntay Jones,Hawks,2012-13,G,13.613690476190476,381.18333333333334
Dahntay Jones,Mavericks,2012-13,F,12.708333333333332,635.4166666666666
Dahntay Jones,Pacers,2010-11,F,13.08851851851852,588.9833333333333
Dahntay Jones,Pacers,2011-12,F,16.184102564102563,1051.9666666666667
Daishen Nix,Rockets,2021-22,G,10.893055555555556,261.43333333333334
Daishen Nix,Rockets,2022-23,G,16.042105263157893,914.4
Daishen Nix,Timberwolves,2023-24,G,3.3188888888888886,49.78333333333333
Dakari Johnson,Thunder,2017-18,C,5.205376344086022,161.36666666666667
Dakota Mathias,76ers,2020-21,F,15.15,75.75
Dakota Mathias,76ers,2020-21,G,15.905555555555557,47.71666666666667
Dakota Mathias,Grizzlies,2021-22,G,2.7055555555555557,16.233333333333334
Dalano Banton,Celtics,2023-24,G,7.128472222222222,171.08333333333334
Dalano Banton,Raptors,2021-22,G,10.870052083333333,695.6833333333333
Dalano Banton,Raptors,2022-23,G,8.986021505376344,278.56666666666666
Dalano Banton,Trail Blazers,2023-24,F,29.71111111111111,89.13333333333333
Dalano Banton,Trail Blazers,2023-24,G,29.133333333333333,786.6
Dalen Terry,Bulls,2022-23,F,5.631140350877193,213.98333333333335
Dalen Terry,Bulls,2023-24,F,11.537853107344633,680.7333333333333
Damian Jones,Cavaliers,2023-24,C,6.9162393162393165,269.73333333333335
Damian Jones,Hawks,2019-20,C,16.125757575757575,886.9166666666666
Damian Jones,Jazz,2022-23,C,15.845614035087719,301.06666666666666
Damian Jones,Kings,2020-21,C,20.03235294117647,340.55
Damian Jones,Kings,2021-22,C,18.154761904761905,1016.6666666666666
Damian Jones,Lakers,2020-21,C,13.958333333333334,111.66666666666667
Damian Jones,Lakers,2022-23,C,8.01590909090909,176.35
Damian Jones,Suns,2020-21,C,6.679761904761905,93.51666666666667
Damian Jones,Warriors,2016-17,C,8.508333333333333,85.08333333333333
Damian Jones,Warriors,2017-18,C,5.914444444444444,88.71666666666667
Damian Jones,Warriors,2018-19,C,17.06736111111111,409.6166666666667
Damian Lillard,Bucks,2023-24,G,35.32077625570776,2578.4166666666665
Damian Lillard,Trail Blazers,2012-13,G,38.62073170731708,3166.9
Damian Lillard,Trail Blazers,2013-14,G,35.81239837398374,2936.616666666667
Damian Lillard,Trail Blazers,2014-15,G,35.666260162601624,2924.633333333333
Damian Lillard,Trail Blazers,2015-16,G,35.67644444444445,2675.7333333333336
Damian Lillard,Trail Blazers,2016-17,G,35.908,2693.1
Damian Lillard,Trail Blazers,2017-18,G,36.57420091324201,2669.9166666666665
Damian Lillard,Trail Blazers,2018-19,G,35.471875,2837.75
Damian Lillard,Trail Blazers,2019-20,G,37.47954545454546,2473.65
Damian Lillard,Trail Blazers,2020-21,G,35.78805970149254,2397.8
Damian Lillard,Trail Blazers,2021-22,G,36.42011494252874,1056.1833333333334
Damian Lillard,Trail Blazers,2022-23,G,36.320689655172416,2106.6
Damien Inglis,Bucks,2015-16,G,7.8175,156.35
Damien Wilkins,76ers,2012-13,F,18.22083333333333,72.88333333333333
Damien Wilkins,76ers,2012-13,G,17.93391812865497,1022.2333333333333
Damien Wilkins,Hawks,2010-11,F,13.009294871794872,676.4833333333333
Damien Wilkins,Pacers,2017-18,F,8.021929824561402,152.41666666666666
Damien Wilkins,Pistons,2011-12,F,15.370555555555557,922.2333333333333
Damion James,Nets,2010-11,F,16.118,402.95
Damion James,Nets,2011-12,F,24.354761904761904,170.48333333333332
Damion James,Nets,2012-13,F,0.2,0.4
Damion James,Spurs,2013-14,F,10.07,50.35
Damion Lee,Hawks,2017-18,G,26.961111111111112,404.4166666666667
Damion Lee,Suns,2022-23,G,20.355855855855854,1506.3333333333333
Damion Lee,Warriors,2018-19,G,11.724479166666667,375.18333333333334
Damion Lee,Warriors,2019-20,G,29.03299319727891,1422.6166666666666
Damion Lee,Warriors,2020-21,G,18.930409356725146,1079.0333333333333
Damion Lee,Warriors,2021-22,F,26.15,26.15
Damion Lee,Warriors,2021-22,G,19.84462365591398,1230.3666666666668
Damjan Rudez,Magic,2016-17,G,6.968148148148148,313.56666666666666
Damjan Rudez,Pacers,2014-15,G,15.40269607843137,1047.3833333333332
Damjan Rudez,Timberwolves,2015-16,G,8.403030303030304,277.3
Damyean Dotson,Cavaliers,2020-21,F,17.303333333333335,173.03333333333333
Damyean Dotson,Cavaliers,2020-21,G,20.394444444444446,734.2
Damyean Dotson,Knicks,2017-18,F,8.004761904761905,56.03333333333333
Damyean Dotson,Knicks,2017-18,G,11.29864864864865,418.05
Damyean Dotson,Knicks,2018-19,F,26.314444444444447,394.7166666666667
Damyean Dotson,Knicks,2018-19,G,27.742816091954023,1609.0833333333333
Damyean Dotson,Knicks,2019-20,F,14.975,209.65
Damyean Dotson,Knicks,2019-20,G,18.423529411764704,626.4
Damyean Dotson,Knicks,2021-22,F,4.183333333333334,4.183333333333334
Damyean Dotson,Knicks,2021-22,G,16.366666666666667,16.366666666666667
Dan Gadzuric,Knicks,2011-12,F,6.583333333333333,13.166666666666666
Dan Gadzuric,Nets,2010-11,F,11.821428571428571,165.5
Dan Gadzuric,Warriors,2010-11,C,13.194444444444445,118.75
Dan Gadzuric,Warriors,2010-11,F,9.391228070175439,178.43333333333334
Daniel Gafford,Bulls,2019-20,C,14.163953488372092,609.05
Daniel Gafford,Bulls,2020-21,C,12.359677419354838,383.15
Daniel Gafford,Mavericks,2023-24,C,21.46781609195402,622.5666666666666
Daniel Gafford,Wizards,2020-21,C,17.75144927536232,408.28333333333336
Daniel Gafford,Wizards,2021-22,C,20.055555555555557,1444.0
Daniel Gafford,Wizards,2022-23,C,20.51461187214612,1497.5666666666666
Daniel Gafford,Wizards,2022-23,F,21.34,106.7
Daniel Gafford,Wizards,2023-24,C,26.484074074074073,1191.7833333333333
Daniel Gibson,Cavaliers,2010-11,G,27.83681592039801,1865.0666666666666
Daniel Gibson,Cavaliers,2011-12,G,26.15952380952381,915.5833333333334
Daniel Gibson,Cavaliers,2012-13,G,19.98659420289855,919.3833333333333
Daniel Hamilton,Hawks,2018-19,F,10.74561403508772,204.16666666666666
Daniel Hamilton,Thunder,2017-18,F,4.6194444444444445,27.71666666666667
Daniel Orton,76ers,2013-14,C,10.431666666666667,208.63333333333333
Daniel Orton,76ers,2013-14,F,21.075,42.15
Daniel Orton,Magic,2011-12,C,11.661458333333332,186.58333333333331
Daniel Orton,Thunder,2012-13,C,7.99102564102564,103.88333333333333
Daniel Theis,Bulls,2020-21,C,34.525,69.05
Daniel Theis,Bulls,2020-21,F,24.037301587301585,504.7833333333333
Daniel Theis,Celtics,2017-18,C,15.638181818181819,860.1
Daniel Theis,Celtics,2017-18,F,9.445833333333333,75.56666666666666
Daniel Theis,Celtics,2018-19,C,13.614080459770115,789.6166666666667
Daniel Theis,Celtics,2018-19,F,14.745833333333334,117.96666666666667
Daniel Theis,Celtics,2019-20,C,24.094871794871796,1566.1666666666667
Daniel Theis,Celtics,2020-21,C,25.118055555555557,602.8333333333334
Daniel Theis,Celtics,2020-21,F,23.557407407407407,424.0333333333333
Daniel Theis,Celtics,2021-22,C,19.70925925925926,354.76666666666665
Daniel Theis,Celtics,2021-22,F,12.805555555555555,38.416666666666664
Daniel Theis,Clippers,2023-24,C,17.057909604519775,1006.4166666666666
Daniel Theis,Pacers,2022-23,C,15.547619047619047,108.83333333333333
Daniel Theis,Pacers,2023-24,C,8.433333333333334,8.433333333333334
Daniel Theis,Rockets,2021-22,C,22.471153846153847,584.25
Danilo Gallinari,Bucks,2023-24,F,9.102941176470589,154.75
Danilo Gallinari,Clippers,2017-18,F,31.955555555555552,671.0666666666666
Danilo Gallinari,Clippers,2018-19,F,30.282598039215685,2059.2166666666667
Danilo Gallinari,Hawks,2020-21,C,27.353846153846156,355.6
Danilo Gallinari,Hawks,2020-21,F,22.796929824561403,866.2833333333333
Danilo Gallinari,Hawks,2021-22,C,24.228787878787877,266.51666666666665
Danilo Gallinari,Hawks,2021-22,F,25.555454545454545,1405.55
Danilo Gallinari,Knicks,2010-11,F,34.81736111111111,1671.2333333333333
Danilo Gallinari,Nuggets,2010-11,F,30.91547619047619,432.81666666666666
Danilo Gallinari,Nuggets,2011-12,F,31.421705426356585,1351.1333333333332
Danilo Gallinari,Nuggets,2012-13,F,32.515727699530515,2308.616666666667
Danilo Gallinari,Nuggets,2014-15,F,24.05263157894737,1371.0
Danilo Gallinari,Nuggets,2014-15,G,27.433333333333334,54.86666666666667
Danilo Gallinari,Nuggets,2015-16,F,34.69213836477987,1838.6833333333334
Danilo Gallinari,Nuggets,2016-17,F,33.87328042328043,2134.016666666667
Danilo Gallinari,Pistons,2023-24,F,14.919444444444444,89.51666666666667
Danilo Gallinari,Thunder,2019-20,F,29.57956989247312,1833.9333333333334
Danilo Gallinari,Wizards,2023-24,F,14.80897435897436,385.03333333333336
Danny Granger,Clippers,2013-14,F,16.17638888888889,194.11666666666667
Danny Granger,Heat,2014-15,F,20.425,612.75
Danny Granger,Pacers,2010-11,F,34.97489451476793,2763.016666666667
Danny Granger,Pacers,2011-12,F,33.26048387096775,2062.15
Danny Granger,Pacers,2012-13,F,14.733333333333334,73.66666666666667
Danny Granger,Pacers,2013-14,F,21.904166666666665,613.3166666666666
Danny Granger,Pacers,2013-14,G,40.166666666666664,40.166666666666664
Danny Green,76ers,2020-21,F,27.955223880597014,1873.0
Danny Green,76ers,2020-21,G,30.683333333333334,61.36666666666667
Danny Green,76ers,2021-22,F,21.554088050314462,1142.3666666666666
Danny Green,76ers,2021-22,G,23.451851851851853,211.06666666666666
Danny Green,76ers,2023-24,F,9.225,18.45
Danny Green,Cavaliers,2022-23,G,11.902083333333334,95.21666666666667
Danny Green,Grizzlies,2022-23,G,14.5,43.5
Danny Green,Lakers,2019-20,F,18.333333333333336,36.66666666666667
Danny Green,Lakers,2019-20,G,25.0010101010101,1650.0666666666666
Danny Green,Raptors,2018-19,F,25.322619047619046,354.51666666666665
Danny Green,Raptors,2018-19,G,28.196464646464648,1860.9666666666667
Danny Green,Spurs,2010-11,F,20.533333333333335,20.533333333333335
Danny Green,Spurs,2010-11,G,10.138095238095238,70.96666666666667
Danny Green,Spurs,2011-12,F,24.475,48.95
Danny Green,Spurs,2011-12,G,23.021614583333335,1473.3833333333334
Danny Green,Spurs,2012-13,F,29.432222222222222,441.48333333333335
Danny Green,Spurs,2012-13,G,27.06282051282051,1759.0833333333333
Danny Green,Spurs,2013-14,F,31.618333333333332,316.18333333333334
Danny Green,Spurs,2013-14,G,23.01609195402299,1334.9333333333334
Danny Green,Spurs,2014-15,F,24.166666666666668,24.166666666666668
Danny Green,Spurs,2014-15,G,28.592083333333335,2287.366666666667
Danny Green,Spurs,2015-16,G,26.09493670886076,2061.5
Danny Green,Spurs,2016-17,G,26.570833333333333,1806.8166666666666
Danny Green,Spurs,2017-18,F,26.171794871794873,340.23333333333335
Danny Green,Spurs,2017-18,G,25.454093567251462,1450.8833333333334
Dante Cunningham,Bobcats,2010-11,F,24.058333333333334,529.2833333333333
Dante Cunningham,Grizzlies,2011-12,F,17.565885416666667,1124.2166666666667
Dante Cunningham,Nets,2017-18,C,20.30909090909091,446.8
Dante Cunningham,Pelicans,2014-15,F,25.033080808080808,1652.1833333333334
Dante Cunningham,Pelicans,2015-16,C,31.416666666666668,31.416666666666668
Dante Cunningham,Pelicans,2015-16,F,24.550632911392405,1939.5
Dante Cunningham,Pelicans,2016-17,F,24.978535353535353,1648.5833333333333
Dante Cunningham,Pelicans,2017-18,F,21.866013071895427,1115.1666666666667
Dante Cunningham,Spurs,2018-19,C,20.141666666666666,40.28333333333333
Dante Cunningham,Spurs,2018-19,F,14.325537634408601,888.1833333333333
Dante Cunningham,Timberwolves,2012-13,C,26.626666666666665,133.13333333333333
Dante Cunningham,Timberwolves,2012-13,F,25.02711111111111,1877.0333333333333
Dante Cunningham,Timberwolves,2013-14,C,16.21388888888889,97.28333333333333
Dante Cunningham,Timberwolves,2013-14,F,20.50111111111111,1537.5833333333333
Dante Cunningham,Trail Blazers,2010-11,C,19.816025641025643,1030.4333333333334
Dante Cunningham,Trail Blazers,2010-11,F,19.304166666666667,77.21666666666667
Dante Exum,Cavaliers,2019-20,F,18.733333333333334,18.733333333333334
Dante Exum,Cavaliers,2019-20,G,16.6768115942029,383.56666666666666
Dante Exum,Cavaliers,2020-21,F,31.441666666666666,62.88333333333333
Dante Exum,Cavaliers,2020-21,G,13.316666666666666,53.266666666666666
Dante Exum,Jazz,2014-15,G,22.158943089430895,1817.0333333333333
Dante Exum,Jazz,2016-17,G,18.6030303030303,1227.8
Dante Exum,Jazz,2017-18,G,16.751190476190477,234.51666666666668
Dante Exum,Jazz,2018-19,G,15.810714285714285,664.05
Dante Exum,Jazz,2019-20,G,7.575757575757577,83.33333333333334
Dante Exum,Mavericks,2023-24,F,22.129629629629633,398.33333333333337
Dante Exum,Mavericks,2023-24,G,18.630180180180183,689.3166666666667
Danuel House Jr.,76ers,2022-23,F,14.411011904761905,807.0166666666667
Danuel House Jr.,76ers,2023-24,F,14.972549019607843,509.06666666666666
Danuel House Jr.,Jazz,2021-22,F,24.23,121.15
Danuel House Jr.,Jazz,2021-22,G,18.494999999999997,369.9
Danuel House Jr.,Knicks,2021-22,F,3.35,3.35
Danuel House Jr.,Rockets,2018-19,F,25.094017094017094,978.6666666666666
Danuel House Jr.,Rockets,2019-20,C,36.09166666666667,72.18333333333334
Danuel House Jr.,Rockets,2019-20,F,30.171857923497267,1840.4833333333333
Danuel House Jr.,Rockets,2020-21,F,26.2979797979798,867.8333333333334
Danuel House Jr.,Rockets,2020-21,G,21.5,64.5
Danuel House Jr.,Rockets,2021-22,F,14.536458333333334,232.58333333333334
Danuel House Jr.,Suns,2017-18,F,16.127192982456137,306.41666666666663
Danuel House Jr.,Suns,2017-18,G,24.058333333333334,96.23333333333333
Danuel House Jr.,Wizards,2016-17,G,0.8333333333333334,0.8333333333333334
Dario Saric,76ers,2016-17,F,26.28477366255144,2129.0666666666666
Dario Saric,76ers,2017-18,F,29.616666666666667,2310.1
Dario Saric,76ers,2018-19,F,30.450000000000003,395.85
Dario Saric,Suns,2019-20,C,22.916666666666668,22.916666666666668
Dario Saric,Suns,2019-20,F,24.752307692307692,1608.9
Dario Saric,Suns,2020-21,C,22.98333333333333,114.91666666666666
Dario Saric,Suns,2020-21,F,16.79074074074074,755.5833333333334
Dario Saric,Suns,2022-23,F,14.401351351351352,532.85
Dario Saric,Thunder,2022-23,F,13.656666666666666,273.1333333333333
Dario Saric,Timberwolves,2018-19,F,23.919607843137253,1626.5333333333333
Dario Saric,Warriors,2023-24,C,16.905357142857145,473.35
Dario Saric,Warriors,2023-24,F,17.344907407407405,624.4166666666666
Darius Bazley,76ers,2023-24,F,3.261111111111111,9.783333333333333
Darius Bazley,Jazz,2023-24,F,23.675,142.05
Darius Bazley,Suns,2022-23,F,8.697619047619048,60.88333333333334
Darius Bazley,Thunder,2019-20,F,18.515573770491805,1129.45
Darius Bazley,Thunder,2020-21,C,25.983333333333334,25.983333333333334
Darius Bazley,Thunder,2020-21,F,31.262962962962963,1688.2
Darius Bazley,Thunder,2021-22,C,26.65833333333333,53.31666666666666
Darius Bazley,Thunder,2021-22,F,27.919900497512437,1870.6333333333332
Darius Bazley,Thunder,2022-23,C,30.566666666666666,30.566666666666666
Darius Bazley,Thunder,2022-23,F,14.992380952380953,524.7333333333333
Darius Garland,Cavaliers,2019-20,G,30.914689265536722,1823.9666666666667
Darius Garland,Cavaliers,2020-21,G,33.147839506172836,1789.9833333333333
Darius Garland,Cavaliers,2021-22,G,35.73480392156863,2429.9666666666667
Darius Garland,Cavaliers,2022-23,G,35.46570048309179,2447.133333333333
Darius Garland,Cavaliers,2023-24,G,33.34093567251462,1900.4333333333334
Darius Miller,Hornets,2012-13,G,13.345833333333333,693.9833333333333
Darius Miller,Pelicans,2013-14,F,17.295416666666668,691.8166666666667
Darius Miller,Pelicans,2013-14,G,6.193333333333333,30.96666666666667
Darius Miller,Pelicans,2014-15,F,9.695833333333333,38.78333333333333
Darius Miller,Pelicans,2014-15,G,4.583333333333333,4.583333333333333
Darius Miller,Pelicans,2017-18,F,23.686036036036036,1752.7666666666667
Darius Miller,Pelicans,2017-18,G,23.958333333333332,191.66666666666666
Darius Miller,Pelicans,2018-19,F,25.874316939890708,1578.3333333333333
Darius Miller,Pelicans,2018-19,G,22.39375,179.15
Darius Miller,Thunder,2020-21,F,10.934259259259258,196.81666666666666
Darius Morris,76ers,2013-14,G,16.11111111111111,193.33333333333334
Darius Morris,Clippers,2013-14,G,5.386666666666667,53.86666666666667
Darius Morris,Grizzlies,2013-14,G,13.126666666666669,65.63333333333334
Darius Morris,Lakers,2011-12,F,15.316666666666666,30.633333333333333
Darius Morris,Lakers,2011-12,G,8.16764705882353,138.85
Darius Morris,Lakers,2012-13,F,9.4,9.4
Darius Morris,Lakers,2012-13,G,14.325886524822696,673.3166666666667
Darius Morris,Nets,2014-15,G,7.874561403508772,299.23333333333335
Darko Milicic,Celtics,2012-13,C,4.5,4.5
Darko Milicic,Timberwolves,2010-11,C,24.43913043478261,1686.3
Darko Milicic,Timberwolves,2011-12,C,16.279310344827586,472.1
Darnell Jackson,Kings,2010-11,F,8.234463276836157,485.8333333333333
Darrell Arthur,Grizzlies,2010-11,C,21.425925925925927,192.83333333333334
Darrell Arthur,Grizzlies,2010-11,F,19.938967136150236,1415.6666666666667
Darrell Arthur,Grizzlies,2012-13,C,15.530000000000001,77.65
Darrell Arthur,Grizzlies,2012-13,F,16.524691358024693,892.3333333333334
Darrell Arthur,Nuggets,2013-14,C,15.0,15.0
Darrell Arthur,Nuggets,2013-14,F,17.106218905472634,1146.1166666666666
Darrell Arthur,Nuggets,2014-15,C,13.283333333333333,13.283333333333333
Darrell Arthur,Nuggets,2014-15,F,17.09766081871345,974.5666666666667
Darrell Arthur,Nuggets,2015-16,C,13.15,13.15
Darrell Arthur,Nuggets,2015-16,F,21.780917874396135,1502.8833333333332
Darrell Arthur,Nuggets,2016-17,C,19.6,19.6
Darrell Arthur,Nuggets,2016-17,F,15.474166666666667,618.9666666666667
Darrell Arthur,Nuggets,2017-18,C,19.133333333333333,19.133333333333333
Darrell Arthur,Nuggets,2017-18,F,6.758333333333334,121.65
Darren Collison,Clippers,2013-14,G,25.866875,2069.35
Darren Collison,Kings,2014-15,G,34.77148148148148,1564.7166666666667
Darren Collison,Kings,2015-16,G,29.984684684684687,2218.866666666667
Darren Collison,Kings,2016-17,G,30.34313725490196,2063.3333333333335
Darren Collison,Lakers,2021-22,G,12.388888888888891,37.16666666666667
Darren Collison,Mavericks,2012-13,G,29.28065843621399,2371.733333333333
Darren Collison,Pacers,2010-11,G,29.875105485232066,2360.133333333333
Darren Collison,Pacers,2011-12,G,31.300277777777776,1878.0166666666667
Darren Collison,Pacers,2017-18,G,29.25144927536232,2018.35
Darren Collison,Pacers,2018-19,G,28.19934210526316,2143.15
Darrun Hilliard,Pistons,2015-16,G,10.07938596491228,383.01666666666665
Darrun Hilliard,Pistons,2016-17,G,9.76923076923077,381.0
Darrun Hilliard,Spurs,2017-18,G,6.8011904761904765,95.21666666666667
David Duke Jr.,Nets,2021-22,F,14.68611111111111,176.23333333333332
David Duke Jr.,Nets,2021-22,G,16.485,164.85
David Duke Jr.,Nets,2022-23,F,7.840625,125.45
David Duke Jr.,Nets,2022-23,G,14.654761904761903,102.58333333333333
David Duke Jr.,Spurs,2023-24,F,12.8375,51.35
David Lee,Celtics,2015-16,F,15.666111111111112,469.98333333333335
David Lee,Mavericks,2015-16,F,17.31866666666667,432.9666666666667
David Lee,Spurs,2016-17,C,19.054878048780488,781.25
David Lee,Spurs,2016-17,F,18.308771929824562,695.7333333333333
David Lee,Warriors,2010-11,C,39.15333333333333,195.76666666666665
David Lee,Warriors,2010-11,F,35.86151960784314,2438.5833333333335
David Lee,Warriors,2011-12,F,37.21198830409357,2121.0833333333335
David Lee,Warriors,2012-13,F,36.80295358649789,2907.4333333333334
David Lee,Warriors,2013-14,C,29.075000000000003,116.30000000000001
David Lee,Warriors,2013-14,F,33.41538461538462,2172.0
David Lee,Warriors,2014-15,C,19.905555555555555,59.71666666666667
David Lee,Warriors,2014-15,F,18.36195652173913,844.65
David Nwaba,Bulls,2017-18,F,24.274122807017545,922.4166666666666
David Nwaba,Bulls,2017-18,G,22.6109375,723.55
David Nwaba,Cavaliers,2018-19,F,20.464141414141416,675.3166666666667
David Nwaba,Cavaliers,2018-19,G,17.162962962962965,308.93333333333334
David Nwaba,Lakers,2016-17,G,19.8625,397.25
David Nwaba,Nets,2019-20,F,13.4225,268.45
David Nwaba,Rockets,2020-21,F,21.546794871794873,560.2166666666667
David Nwaba,Rockets,2020-21,G,29.595833333333335,118.38333333333334
David Nwaba,Rockets,2021-22,F,13.413333333333334,603.6
David Nwaba,Rockets,2021-22,G,5.283333333333333,5.283333333333333
David Roddy,Grizzlies,2022-23,F,19.06239316239316,743.4333333333333
David Roddy,Grizzlies,2022-23,G,16.61774193548387,515.15
David Roddy,Grizzlies,2023-24,F,24.431081081081082,903.95
David Roddy,Grizzlies,2023-24,G,19.106060606060606,210.16666666666666
David Roddy,Suns,2023-24,F,3.6999999999999997,62.9
David West,Hornets,2010-11,F,35.007380952380956,2450.516666666667
David West,Pacers,2011-12,F,29.160858585858584,1924.6166666666666
David West,Pacers,2012-13,F,33.361187214611874,2435.366666666667
David West,Pacers,2013-14,F,30.90208333333333,2472.1666666666665
David West,Pacers,2014-15,F,28.717171717171716,1895.3333333333333
David West,Spurs,2015-16,C,18.173924731182794,1126.7833333333333
David West,Spurs,2015-16,F,17.342708333333334,277.48333333333335
David West,Warriors,2016-17,F,12.559803921568626,854.0666666666666
David West,Warriors,2017-18,F,13.68082191780822,998.7
Davion Mitchell,Kings,2021-22,G,27.67777777777778,2075.8333333333335
Davion Mitchell,Kings,2022-23,G,18.088541666666664,1447.0833333333333
Davion Mitchell,Kings,2023-24,G,15.293287037037036,1101.1166666666666
Davis Bertans,Hornets,2023-24,F,20.820238095238096,582.9666666666667
Davis Bertans,Mavericks,2021-22,F,13.887878787878789,305.53333333333336
Davis Bertans,Mavericks,2022-23,F,10.928888888888888,491.8
Davis Bertans,Spurs,2016-17,C,11.254000000000001,281.35
Davis Bertans,Spurs,2016-17,F,12.529761904761905,526.25
Davis Bertans,Spurs,2017-18,C,15.60925925925926,421.45
Davis Bertans,Spurs,2017-18,F,13.295666666666666,664.7833333333333
Davis Bertans,Spurs,2018-19,C,21.231333333333332,530.7833333333333
Davis Bertans,Spurs,2018-19,F,21.587254901960787,1100.95
Davis Bertans,Thunder,2023-24,F,6.0744444444444445,91.11666666666667
Davis Bertans,Wizards,2019-20,F,29.315123456790122,1583.0166666666667
Davis Bertans,Wizards,2020-21,F,25.678654970760235,1463.6833333333334
Davis Bertans,Wizards,2021-22,F,14.727941176470589,500.75
Davon Reed,Lakers,2022-23,G,3.3854166666666665,27.083333333333332
Davon Reed,Nuggets,2021-22,F,12.960833333333332,259.21666666666664
Davon Reed,Nuggets,2021-22,G,14.595238095238093,408.66666666666663
Davon Reed,Nuggets,2022-23,F,7.2844444444444445,109.26666666666667
Davon Reed,Nuggets,2022-23,G,10.311666666666667,206.23333333333335
Davon Reed,Pacers,2018-19,G,4.691666666666666,46.916666666666664
Davon Reed,Suns,2017-18,G,11.531746031746032,242.16666666666666
Day'Ron Sharpe,Nets,2021-22,C,12.208854166666667,390.68333333333334
Day'Ron Sharpe,Nets,2022-23,C,11.510763888888889,552.5166666666667
Day'Ron Sharpe,Nets,2023-24,C,15.09153005464481,920.5833333333334
De'Aaron Fox,Kings,2017-18,G,27.747260273972604,2025.55
De'Aaron Fox,Kings,2018-19,G,31.430452674897122,2545.866666666667
De'Aaron Fox,Kings,2019-20,G,32.04673202614379,1634.3833333333334
De'Aaron Fox,Kings,2020-21,G,35.10603448275862,2036.15
De'Aaron Fox,Kings,2021-22,G,35.31299435028249,2083.4666666666667
De'Aaron Fox,Kings,2022-23,G,33.36027397260274,2435.3
De'Aaron Fox,Kings,2023-24,G,35.92950450450451,2658.7833333333333
De'Andre Hunter,Hawks,2019-20,F,32.031481481481485,2017.9833333333333
De'Andre Hunter,Hawks,2020-21,F,29.469565217391303,677.8
De'Andre Hunter,Hawks,2021-22,F,29.758490566037736,1577.2
De'Andre Hunter,Hawks,2022-23,F,31.726119402985077,2125.65
De'Andre Hunter,Hawks,2023-24,F,29.493567251461986,1681.1333333333332
De'Anthony Melton,76ers,2022-23,F,30.206666666666667,302.06666666666666
De'Anthony Melton,76ers,2022-23,G,27.578606965174128,1847.7666666666667
De'Anthony Melton,76ers,2023-24,F,13.658333333333335,27.31666666666667
De'Anthony Melton,76ers,2023-24,G,27.668055555555554,996.05
De'Anthony Melton,Grizzlies,2019-20,G,19.45611111111111,1167.3666666666666
De'Anthony Melton,Grizzlies,2020-21,G,20.09967948717949,1045.1833333333334
De'Anthony Melton,Grizzlies,2021-22,G,22.696118721461186,1656.8166666666666
De'Anthony Melton,Suns,2018-19,G,19.67833333333333,983.9166666666666
DeAndre Jordan,76ers,2021-22,C,13.375,214.0
DeAndre Jordan,Clippers,2010-11,C,25.585208333333334,2046.8166666666666
DeAndre Jordan,Clippers,2011-12,C,27.24065656565657,1797.8833333333334
DeAndre Jordan,Clippers,2012-13,C,24.509146341463413,2009.75
DeAndre Jordan,Clippers,2013-14,C,35.00569105691057,2870.4666666666667
DeAndre Jordan,Clippers,2014-15,C,34.390650406504065,2820.0333333333333
DeAndre Jordan,Clippers,2015-16,C,33.73593073593074,2597.6666666666665
DeAndre Jordan,Clippers,2016-17,C,31.732510288065846,2570.3333333333335
DeAndre Jordan,Clippers,2017-18,C,31.47380952380952,2423.483333333333
DeAndre Jordan,Knicks,2018-19,C,25.95438596491228,493.1333333333333
DeAndre Jordan,Lakers,2021-22,C,12.763020833333334,408.4166666666667
DeAndre Jordan,Mavericks,2018-19,C,31.081666666666663,1554.0833333333333
DeAndre Jordan,Nets,2019-20,C,22.03839285714286,1234.15
DeAndre Jordan,Nets,2020-21,C,21.8593567251462,1245.9833333333333
DeAndre Jordan,Nuggets,2022-23,C,15.022222222222222,585.8666666666667
DeAndre Jordan,Nuggets,2023-24,C,10.992592592592594,395.73333333333335
DeAndre Liggins,Bucks,2017-18,G,15.48010752688172,479.8833333333333
DeAndre Liggins,Cavaliers,2016-17,G,12.3275956284153,751.9833333333333
DeAndre Liggins,Heat,2013-14,G,1.4,1.4
DeAndre Liggins,Magic,2011-12,G,6.768627450980392,115.06666666666666
DeAndre Liggins,Mavericks,2016-17,G,24.616666666666667,24.616666666666667
DeAndre Liggins,Pelicans,2017-18,F,8.572222222222221,25.716666666666665
DeAndre Liggins,Pelicans,2017-18,G,9.081944444444444,217.96666666666667
DeAndre Liggins,Thunder,2012-13,G,7.436324786324786,290.01666666666665
DeAndre' Bembry,Bucks,2021-22,F,9.627083333333333,77.01666666666667
DeAndre' Bembry,Hawks,2016-17,F,11.286111111111111,203.15
DeAndre' Bembry,Hawks,2016-17,G,8.379999999999999,167.6
DeAndre' Bembry,Hawks,2017-18,F,16.98148148148148,152.83333333333334
DeAndre' Bembry,Hawks,2017-18,G,17.789215686274506,302.41666666666663
DeAndre' Bembry,Hawks,2018-19,F,23.89891304347826,1099.35
DeAndre' Bembry,Hawks,2018-19,G,23.111574074074074,832.0166666666667
DeAndre' Bembry,Hawks,2019-20,F,19.76228070175439,375.48333333333335
DeAndre' Bembry,Hawks,2019-20,G,22.496527777777775,539.9166666666666
DeAndre' Bembry,Nets,2021-22,F,19.798484848484847,871.1333333333333
DeAndre' Bembry,Nets,2021-22,G,19.475,77.9
DeAndre' Bembry,Raptors,2020-21,F,17.8462962962963,321.23333333333335
DeAndre' Bembry,Raptors,2020-21,G,19.715656565656566,650.6166666666667
DeJuan Blair,Mavericks,2013-14,C,15.562179487179487,1213.85
DeJuan Blair,Spurs,2010-11,C,21.401851851851852,1733.55
DeJuan Blair,Spurs,2011-12,C,21.300520833333334,1363.2333333333333
DeJuan Blair,Spurs,2012-13,C,13.663611111111111,819.8166666666666
DeJuan Blair,Spurs,2012-13,F,31.166666666666668,31.166666666666668
DeJuan Blair,Wizards,2014-15,C,6.220114942528736,180.38333333333333
DeJuan Blair,Wizards,2015-16,C,7.520689655172413,218.1
DeMar DeRozan,Bulls,2021-22,F,36.09166666666667,2742.9666666666667
DeMar DeRozan,Bulls,2022-23,F,36.237612612612615,2681.5833333333335
DeMar DeRozan,Bulls,2023-24,F,37.83037974683544,2988.6
DeMar DeRozan,Raptors,2010-11,G,34.76910569105691,2851.0666666666666
DeMar DeRozan,Raptors,2011-12,F,36.961111111111116,221.76666666666668
DeMar DeRozan,Raptors,2011-12,G,34.80497076023392,1983.8833333333334
DeMar DeRozan,Raptors,2012-13,G,36.744512195121956,3013.05
DeMar DeRozan,Raptors,2013-14,G,38.185443037974686,3016.65
DeMar DeRozan,Raptors,2014-15,F,34.20454545454545,376.25
DeMar DeRozan,Raptors,2014-15,G,35.18503401360544,1724.0666666666666
DeMar DeRozan,Raptors,2015-16,F,40.28333333333333,80.56666666666666
DeMar DeRozan,Raptors,2015-16,G,35.83201754385965,2723.233333333333
DeMar DeRozan,Raptors,2016-17,F,31.0,31.0
DeMar DeRozan,Raptors,2016-17,G,35.468721461187215,2589.2166666666667
DeMar DeRozan,Raptors,2017-18,G,33.89666666666666,2711.733333333333
DeMar DeRozan,Spurs,2018-19,F,35.36238095238095,1237.6833333333334
DeMar DeRozan,Spurs,2018-19,G,34.53531746031746,1450.4833333333333
DeMar DeRozan,Spurs,2019-20,F,34.06299019607843,2316.2833333333333
DeMar DeRozan,Spurs,2020-21,F,33.71256830601093,2056.4666666666667
DeMarcus Cousins,Bucks,2021-22,C,16.86470588235294,286.7
DeMarcus Cousins,Clippers,2020-21,C,12.922916666666667,206.76666666666668
DeMarcus Cousins,Kings,2010-11,C,27.302666666666667,1365.1333333333334
DeMarcus Cousins,Kings,2010-11,F,30.461290322580645,944.3
DeMarcus Cousins,Kings,2011-12,C,30.47109375,1950.15
DeMarcus Cousins,Kings,2012-13,C,30.52511111111111,2289.383333333333
DeMarcus Cousins,Kings,2013-14,C,32.36572769953052,2297.9666666666667
DeMarcus Cousins,Kings,2014-15,C,34.12175141242938,2013.1833333333334
DeMarcus Cousins,Kings,2015-16,C,34.08423423423423,1261.1166666666666
DeMarcus Cousins,Kings,2015-16,F,35.1702380952381,984.7666666666667
DeMarcus Cousins,Kings,2016-17,C,34.02121212121212,374.23333333333335
DeMarcus Cousins,Kings,2016-17,F,34.47689393939394,1516.9833333333333
DeMarcus Cousins,Nuggets,2021-22,C,13.888709677419355,430.55
DeMarcus Cousins,Pelicans,2016-17,C,33.77745098039216,574.2166666666667
DeMarcus Cousins,Pelicans,2017-18,C,36.18888888888889,1737.0666666666666
DeMarcus Cousins,Rockets,2020-21,C,20.244666666666667,506.1166666666667
DeMarcus Cousins,Warriors,2018-19,C,25.686111111111114,770.5833333333334
DeMarre Carroll,Grizzlies,2010-11,F,5.554761904761905,38.88333333333333
DeMarre Carroll,Hawks,2013-14,F,32.10925925925926,2311.866666666667
DeMarre Carroll,Hawks,2013-14,G,28.683333333333334,28.683333333333334
DeMarre Carroll,Hawks,2014-15,F,31.265238095238093,2188.5666666666666
DeMarre Carroll,Jazz,2011-12,F,16.371666666666666,327.43333333333334
DeMarre Carroll,Jazz,2012-13,F,16.831060606060603,1110.85
DeMarre Carroll,Nets,2017-18,F,29.85981735159817,2179.7666666666664
DeMarre Carroll,Nets,2018-19,F,25.42462686567164,1703.45
DeMarre Carroll,Nuggets,2011-12,F,5.141666666666667,20.566666666666666
DeMarre Carroll,Raptors,2015-16,F,30.248076923076926,786.45
DeMarre Carroll,Raptors,2016-17,F,26.130324074074075,1881.3833333333334
DeMarre Carroll,Rockets,2010-11,F,2.2233333333333336,11.116666666666667
DeMarre Carroll,Rockets,2019-20,F,17.211111111111112,154.9
DeMarre Carroll,Spurs,2019-20,F,8.997777777777777,134.96666666666667
DeQuan Jones,Magic,2012-13,F,12.013939393939394,660.7666666666667
DeQuan Jones,Magic,2012-13,G,17.78333333333333,142.26666666666665
DeSagana Diop,Bobcats,2010-11,C,11.31875,181.1
DeSagana Diop,Bobcats,2011-12,C,12.044444444444444,325.2
DeSagana Diop,Bobcats,2012-13,C,10.272727272727273,226.0
DeShawn Stevenson,Hawks,2012-13,F,20.53935185185185,739.4166666666666
DeShawn Stevenson,Hawks,2012-13,G,20.921666666666667,418.43333333333334
DeShawn Stevenson,Mavericks,2010-11,F,25.016666666666666,275.18333333333334
DeShawn Stevenson,Mavericks,2010-11,G,14.47896174863388,883.2166666666667
DeShawn Stevenson,Nets,2011-12,F,18.831699346405227,960.4166666666666
Dean Wade,Cavaliers,2019-20,F,5.951388888888889,71.41666666666667
Dean Wade,Cavaliers,2020-21,F,19.239947089947087,1212.1166666666666
Dean Wade,Cavaliers,2021-22,F,19.218627450980392,980.15
Dean Wade,Cavaliers,2022-23,F,20.263636363636365,891.6
Dean Wade,Cavaliers,2023-24,F,20.520370370370372,1108.1000000000001
Deandre Ayton,Suns,2018-19,C,30.742018779342725,2182.6833333333334
Deandre Ayton,Suns,2019-20,C,32.27904761904762,1129.7666666666667
Deandre Ayton,Suns,2019-20,F,35.52777777777778,106.58333333333333
Deandre Ayton,Suns,2020-21,C,30.646618357487924,2114.616666666667
Deandre Ayton,Suns,2021-22,C,29.52873563218391,1712.6666666666667
Deandre Ayton,Suns,2022-23,C,30.377860696517413,2035.3166666666666
Deandre Ayton,Trail Blazers,2023-24,C,32.4269696969697,1783.4833333333333
Dejounte Murray,Hawks,2022-23,G,36.3972972972973,2693.4
Dejounte Murray,Hawks,2023-24,G,35.68397435897436,2783.35
Dejounte Murray,Spurs,2016-17,G,8.460526315789474,321.5
Dejounte Murray,Spurs,2017-18,F,19.85,19.85
Dejounte Murray,Spurs,2017-18,G,21.538125,1723.05
Dejounte Murray,Spurs,2019-20,G,25.55732323232323,1686.7833333333333
Dejounte Murray,Spurs,2020-21,G,31.9318407960199,2139.4333333333334
Dejounte Murray,Spurs,2021-22,F,32.016666666666666,32.016666666666666
Dejounte Murray,Spurs,2021-22,G,34.83457711442786,2333.9166666666665
Delon Wright,Grizzlies,2018-19,G,30.84102564102564,801.8666666666667
Delon Wright,Hawks,2021-22,G,18.863852813852812,1452.5166666666667
Delon Wright,Heat,2023-24,G,20.407142857142855,285.7
Delon Wright,Kings,2020-21,G,25.77098765432099,695.8166666666667
Delon Wright,Mavericks,2019-20,F,22.966666666666665,22.966666666666665
Delon Wright,Mavericks,2019-20,G,21.48263888888889,1546.75
Delon Wright,Pistons,2020-21,G,29.22592592592592,1052.1333333333332
Delon Wright,Raptors,2015-16,G,8.491975308641976,229.28333333333333
Delon Wright,Raptors,2016-17,G,16.535185185185185,446.45
Delon Wright,Raptors,2017-18,G,20.76473429951691,1432.7666666666667
Delon Wright,Raptors,2018-19,G,18.298299319727892,896.6166666666667
Delon Wright,Wizards,2022-23,G,24.423333333333336,1221.1666666666667
Delon Wright,Wizards,2023-24,G,13.815151515151515,455.9
Delonte West,Celtics,2010-11,G,18.880555555555556,453.1333333333333
Delonte West,Mavericks,2011-12,G,24.098484848484848,1060.3333333333333
Deng Adel,Cavaliers,2018-19,F,10.219298245614036,194.16666666666669
Deni Avdija,Wizards,2020-21,F,23.275308641975307,1256.8666666666666
Deni Avdija,Wizards,2021-22,F,24.196138211382113,1984.0833333333333
Deni Avdija,Wizards,2022-23,F,26.58421052631579,2020.4
Deni Avdija,Wizards,2023-24,F,29.97716894977169,2188.3333333333335
Deni Avdija,Wizards,2023-24,G,34.166666666666664,68.33333333333333
Dennis Schroder,Celtics,2021-22,G,29.245238095238093,1433.0166666666667
Dennis Schroder,Hawks,2013-14,G,13.089795918367347,641.4
Dennis Schroder,Hawks,2014-15,G,19.689393939393938,1516.0833333333333
Dennis Schroder,Hawks,2015-16,G,20.2625,1621.0
Dennis Schroder,Hawks,2016-17,G,31.4542194092827,2484.883333333333
Dennis Schroder,Hawks,2017-18,G,31.013930348258707,2077.9333333333334
Dennis Schroder,Lakers,2020-21,G,32.070491803278685,1956.3
Dennis Schroder,Lakers,2022-23,G,30.090151515151515,1985.95
Dennis Schroder,Nets,2023-24,G,31.979310344827585,927.4
Dennis Schroder,Raptors,2023-24,G,30.560457516339866,1558.5833333333333
Dennis Schroder,Rockets,2021-22,G,26.965555555555557,404.48333333333335
Dennis Schroder,Thunder,2018-19,G,29.287974683544302,2313.75
Dennis Schroder,Thunder,2019-20,G,30.752820512820513,1998.9333333333334
Dennis Smith Jr.,Hornets,2022-23,G,25.73796296296296,1389.85
Dennis Smith Jr.,Knicks,2018-19,G,28.58015873015873,600.1833333333333
Dennis Smith Jr.,Knicks,2019-20,G,15.805882352941175,537.4
Dennis Smith Jr.,Knicks,2020-21,G,9.244444444444445,27.733333333333334
Dennis Smith Jr.,Mavericks,2017-18,G,29.6975845410628,2049.133333333333
Dennis Smith Jr.,Mavericks,2018-19,G,28.384375,908.3
Dennis Smith Jr.,Nets,2023-24,G,18.905357142857145,1058.7
Dennis Smith Jr.,Pistons,2020-21,G,19.61416666666667,392.28333333333336
Dennis Smith Jr.,Trail Blazers,2021-22,G,17.258108108108107,638.55
Denzel Valentine,Bulls,2016-17,F,17.274848484848484,950.1166666666667
Denzel Valentine,Bulls,2016-17,G,13.216666666666667,26.433333333333334
Denzel Valentine,Bulls,2017-18,F,27.20974025974026,2095.15
Denzel Valentine,Bulls,2019-20,F,11.945,358.35
Denzel Valentine,Bulls,2019-20,G,21.594444444444445,129.56666666666666
Denzel Valentine,Bulls,2020-21,F,16.61637426900585,947.1333333333333
Denzel Valentine,Bulls,2020-21,G,17.733333333333334,88.66666666666667
Denzel Valentine,Cavaliers,2021-22,F,9.252272727272727,203.55
Denzel Valentine,Jazz,2021-22,F,9.225,18.45
Dereck Lively II,Mavericks,2023-24,C,23.5330303030303,1294.3166666666666
Derek Fisher,Lakers,2010-11,G,28.012398373983743,2297.016666666667
Derek Fisher,Lakers,2011-12,G,25.602713178294575,1100.9166666666667
Derek Fisher,Mavericks,2012-13,G,25.390740740740743,228.51666666666668
Derek Fisher,Thunder,2011-12,G,20.335,406.7
Derek Fisher,Thunder,2012-13,G,14.426388888888889,346.23333333333335
Derek Fisher,Thunder,2013-14,G,17.630246913580248,1428.05
Deron Williams,Cavaliers,2016-17,G,20.26527777777778,486.3666666666667
Deron Williams,Jazz,2010-11,G,37.906603773584905,2009.05
Deron Williams,Mavericks,2015-16,G,32.4,2106.0
Deron Williams,Mavericks,2016-17,G,29.274166666666666,1170.9666666666667
Deron Williams,Nets,2010-11,G,37.99027777777778,455.8833333333333
Deron Williams,Nets,2011-12,G,36.342121212121214,1998.8166666666666
Deron Williams,Nets,2012-13,G,36.43824786324787,2842.1833333333334
Deron Williams,Nets,2013-14,G,32.17734375,2059.35
Deron Williams,Nets,2014-15,G,31.08872549019608,2114.0333333333333
Derrick Brown,Bobcats,2010-11,F,11.896341463414634,487.75
Derrick Brown,Bobcats,2011-12,F,22.204615384615384,1443.3
Derrick Brown,Knicks,2010-11,F,10.954166666666666,87.63333333333333
Derrick Favors,Jazz,2010-11,C,18.62222222222222,55.86666666666666
Derrick Favors,Jazz,2010-11,F,20.442982456140353,388.4166666666667
Derrick Favors,Jazz,2011-12,C,23.969444444444445,431.45
Derrick Favors,Jazz,2011-12,F,20.09078014184397,944.2666666666667
Derrick Favors,Jazz,2012-13,C,23.376190476190477,327.26666666666665
Derrick Favors,Jazz,2012-13,F,23.16878306878307,1459.6333333333334
Derrick Favors,Jazz,2013-14,C,28.20072463768116,1297.2333333333333
Derrick Favors,Jazz,2013-14,F,33.479629629629635,903.95
Derrick Favors,Jazz,2014-15,F,30.806081081081082,2279.65
Derrick Favors,Jazz,2015-16,C,33.90555555555556,406.8666666666667
Derrick Favors,Jazz,2015-16,F,31.526333333333334,1576.3166666666666
Derrick Favors,Jazz,2016-17,C,17.116666666666667,68.46666666666667
Derrick Favors,Jazz,2016-17,F,24.28514492753623,1117.1166666666666
Derrick Favors,Jazz,2017-18,C,30.206521739130434,694.75
Derrick Favors,Jazz,2017-18,F,27.01203703703704,1458.65
Derrick Favors,Jazz,2018-19,C,21.45555555555556,64.36666666666667
Derrick Favors,Jazz,2018-19,F,23.316438356164383,1702.1
Derrick Favors,Jazz,2020-21,C,14.929166666666667,119.43333333333334
Derrick Favors,Jazz,2020-21,F,15.329444444444444,919.7666666666667
Derrick Favors,Nets,2010-11,F,19.490178571428572,1091.45
Derrick Favors,Pelicans,2019-20,C,24.362091503267976,1242.4666666666667
Derrick Favors,Thunder,2021-22,C,16.730341880341882,652.4833333333333
Derrick Jones Jr.,Bulls,2021-22,F,17.636274509803922,899.45
Derrick Jones Jr.,Bulls,2022-23,F,13.959895833333334,893.4333333333334
Derrick Jones Jr.,Heat,2017-18,F,8.438095238095238,59.06666666666666
Derrick Jones Jr.,Heat,2017-18,G,21.87857142857143,153.15
Derrick Jones Jr.,Heat,2018-19,F,19.28723404255319,906.5
Derrick Jones Jr.,Heat,2018-19,G,19.006410256410255,247.08333333333334
Derrick Jones Jr.,Heat,2019-20,F,23.710507246376814,1090.6833333333334
Derrick Jones Jr.,Heat,2019-20,G,21.87820512820513,284.4166666666667
Derrick Jones Jr.,Mavericks,2023-24,F,23.458991228070175,1782.8833333333334
Derrick Jones Jr.,Suns,2016-17,F,17.5731884057971,404.18333333333334
Derrick Jones Jr.,Suns,2016-17,G,15.690740740740742,141.21666666666667
Derrick Jones Jr.,Suns,2017-18,F,5.386666666666667,26.933333333333334
Derrick Jones Jr.,Suns,2017-18,G,6.033333333333333,6.033333333333333
Derrick Jones Jr.,Trail Blazers,2020-21,F,22.72298850574713,1317.9333333333334
Derrick Rose,Bulls,2010-11,G,37.35637860082305,3025.866666666667
Derrick Rose,Bulls,2011-12,G,35.243589743589745,1374.5
Derrick Rose,Bulls,2013-14,G,31.08833333333333,310.8833333333333
Derrick Rose,Bulls,2014-15,G,29.998039215686276,1529.9
Derrick Rose,Bulls,2015-16,G,31.77929292929293,2097.4333333333334
Derrick Rose,Cavaliers,2017-18,G,19.226041666666667,307.6166666666667
Derrick Rose,Grizzlies,2023-24,G,16.63888888888889,399.3333333333333
Derrick Rose,Knicks,2016-17,G,32.528645833333336,2081.8333333333335
Derrick Rose,Knicks,2020-21,G,26.77952380952381,937.2833333333333
Derrick Rose,Knicks,2021-22,G,24.45705128205128,635.8833333333333
Derrick Rose,Knicks,2022-23,G,12.51358024691358,337.8666666666667
Derrick Rose,Pistons,2019-20,G,25.953666666666667,1297.6833333333334
Derrick Rose,Pistons,2020-21,G,22.77111111111111,341.56666666666666
Derrick Rose,Timberwolves,2017-18,G,12.403703703703705,111.63333333333334
Derrick Rose,Timberwolves,2018-19,G,27.297712418300655,1392.1833333333334
Derrick Walton Jr.,Clippers,2019-20,G,9.647826086956522,221.9
Derrick Walton Jr.,Heat,2017-18,G,9.201041666666667,147.21666666666667
Derrick Walton Jr.,Pistons,2019-20,G,8.799999999999999,26.4
Derrick Walton Jr.,Pistons,2021-22,G,36.077777777777776,108.23333333333333
Derrick White,Celtics,2021-22,G,27.426923076923078,713.1
Derrick White,Celtics,2022-23,G,28.284756097560976,2319.35
Derrick White,Celtics,2023-24,G,32.61643835616438,2381.0
Derrick White,Spurs,2017-18,F,16.375,32.75
Derrick White,Spurs,2017-18,G,7.065555555555556,105.98333333333333
Derrick White,Spurs,2018-19,F,26.76111111111111,481.7
Derrick White,Spurs,2018-19,G,25.434013605442175,1246.2666666666667
Derrick White,Spurs,2019-20,F,23.95952380952381,167.71666666666667
Derrick White,Spurs,2019-20,G,24.738251366120217,1509.0333333333333
Derrick White,Spurs,2020-21,G,29.543055555555554,1063.55
Derrick White,Spurs,2021-22,G,30.320748299319728,1485.7166666666667
Derrick Williams,Cavaliers,2016-17,F,17.09,427.25
Derrick Williams,Heat,2016-17,F,15.084000000000001,377.1
Derrick Williams,Kings,2013-14,F,24.748258706467663,1658.1333333333334
Derrick Williams,Kings,2014-15,F,19.752702702702702,1461.7
Derrick Williams,Knicks,2015-16,F,17.93625,1434.9
Derrick Williams,Lakers,2017-18,F,4.258333333333333,8.516666666666666
Derrick Williams,Timberwolves,2011-12,F,21.48030303030303,1417.7
Derrick Williams,Timberwolves,2012-13,F,24.56260683760684,1915.8833333333334
Derrick Williams,Timberwolves,2013-14,F,14.73030303030303,162.03333333333333
Desmond Bane,Grizzlies,2020-21,F,22.269444444444446,267.23333333333335
Desmond Bane,Grizzlies,2020-21,G,22.35297619047619,1251.7666666666667
Desmond Bane,Grizzlies,2021-22,F,29.033333333333335,377.43333333333334
Desmond Bane,Grizzlies,2021-22,G,29.98148148148148,1888.8333333333333
Desmond Bane,Grizzlies,2022-23,F,33.0625,132.25
Desmond Bane,Grizzlies,2022-23,G,31.651234567901238,1709.1666666666667
Desmond Bane,Grizzlies,2023-24,F,33.545833333333334,134.18333333333334
Desmond Bane,Grizzlies,2023-24,G,34.4390350877193,1308.6833333333334
Devin Booker,Suns,2015-16,G,27.73267543859649,2107.6833333333334
Devin Booker,Suns,2016-17,F,34.65555555555556,103.96666666666667
Devin Booker,Suns,2016-17,G,35.02088888888889,2626.5666666666666
Devin Booker,Suns,2017-18,G,34.54228395061728,1865.2833333333333
Devin Booker,Suns,2018-19,G,35.0328125,2242.1
Devin Booker,Suns,2019-20,G,35.88047619047619,2511.633333333333
Devin Booker,Suns,2020-21,G,33.88109452736318,2270.0333333333333
Devin Booker,Suns,2021-22,G,34.47916666666667,2344.5833333333335
Devin Booker,Suns,2022-23,G,34.630188679245286,1835.4
Devin Booker,Suns,2023-24,G,35.98014705882353,2446.65
Devin Ebanks,Lakers,2010-11,F,3.9972222222222222,23.983333333333334
Devin Ebanks,Lakers,2010-11,G,6.689285714285715,93.65
Devin Ebanks,Lakers,2011-12,F,15.855555555555554,142.7
Devin Ebanks,Lakers,2011-12,G,16.87666666666667,253.15
Devin Ebanks,Lakers,2012-13,F,10.928333333333333,109.28333333333333
Devin Ebanks,Lakers,2012-13,G,9.70185185185185,87.31666666666666
Devin Harris,Hawks,2012-13,G,24.50603448275862,1421.35
Devin Harris,Jazz,2010-11,G,31.170588235294115,529.9
Devin Harris,Jazz,2011-12,G,27.63730158730159,1741.15
Devin Harris,Mavericks,2013-14,G,20.445,817.8
Devin Harris,Mavericks,2014-15,G,22.173026315789475,1685.15
Devin Harris,Mavericks,2015-16,G,20.007552083333334,1280.4833333333333
Devin Harris,Mavericks,2016-17,G,16.726153846153846,1087.2
Devin Harris,Mavericks,2017-18,G,18.33409090909091,806.7
Devin Harris,Mavericks,2018-19,G,15.743872549019606,1070.5833333333333
Devin Harris,Nets,2010-11,G,31.924382716049383,1723.9166666666667
Devin Harris,Nuggets,2017-18,G,19.73456790123457,532.8333333333334
Devin Vassell,Spurs,2020-21,F,12.35,86.45
Devin Vassell,Spurs,2020-21,G,17.62757575757576,969.5166666666667
Devin Vassell,Spurs,2021-22,F,29.564999999999998,591.3
Devin Vassell,Spurs,2021-22,G,26.383986928104573,1345.5833333333333
Devin Vassell,Spurs,2022-23,F,29.163333333333334,145.81666666666666
Devin Vassell,Spurs,2022-23,G,31.28030303030303,1032.25
Devin Vassell,Spurs,2023-24,F,31.297619047619047,219.08333333333334
Devin Vassell,Spurs,2023-24,G,33.2568306010929,2028.6666666666667
Devontae Cacok,Lakers,2019-20,C,8.866666666666667,8.866666666666667
Devontae Cacok,Lakers,2020-21,C,4.881666666666666,97.63333333333333
Devontae Cacok,Spurs,2021-22,C,8.067777777777778,121.01666666666667
Devonte' Graham,Hornets,2018-19,G,14.697826086956523,676.1
Devonte' Graham,Hornets,2019-20,G,35.09867724867725,2211.2166666666667
Devonte' Graham,Hornets,2020-21,G,30.15727272727273,1658.65
Devonte' Graham,Pelicans,2021-22,G,28.442105263157895,2161.6
Devonte' Graham,Pelicans,2022-23,G,15.303459119496855,811.0833333333334
Devonte' Graham,Spurs,2022-23,G,26.368333333333332,527.3666666666667
Devonte' Graham,Spurs,2023-24,G,13.605072463768117,312.9166666666667
Devyn Marble,Magic,2014-15,F,13.011458333333334,208.18333333333334
Devyn Marble,Magic,2015-16,F,8.883333333333333,248.73333333333332
Dewayne Dedmon,76ers,2013-14,C,13.67121212121212,150.38333333333333
Dewayne Dedmon,76ers,2022-23,C,9.547916666666666,76.38333333333333
Dewayne Dedmon,Hawks,2017-18,C,24.80191256830601,1512.9166666666667
Dewayne Dedmon,Hawks,2017-18,F,29.383333333333333,29.383333333333333
Dewayne Dedmon,Hawks,2018-19,C,25.316384180790962,1493.6666666666667
Dewayne Dedmon,Hawks,2018-19,F,23.11,115.55
Dewayne Dedmon,Hawks,2019-20,C,23.31,233.1
Dewayne Dedmon,Heat,2020-21,C,13.155208333333334,210.48333333333335
Dewayne Dedmon,Heat,2021-22,C,15.898258706467663,1065.1833333333334
Dewayne Dedmon,Heat,2022-23,C,11.66111111111111,349.8333333333333
Dewayne Dedmon,Kings,2019-20,C,15.89950980392157,540.5833333333334
Dewayne Dedmon,Magic,2013-14,C,15.475,185.7
Dewayne Dedmon,Magic,2013-14,F,12.1625,48.65
Dewayne Dedmon,Magic,2014-15,C,12.96868686868687,427.9666666666667
Dewayne Dedmon,Magic,2014-15,F,16.04423076923077,417.15
Dewayne Dedmon,Magic,2015-16,C,13.056028368794326,613.6333333333333
Dewayne Dedmon,Magic,2015-16,F,8.298484848484849,91.28333333333333
Dewayne Dedmon,Spurs,2016-17,C,17.495833333333334,1329.6833333333334
Dewayne Dedmon,Warriors,2013-14,C,1.4291666666666667,5.716666666666667
Dexter Pittman,Grizzlies,2012-13,C,2.878571428571429,20.150000000000002
Dexter Pittman,Hawks,2013-14,C,1.4666666666666668,2.9333333333333336
Dexter Pittman,Heat,2010-11,C,5.616666666666666,11.233333333333333
Dexter Pittman,Heat,2011-12,C,8.598571428571429,300.95
Dexter Pittman,Heat,2012-13,C,2.925,11.7
Deyonta Davis,Grizzlies,2016-17,C,6.612037037037037,238.03333333333333
Deyonta Davis,Grizzlies,2017-18,C,15.204301075268816,942.6666666666666
Deyonta Davis,Hawks,2018-19,C,13.15925925925926,118.43333333333334
Didi Louzada,Pelicans,2020-21,F,18.777777777777775,56.33333333333333
Didi Louzada,Pelicans,2021-22,F,3.4666666666666663,6.933333333333333
Didi Louzada,Trail Blazers,2021-22,F,17.49047619047619,122.43333333333334
Dillon Brooks,Grizzlies,2017-18,F,28.34320987654321,1530.5333333333333
Dillon Brooks,Grizzlies,2017-18,G,29.26309523809524,819.3666666666667
Dillon Brooks,Grizzlies,2018-19,F,18.805952380952384,263.28333333333336
Dillon Brooks,Grizzlies,2018-19,G,16.654166666666665,66.61666666666666
Dillon Brooks,Grizzlies,2019-20,F,30.233333333333334,241.86666666666667
Dillon Brooks,Grizzlies,2019-20,G,28.771538461538462,1870.15
Dillon Brooks,Grizzlies,2020-21,F,30.095578231292517,1474.6833333333334
Dillon Brooks,Grizzlies,2020-21,G,29.0,522.0
Dillon Brooks,Grizzlies,2021-22,F,27.813888888888886,834.4166666666666
Dillon Brooks,Grizzlies,2021-22,G,25.308333333333334,50.61666666666667
Dillon Brooks,Grizzlies,2022-23,F,30.33587962962963,2184.1833333333334
Dillon Brooks,Grizzlies,2022-23,G,30.083333333333332,30.083333333333332
Dillon Brooks,Rockets,2023-24,F,30.92777777777778,2226.8
Dion Waiters,Cavaliers,2012-13,G,28.792349726775956,1756.3333333333333
Dion Waiters,Cavaliers,2013-14,G,29.60095238095238,2072.0666666666666
Dion Waiters,Cavaliers,2014-15,G,23.818181818181817,786.0
Dion Waiters,Heat,2016-17,G,30.09202898550725,1384.2333333333333
Dion Waiters,Heat,2017-18,G,30.584444444444443,917.5333333333333
Dion Waiters,Heat,2018-19,F,31.683333333333334,31.683333333333334
Dion Waiters,Heat,2018-19,G,25.725968992248063,1106.2166666666667
Dion Waiters,Heat,2019-20,G,14.02222222222222,42.06666666666666
Dion Waiters,Lakers,2019-20,G,23.626190476190477,165.38333333333333
Dion Waiters,Thunder,2014-15,F,28.7925,575.85
Dion Waiters,Thunder,2014-15,G,31.34135802469136,846.2166666666667
Dion Waiters,Thunder,2015-16,F,25.77745098039216,438.2166666666667
Dion Waiters,Thunder,2015-16,G,28.088797814207652,1713.4166666666667
Dirk Nowitzki,Mavericks,2010-11,F,34.30091324200913,2503.9666666666667
Dirk Nowitzki,Mavericks,2011-12,F,33.53413978494624,2079.116666666667
Dirk Nowitzki,Mavericks,2012-13,C,22.3,44.6
Dirk Nowitzki,Mavericks,2012-13,F,31.702614379084967,1616.8333333333333
Dirk Nowitzki,Mavericks,2013-14,F,32.851875,2628.15
Dirk Nowitzki,Mavericks,2014-15,C,29.825000000000003,59.650000000000006
Dirk Nowitzki,Mavericks,2014-15,F,29.62777777777778,2222.0833333333335
Dirk Nowitzki,Mavericks,2015-16,C,31.96666666666667,95.9
Dirk Nowitzki,Mavericks,2015-16,F,31.494907407407407,2267.633333333333
Dirk Nowitzki,Mavericks,2016-17,C,26.200000000000003,943.2
Dirk Nowitzki,Mavericks,2016-17,F,26.728703703703705,481.1166666666667
Dirk Nowitzki,Mavericks,2017-18,C,24.843464052287583,1267.0166666666667
Dirk Nowitzki,Mavericks,2017-18,F,24.35897435897436,633.3333333333334
Dirk Nowitzki,Mavericks,2018-19,C,10.566666666666666,52.833333333333336
Dirk Nowitzki,Mavericks,2018-19,F,16.13695652173913,742.3
Domantas Sabonis,Kings,2021-22,C,33.62222222222222,504.3333333333333
Domantas Sabonis,Kings,2022-23,C,34.62763713080169,2735.5833333333335
Domantas Sabonis,Kings,2023-24,C,35.707723577235775,2928.0333333333333
Domantas Sabonis,Pacers,2017-18,C,26.1625,941.85
Domantas Sabonis,Pacers,2017-18,F,22.849561403508773,868.2833333333333
Domantas Sabonis,Pacers,2018-19,C,26.058796296296297,938.1166666666667
Domantas Sabonis,Pacers,2018-19,F,23.692982456140353,900.3333333333334
Domantas Sabonis,Pacers,2019-20,C,35.32592592592593,317.93333333333334
Domantas Sabonis,Pacers,2019-20,F,34.73018867924528,1840.7
Domantas Sabonis,Pacers,2020-21,C,36.38333333333333,618.5166666666667
Domantas Sabonis,Pacers,2020-21,F,35.843333333333334,1612.95
Domantas Sabonis,Pacers,2021-22,C,36.78333333333333,625.3166666666666
Domantas Sabonis,Pacers,2021-22,F,33.54055555555556,1006.2166666666667
Domantas Sabonis,Thunder,2016-17,F,20.141769547325104,1631.4833333333333
Dominic McGuire,Bobcats,2010-11,F,15.567424242424243,684.9666666666667
Dominic McGuire,Bobcats,2010-11,G,9.429166666666667,75.43333333333334
Dominic McGuire,Hornets,2012-13,F,16.064814814814817,144.58333333333334
Dominic McGuire,Pacers,2012-13,F,6.008333333333333,12.016666666666666
Dominic McGuire,Raptors,2012-13,F,15.352222222222222,230.28333333333333
Dominic McGuire,Warriors,2011-12,F,18.068181818181817,198.75
Dominic McGuire,Warriors,2011-12,G,17.5185534591195,928.4833333333333
Dominick Barlow,Spurs,2022-23,C,14.555357142857144,407.55
Dominick Barlow,Spurs,2023-24,C,12.713636363636365,419.55
Dominique Jones,Mavericks,2010-11,G,7.506481481481482,135.11666666666667
Dominique Jones,Mavericks,2011-12,G,8.13080808080808,268.31666666666666
Dominique Jones,Mavericks,2012-13,G,11.64310344827586,337.65
Donald Sloan,Cavaliers,2011-12,G,24.33866666666667,608.4666666666667
Donald Sloan,Cavaliers,2012-13,G,12.843333333333334,256.8666666666667
Donald Sloan,Hawks,2011-12,G,3.986666666666667,19.933333333333334
Donald Sloan,Hornets,2011-12,G,13.716666666666667,41.15
Donald Sloan,Hornets,2012-13,G,2.1,6.3
Donald Sloan,Nets,2015-16,G,21.603551912568307,1317.8166666666666
Donald Sloan,Pacers,2013-14,G,8.17013888888889,392.1666666666667
Donald Sloan,Pacers,2014-15,G,20.882075471698112,1106.75
Donatas Motiejunas,Pelicans,2016-17,F,14.079411764705881,478.7
Donatas Motiejunas,Rockets,2012-13,C,0.9833333333333333,0.9833333333333333
Donatas Motiejunas,Rockets,2012-13,F,12.47751937984496,536.5333333333333
Donatas Motiejunas,Rockets,2013-14,C,12.863333333333333,64.31666666666666
Donatas Motiejunas,Rockets,2013-14,F,15.57719298245614,887.9
Donatas Motiejunas,Rockets,2014-15,C,28.21904761904762,395.06666666666666
Donatas Motiejunas,Rockets,2014-15,F,28.80497076023392,1641.8833333333334
Donatas Motiejunas,Rockets,2015-16,F,14.776126126126126,546.7166666666667
Donatas Motiejunas,Spurs,2018-19,F,4.261111111111111,12.783333333333333
Donovan Mitchell,Cavaliers,2022-23,F,34.516666666666666,34.516666666666666
Donovan Mitchell,Cavaliers,2022-23,G,35.789054726368164,2397.866666666667
Donovan Mitchell,Cavaliers,2023-24,G,35.32151515151515,1942.6833333333334
Donovan Mitchell,Jazz,2017-18,G,33.393881856540084,2638.116666666667
Donovan Mitchell,Jazz,2018-19,G,33.74393939393939,2598.2833333333333
Donovan Mitchell,Jazz,2019-20,G,34.26038647342995,2363.9666666666667
Donovan Mitchell,Jazz,2020-21,G,33.42358490566038,1771.45
Donovan Mitchell,Jazz,2021-22,G,33.81517412935324,2265.616666666667
Donte DiVincenzo,Bucks,2018-19,G,15.232716049382717,411.28333333333336
Donte DiVincenzo,Bucks,2019-20,F,19.433333333333334,19.433333333333334
Donte DiVincenzo,Bucks,2019-20,G,23.092307692307692,1501.0
Donte DiVincenzo,Bucks,2020-21,G,27.494949494949495,1814.6666666666667
Donte DiVincenzo,Bucks,2021-22,G,20.05,340.85
Donte DiVincenzo,Kings,2021-22,F,27.793333333333333,138.96666666666667
Donte DiVincenzo,Kings,2021-22,G,26.28,525.6
Donte DiVincenzo,Knicks,2023-24,F,30.597916666666666,489.56666666666666
Donte DiVincenzo,Knicks,2023-24,G,28.78205128205128,1870.8333333333333
Donte DiVincenzo,Warriors,2022-23,F,26.33615384615385,1711.8500000000001
Donte DiVincenzo,Warriors,2022-23,G,26.08809523809524,182.61666666666667
Donte Greene,Kings,2010-11,F,16.335024154589373,1127.1166666666668
Donte Greene,Kings,2011-12,F,14.668553459119495,777.4333333333333
Dorell Wright,76ers,2012-13,F,22.566666666666666,1782.7666666666667
Dorell Wright,Trail Blazers,2013-14,F,14.477696078431373,984.4833333333333
Dorell Wright,Trail Blazers,2014-15,F,12.344097222222222,592.5166666666667
Dorell Wright,Warriors,2010-11,F,38.37560975609756,3146.8
Dorell Wright,Warriors,2011-12,F,27.049726775956284,1650.0333333333333
Dorian Finney-Smith,Mavericks,2016-17,C,16.383333333333333,16.383333333333333
Dorian Finney-Smith,Mavericks,2016-17,F,20.283760683760683,1582.1333333333332
Dorian Finney-Smith,Mavericks,2016-17,G,21.708333333333336,43.41666666666667
Dorian Finney-Smith,Mavericks,2017-18,C,20.583333333333332,20.583333333333332
Dorian Finney-Smith,Mavericks,2017-18,F,17.793055555555558,213.51666666666668
Dorian Finney-Smith,Mavericks,2017-18,G,26.77916666666667,214.23333333333335
Dorian Finney-Smith,Mavericks,2018-19,C,23.266666666666666,46.53333333333333
Dorian Finney-Smith,Mavericks,2018-19,F,23.836666666666666,1668.5666666666666
Dorian Finney-Smith,Mavericks,2018-19,G,30.02592592592593,270.23333333333335
Dorian Finney-Smith,Mavericks,2019-20,C,37.93333333333333,37.93333333333333
Dorian Finney-Smith,Mavericks,2019-20,F,29.737380952380953,2081.616666666667
Dorian Finney-Smith,Mavericks,2020-21,F,32.00944444444444,1920.5666666666666
Dorian Finney-Smith,Mavericks,2021-22,F,33.045208333333335,2643.616666666667
Dorian Finney-Smith,Mavericks,2022-23,F,32.18833333333333,1287.5333333333333
Dorian Finney-Smith,Nets,2022-23,F,27.74230769230769,721.3
Dorian Finney-Smith,Nets,2023-24,C,32.11,321.1
Dorian Finney-Smith,Nets,2023-24,F,27.819540229885057,1613.5333333333333
Doug McDermott,Bulls,2014-15,F,8.912037037037036,320.8333333333333
Doug McDermott,Bulls,2015-16,F,23.166452991452992,1806.9833333333333
Doug McDermott,Bulls,2015-16,G,17.872222222222224,53.61666666666667
Doug McDermott,Bulls,2016-17,F,24.318650793650793,1021.3833333333333
Doug McDermott,Bulls,2016-17,G,28.183333333333337,56.366666666666674
Doug McDermott,Knicks,2017-18,F,21.30818181818182,1171.95
Doug McDermott,Mavericks,2017-18,F,22.868055555555557,548.8333333333334
Doug McDermott,Mavericks,2017-18,G,23.625,47.25
Doug McDermott,Pacers,2018-19,F,17.39891774891775,1339.7166666666667
Doug McDermott,Pacers,2019-20,F,19.88985507246377,1372.4
Doug McDermott,Pacers,2020-21,F,24.53181818181818,1619.1
Doug McDermott,Pacers,2023-24,F,11.350925925925926,204.31666666666666
Doug McDermott,Spurs,2021-22,F,23.98496732026144,1223.2333333333333
Doug McDermott,Spurs,2022-23,F,20.534114583333334,1314.1833333333334
Doug McDermott,Spurs,2023-24,F,15.220652173913043,700.15
Doug McDermott,Thunder,2016-17,F,19.546212121212122,430.01666666666665
Dragan Bender,Bucks,2019-20,C,12.95952380952381,90.71666666666667
Dragan Bender,Suns,2016-17,C,14.13,70.65
Dragan Bender,Suns,2016-17,F,13.23640350877193,502.98333333333335
Dragan Bender,Suns,2017-18,C,23.26111111111111,209.35
Dragan Bender,Suns,2017-18,F,25.48036529680365,1860.0666666666666
Dragan Bender,Suns,2018-19,C,18.451851851851853,166.06666666666666
Dragan Bender,Suns,2018-19,F,17.84234234234234,660.1666666666666
Dragan Bender,Warriors,2019-20,C,21.646296296296295,194.81666666666666
Draymond Green,Warriors,2012-13,C,9.188888888888888,55.13333333333333
Draymond Green,Warriors,2012-13,F,13.77945205479452,1005.9
Draymond Green,Warriors,2013-14,C,21.818333333333335,218.18333333333334
Draymond Green,Warriors,2013-14,F,21.924999999999997,1578.6
Draymond Green,Warriors,2014-15,F,31.519409282700423,2490.0333333333333
Draymond Green,Warriors,2015-16,C,37.855555555555554,113.56666666666666
Draymond Green,Warriors,2015-16,F,34.54401709401709,2694.4333333333334
Draymond Green,Warriors,2016-17,F,32.511842105263156,2470.9
Draymond Green,Warriors,2017-18,F,32.66857142857143,2286.8
Draymond Green,Warriors,2018-19,C,32.4,32.4
Draymond Green,Warriors,2018-19,F,31.266153846153845,2032.3
Draymond Green,Warriors,2019-20,C,28.816666666666666,57.63333333333333
Draymond Green,Warriors,2019-20,F,28.391056910569105,1164.0333333333333
Draymond Green,Warriors,2020-21,C,33.09814814814815,297.8833333333333
Draymond Green,Warriors,2020-21,F,31.183333333333334,1683.9
Draymond Green,Warriors,2021-22,C,23.16111111111111,69.48333333333333
Draymond Green,Warriors,2021-22,F,29.291472868217053,1259.5333333333333
Draymond Green,Warriors,2022-23,C,32.226388888888884,386.71666666666664
Draymond Green,Warriors,2022-23,F,31.32704918032787,1910.95
Draymond Green,Warriors,2023-24,C,28.173456790123456,760.6833333333333
Draymond Green,Warriors,2023-24,F,26.055952380952384,729.5666666666667
Drew Eubanks,Spurs,2018-19,C,5.17936507936508,108.76666666666667
Drew Eubanks,Spurs,2018-19,F,2.325,4.65
Drew Eubanks,Spurs,2019-20,C,11.355,227.1
Drew Eubanks,Spurs,2019-20,F,22.566666666666666,45.13333333333333
Drew Eubanks,Spurs,2020-21,C,13.790625,661.95
Drew Eubanks,Spurs,2020-21,F,15.555555555555555,93.33333333333333
Drew Eubanks,Spurs,2021-22,C,11.82463768115942,543.9333333333333
Drew Eubanks,Spurs,2021-22,F,16.905555555555555,50.71666666666666
Drew Eubanks,Suns,2023-24,C,15.583555555555556,1168.7666666666667
Drew Eubanks,Trail Blazers,2021-22,C,29.543939393939397,649.9666666666667
Drew Eubanks,Trail Blazers,2022-23,C,20.303418803418804,1583.6666666666667
Drew Gooden,Bucks,2010-11,C,24.173333333333336,362.6
Drew Gooden,Bucks,2010-11,F,24.865000000000002,497.3
Drew Gooden,Bucks,2011-12,C,26.62848484848485,1464.5666666666666
Drew Gooden,Bucks,2011-12,F,4.283333333333333,4.283333333333333
Drew Gooden,Bucks,2012-13,C,9.402777777777777,112.83333333333333
Drew Gooden,Bucks,2012-13,F,9.65,38.6
Drew Gooden,Wizards,2013-14,C,14.4,14.4
Drew Gooden,Wizards,2013-14,F,18.13015873015873,380.73333333333335
Drew Gooden,Wizards,2014-15,C,13.266666666666666,39.8
Drew Gooden,Wizards,2014-15,F,17.165277777777778,823.9333333333333
Drew Gooden,Wizards,2015-16,F,10.172777777777778,305.18333333333334
Dru Smith,Heat,2022-23,G,13.386666666666667,66.93333333333334
Dru Smith,Heat,2023-24,G,14.544444444444444,130.9
Dru Smith,Nets,2022-23,G,9.15,91.5
Duane Washington Jr.,Pacers,2021-22,G,20.16736111111111,968.0333333333333
Duane Washington Jr.,Suns,2022-23,G,12.704301075268816,393.8333333333333
Duncan Robinson,Heat,2018-19,F,2.227777777777778,6.683333333333334
Duncan Robinson,Heat,2018-19,G,12.854166666666666,154.25
Duncan Robinson,Heat,2019-20,F,17.391666666666666,34.78333333333333
Duncan Robinson,Heat,2019-20,G,30.011032863849763,2130.7833333333333
Duncan Robinson,Heat,2020-21,F,31.645454545454548,348.1
Duncan Robinson,Heat,2020-21,G,31.37185792349727,1913.6833333333334
Duncan Robinson,Heat,2021-22,F,26.71746031746032,561.0666666666667
Duncan Robinson,Heat,2021-22,G,25.547701149425286,1481.7666666666667
Duncan Robinson,Heat,2022-23,F,16.85,84.25
Duncan Robinson,Heat,2022-23,G,16.384684684684686,606.2333333333333
Duncan Robinson,Heat,2023-24,F,21.291666666666664,85.16666666666666
Duncan Robinson,Heat,2023-24,G,28.443229166666665,1820.3666666666666
Duop Reath,Trail Blazers,2023-24,C,17.854656862745095,1214.1166666666666
Dwayne Bacon,Hornets,2017-18,F,17.349999999999998,208.2
Dwayne Bacon,Hornets,2017-18,G,12.31260162601626,504.81666666666666
Dwayne Bacon,Hornets,2018-19,F,10.125,101.25
Dwayne Bacon,Hornets,2018-19,G,19.923232323232323,657.4666666666667
Dwayne Bacon,Hornets,2019-20,F,16.11,80.55
Dwayne Bacon,Hornets,2019-20,G,17.845098039215685,606.7333333333333
Dwayne Bacon,Magic,2020-21,F,24.405128205128204,951.8
Dwayne Bacon,Magic,2020-21,G,27.302525252525253,900.9833333333333
Dwight Howard,76ers,2020-21,C,17.326328502415457,1195.5166666666667
Dwight Howard,Hawks,2016-17,C,29.71328828828829,2198.7833333333333
Dwight Howard,Hornets,2017-18,C,30.412551440329217,2463.4166666666665
Dwight Howard,Lakers,2012-13,C,35.81337719298246,2721.8166666666666
Dwight Howard,Lakers,2019-20,C,18.923188405797102,1305.7
Dwight Howard,Lakers,2021-22,C,16.17888888888889,970.7333333333333
Dwight Howard,Magic,2010-11,C,37.62735042735043,2934.9333333333334
Dwight Howard,Magic,2011-12,C,38.326851851851856,2069.65
Dwight Howard,Rockets,2013-14,C,33.45925925925926,2107.9333333333334
Dwight Howard,Rockets,2013-14,F,36.0625,288.5
Dwight Howard,Rockets,2014-15,C,29.8239837398374,1222.7833333333333
Dwight Howard,Rockets,2015-16,C,32.10845070422535,2279.7
Dwight Howard,Wizards,2018-19,C,25.503703703703703,229.53333333333333
Dwight Powell,Celtics,2014-15,C,1.8366666666666667,9.183333333333334
Dwight Powell,Mavericks,2014-15,C,9.465277777777777,227.16666666666666
Dwight Powell,Mavericks,2015-16,C,14.371497584541062,991.6333333333333
Dwight Powell,Mavericks,2016-17,C,16.701801801801803,1235.9333333333334
Dwight Powell,Mavericks,2016-17,F,32.51111111111111,97.53333333333333
Dwight Powell,Mavericks,2017-18,C,20.807236842105265,1581.3500000000001
Dwight Powell,Mavericks,2017-18,F,30.133333333333336,90.4
Dwight Powell,Mavericks,2018-19,C,21.605701754385965,1642.0333333333333
Dwight Powell,Mavericks,2018-19,F,20.516666666666666,20.516666666666666
Dwight Powell,Mavericks,2019-20,C,26.443162393162392,1031.2833333333333
Dwight Powell,Mavericks,2019-20,F,29.266666666666666,29.266666666666666
Dwight Powell,Mavericks,2020-21,C,16.5733918128655,944.6833333333334
Dwight Powell,Mavericks,2020-21,F,20.916666666666668,20.916666666666668
Dwight Powell,Mavericks,2021-22,C,22.098559670781892,1789.9833333333333
Dwight Powell,Mavericks,2021-22,F,8.233333333333333,8.233333333333333
Dwight Powell,Mavericks,2022-23,C,19.182894736842105,1457.9
Dwight Powell,Mavericks,2023-24,C,13.274603174603174,836.3
Dwyane Wade,Bulls,2016-17,G,29.87027777777778,1792.2166666666667
Dwyane Wade,Cavaliers,2017-18,G,23.233695652173914,1068.75
Dwyane Wade,Heat,2010-11,G,37.147587719298244,2823.2166666666667
Dwyane Wade,Heat,2011-12,G,33.16700680272109,1625.1833333333334
Dwyane Wade,Heat,2012-13,G,34.64541062801932,2390.5333333333333
Dwyane Wade,Heat,2013-14,F,18.45,18.45
Dwyane Wade,Heat,2013-14,G,33.13616352201258,1756.2166666666667
Dwyane Wade,Heat,2014-15,G,31.788172043010753,1970.8666666666668
Dwyane Wade,Heat,2015-16,G,30.51373873873874,2258.016666666667
Dwyane Wade,Heat,2017-18,G,22.256349206349206,467.3833333333333
Dwyane Wade,Heat,2018-19,G,26.18402777777778,1885.25
Dyson Daniels,Pelicans,2022-23,G,17.663841807909606,1042.1666666666667
Dyson Daniels,Pelicans,2023-24,G,22.271311475409835,1358.55
E'Twaun Moore,Bulls,2014-15,F,10.21111111111111,91.89999999999999
E'Twaun Moore,Bulls,2014-15,G,8.77482269503546,412.4166666666667
E'Twaun Moore,Bulls,2015-16,F,22.5125,180.1
E'Twaun Moore,Bulls,2015-16,G,21.2359477124183,1083.0333333333333
E'Twaun Moore,Celtics,2011-12,G,8.710964912280701,331.01666666666665
E'Twaun Moore,Magic,2012-13,F,23.4,46.8
E'Twaun Moore,Magic,2012-13,G,22.404109589041095,1635.5
E'Twaun Moore,Magic,2013-14,F,14.729166666666666,58.916666666666664
E'Twaun Moore,Magic,2013-14,G,19.290666666666667,1446.8
E'Twaun Moore,Pelicans,2016-17,F,24.175,821.95
E'Twaun Moore,Pelicans,2016-17,G,25.584615384615383,997.8
E'Twaun Moore,Pelicans,2017-18,F,31.590769230769233,2053.4
E'Twaun Moore,Pelicans,2017-18,G,31.323529411764707,532.5
E'Twaun Moore,Pelicans,2018-19,F,27.095454545454544,894.15
E'Twaun Moore,Pelicans,2018-19,G,28.44166666666667,568.8333333333334
E'Twaun Moore,Pelicans,2019-20,F,19.045495495495498,704.6833333333334
E'Twaun Moore,Pelicans,2019-20,G,16.589473684210525,315.2
E'Twaun Moore,Suns,2020-21,G,14.398148148148149,388.75
Earl Barron,Bucks,2010-11,C,12.166666666666668,85.16666666666667
Earl Barron,Knicks,2012-13,C,36.5,36.5
Earl Barron,Suns,2010-11,C,11.341666666666667,90.73333333333333
Earl Barron,Suns,2010-11,F,23.104166666666664,92.41666666666666
Earl Barron,Suns,2014-15,C,9.471666666666668,94.71666666666667
Earl Barron,Suns,2014-15,F,8.019444444444444,48.11666666666667
Earl Barron,Trail Blazers,2010-11,C,36.65,36.65
Earl Barron,Trail Blazers,2010-11,F,0.5666666666666667,0.5666666666666667
Earl Barron,Warriors,2011-12,C,4.358333333333333,8.716666666666667
Earl Barron,Wizards,2012-13,C,11.223809523809523,78.56666666666666
Earl Barron,Wizards,2012-13,F,10.770833333333332,43.08333333333333
Earl Clark,Cavaliers,2013-14,F,15.516666666666667,698.25
Earl Clark,Knicks,2013-14,F,7.800000000000001,70.2
Earl Clark,Lakers,2012-13,F,23.10367231638418,1363.1166666666666
Earl Clark,Magic,2010-11,F,11.867171717171717,391.6166666666667
Earl Clark,Magic,2011-12,F,12.428518518518517,559.2833333333333
Earl Clark,Nets,2014-15,F,9.311666666666666,93.11666666666666
Earl Clark,Suns,2010-11,F,8.018518518518519,72.16666666666667
Earl Watson,Jazz,2010-11,G,19.59208333333333,1567.3666666666666
Earl Watson,Jazz,2011-12,G,20.65,1032.5
Earl Watson,Jazz,2012-13,G,17.272222222222222,829.0666666666667
Earl Watson,Trail Blazers,2013-14,G,6.690972222222222,160.58333333333334
Ed Davis,Cavaliers,2021-22,C,6.496236559139785,201.38333333333333
Ed Davis,Grizzlies,2012-13,C,17.266666666666666,51.8
Ed Davis,Grizzlies,2012-13,F,14.905050505050506,491.8666666666667
Ed Davis,Grizzlies,2013-14,C,16.364285714285714,114.55
Ed Davis,Grizzlies,2013-14,F,15.02767857142857,841.55
Ed Davis,Jazz,2019-20,C,10.929710144927537,251.38333333333333
Ed Davis,Jazz,2019-20,F,10.416666666666666,52.08333333333333
Ed Davis,Lakers,2014-15,F,23.292194092827003,1840.0833333333333
Ed Davis,Nets,2018-19,C,17.85185185185185,1446.0
Ed Davis,Raptors,2010-11,C,27.157692307692308,353.05
Ed Davis,Raptors,2010-11,F,24.013782051282053,1248.7166666666667
Ed Davis,Raptors,2011-12,C,23.730555555555554,142.38333333333333
Ed Davis,Raptors,2011-12,F,23.19222222222222,1391.5333333333333
Ed Davis,Raptors,2012-13,C,17.1,51.300000000000004
Ed Davis,Raptors,2012-13,F,24.66468253968254,1035.9166666666667
Ed Davis,Timberwolves,2020-21,C,12.780833333333334,255.61666666666667
Ed Davis,Timberwolves,2020-21,F,14.444444444444443,43.33333333333333
Ed Davis,Trail Blazers,2015-16,C,22.266666666666666,22.266666666666666
Ed Davis,Trail Blazers,2015-16,F,20.774583333333332,1661.9666666666667
Ed Davis,Trail Blazers,2016-17,F,17.152173913043477,789.0
Ed Davis,Trail Blazers,2017-18,F,18.85811965811966,1470.9333333333334
Eddie House,Heat,2010-11,G,17.471130952380953,978.3833333333333
Eddy Curry,Heat,2011-12,C,5.8999999999999995,82.6
Eddy Curry,Mavericks,2012-13,C,12.375,24.75
Edmond Sumner,Nets,2022-23,G,13.889937106918238,736.1666666666666
Edmond Sumner,Pacers,2017-18,G,2.1666666666666665,2.1666666666666665
Edmond Sumner,Pacers,2018-19,F,7.111111111111112,42.66666666666667
Edmond Sumner,Pacers,2018-19,G,9.833333333333332,167.16666666666666
Edmond Sumner,Pacers,2019-20,F,13.780952380952382,96.46666666666667
Edmond Sumner,Pacers,2019-20,G,14.597222222222221,350.3333333333333
Edmond Sumner,Pacers,2020-21,F,17.44848484848485,383.8666666666667
Edmond Sumner,Pacers,2020-21,G,15.398924731182795,477.3666666666667
Ekpe Udoh,Bucks,2011-12,C,19.710714285714285,275.95
Ekpe Udoh,Bucks,2011-12,F,20.79074074074074,187.11666666666667
Ekpe Udoh,Bucks,2012-13,C,19.284313725490193,655.6666666666666
Ekpe Udoh,Bucks,2012-13,F,15.633333333333335,656.6
Ekpe Udoh,Bucks,2013-14,C,18.279861111111114,438.7166666666667
Ekpe Udoh,Bucks,2013-14,F,20.283333333333335,365.1
Ekpe Udoh,Clippers,2014-15,C,3.892424242424242,128.45
Ekpe Udoh,Jazz,2017-18,C,12.852380952380953,809.7
Ekpe Udoh,Jazz,2018-19,C,6.2748366013071895,320.01666666666665
Ekpe Udoh,Warriors,2010-11,C,17.750574712643676,1029.5333333333333
Ekpe Udoh,Warriors,2011-12,C,21.761842105263156,826.9499999999999
Elfrid Payton,Knicks,2019-20,G,27.686296296296298,1245.8833333333334
Elfrid Payton,Knicks,2020-21,G,23.562169312169313,1484.4166666666667
Elfrid Payton,Magic,2014-15,G,30.34979674796748,2488.6833333333334
Elfrid Payton,Magic,2015-16,G,29.382648401826486,2144.9333333333334
Elfrid Payton,Magic,2016-17,G,29.416666666666664,2412.1666666666665
Elfrid Payton,Magic,2017-18,G,28.57462121212121,1257.2833333333333
Elfrid Payton,Pelicans,2018-19,G,29.75674603174603,1249.7833333333333
Elfrid Payton,Suns,2017-18,G,29.01140350877193,551.2166666666667
Elfrid Payton,Suns,2021-22,G,10.983333333333333,549.1666666666666
Elie Okobo,Suns,2018-19,G,18.079245283018867,958.2
Elie Okobo,Suns,2019-20,G,13.067878787878788,718.7333333333333
Elijah Hughes,Jazz,2020-21,F,3.539814814814815,63.71666666666667
Elijah Hughes,Jazz,2021-22,F,8.002380952380951,112.03333333333333
Elijah Hughes,Trail Blazers,2021-22,F,14.656060606060606,322.43333333333334
Elijah Millsap,Jazz,2014-15,F,18.909139784946234,586.1833333333333
Elijah Millsap,Jazz,2014-15,G,21.089583333333334,337.43333333333334
Elijah Millsap,Jazz,2015-16,F,8.255128205128205,107.31666666666666
Elijah Millsap,Jazz,2015-16,G,9.352380952380953,65.46666666666667
Elijah Millsap,Suns,2016-17,G,11.566666666666666,23.133333333333333
Elliot Williams,76ers,2013-14,G,17.27189054726368,1157.2166666666667
Elliot Williams,Grizzlies,2015-16,G,9.03,45.15
Elliot Williams,Jazz,2014-15,G,8.356666666666666,41.78333333333333
Elliot Williams,Pelicans,2014-15,G,9.620833333333334,76.96666666666667
Elliot Williams,Trail Blazers,2011-12,G,6.223611111111111,149.36666666666667
Elton Brand,76ers,2010-11,F,34.68127572016461,2809.1833333333334
Elton Brand,76ers,2011-12,C,23.233333333333334,23.233333333333334
Elton Brand,76ers,2011-12,F,28.966666666666665,1709.0333333333333
Elton Brand,76ers,2015-16,C,11.825,23.65
Elton Brand,76ers,2015-16,F,13.403333333333334,201.05
Elton Brand,Hawks,2013-14,C,19.08526570048309,1316.8833333333334
Elton Brand,Hawks,2013-14,F,24.195833333333333,96.78333333333333
Elton Brand,Hawks,2014-15,C,13.33030303030303,439.9
Elton Brand,Hawks,2014-15,F,15.25,45.75
Elton Brand,Mavericks,2012-13,C,21.442105263157895,407.40000000000003
Elton Brand,Mavericks,2012-13,F,21.124842767295597,1119.6166666666666
Emeka Okafor,Hornets,2010-11,C,31.76064814814815,2286.766666666667
Emeka Okafor,Hornets,2011-12,C,28.94197530864197,781.4333333333333
Emeka Okafor,Pelicans,2017-18,C,13.585897435897436,353.23333333333335
Emeka Okafor,Wizards,2012-13,C,25.974261603375528,2051.9666666666667
Emmanuel Mudiay,Jazz,2019-20,G,15.733333333333334,849.6
Emmanuel Mudiay,Kings,2021-22,G,5.491666666666667,10.983333333333334
Emmanuel Mudiay,Knicks,2017-18,G,22.39242424242424,492.6333333333333
Emmanuel Mudiay,Knicks,2018-19,G,27.23813559322034,1607.05
Emmanuel Mudiay,Nuggets,2015-16,G,30.41078431372549,2067.9333333333334
Emmanuel Mudiay,Nuggets,2016-17,G,25.555757575757575,1405.5666666666666
Emmanuel Mudiay,Nuggets,2017-18,G,17.895238095238096,751.6
Enes Freedom,Celtics,2019-20,C,16.954310344827586,983.35
Enes Freedom,Celtics,2021-22,C,11.754285714285714,411.4
Enes Freedom,Jazz,2011-12,C,13.498941798941798,850.4333333333333
Enes Freedom,Jazz,2011-12,F,7.983333333333333,23.95
Enes Freedom,Jazz,2012-13,C,15.402525252525251,1016.5666666666666
Enes Freedom,Jazz,2012-13,F,15.3,61.2
Enes Freedom,Jazz,2013-14,C,26.581963470319636,1940.4833333333333
Enes Freedom,Jazz,2013-14,F,28.242857142857144,197.70000000000002
Enes Freedom,Jazz,2014-15,C,26.882986111111112,1290.3833333333334
Enes Freedom,Jazz,2014-15,F,36.06666666666667,36.06666666666667
Enes Freedom,Knicks,2017-18,C,25.75785714285714,1803.05
Enes Freedom,Knicks,2017-18,F,26.633333333333333,26.633333333333333
Enes Freedom,Knicks,2018-19,C,25.62878787878788,1127.6666666666667
Enes Freedom,Thunder,2014-15,C,28.685000000000002,286.85
Enes Freedom,Thunder,2014-15,F,32.64895833333333,522.3833333333333
Enes Freedom,Thunder,2015-16,C,21.956989247311828,680.6666666666666
Enes Freedom,Thunder,2015-16,F,20.392156862745097,1040.0
Enes Freedom,Thunder,2016-17,C,20.883333333333333,438.55
Enes Freedom,Thunder,2016-17,F,21.45686274509804,1094.3
Enes Freedom,Trail Blazers,2018-19,C,22.24855072463768,511.7166666666667
Enes Freedom,Trail Blazers,2020-21,C,24.40625,1757.25
Eric Bledsoe,Bucks,2017-18,G,31.533098591549294,2238.85
Eric Bledsoe,Bucks,2018-19,G,29.124358974358973,2271.7
Eric Bledsoe,Bucks,2019-20,G,26.988524590163934,1646.3
Eric Bledsoe,Clippers,2010-11,G,22.723662551440327,1840.6166666666666
Eric Bledsoe,Clippers,2011-12,G,11.589166666666667,463.56666666666666
Eric Bledsoe,Clippers,2012-13,G,20.434649122807016,1553.0333333333333
Eric Bledsoe,Clippers,2021-22,G,25.1966049382716,1360.6166666666666
Eric Bledsoe,Pelicans,2020-21,G,29.739906103286383,2111.5333333333333
Eric Bledsoe,Suns,2013-14,G,32.941472868217055,1416.4833333333333
Eric Bledsoe,Suns,2014-15,G,34.56275720164609,2799.5833333333335
Eric Bledsoe,Suns,2015-16,G,34.15483870967742,1058.8
Eric Bledsoe,Suns,2016-17,G,32.9739898989899,2176.2833333333333
Eric Bledsoe,Suns,2017-18,G,27.583333333333332,82.75
Eric Gordon,Clippers,2010-11,G,37.71547619047619,2112.0666666666666
Eric Gordon,Clippers,2022-23,G,24.868939393939396,547.1166666666667
Eric Gordon,Hornets,2011-12,G,34.488888888888894,310.40000000000003
Eric Gordon,Hornets,2012-13,G,30.09126984126984,1263.8333333333333
Eric Gordon,Pelicans,2013-14,G,32.14505208333333,2057.2833333333333
Eric Gordon,Pelicans,2014-15,G,33.08387978142077,2018.1166666666668
Eric Gordon,Pelicans,2015-16,G,32.91925925925926,1481.3666666666668
Eric Gordon,Rockets,2016-17,F,30.801190476190477,1293.65
Eric Gordon,Rockets,2016-17,G,31.206565656565655,1029.8166666666666
Eric Gordon,Rockets,2017-18,F,30.112666666666666,752.8166666666666
Eric Gordon,Rockets,2017-18,G,31.844696969696972,1401.1666666666667
Eric Gordon,Rockets,2018-19,F,30.744097222222223,1475.7166666666667
Eric Gordon,Rockets,2018-19,G,34.114999999999995,682.3
Eric Gordon,Rockets,2019-20,F,28.999019607843138,492.98333333333335
Eric Gordon,Rockets,2019-20,G,27.537719298245616,523.2166666666667
Eric Gordon,Rockets,2020-21,F,27.469444444444445,164.81666666666666
Eric Gordon,Rockets,2020-21,G,29.70952380952381,623.9
Eric Gordon,Rockets,2021-22,F,28.708823529411767,976.1
Eric Gordon,Rockets,2021-22,G,30.150000000000002,693.45
Eric Gordon,Rockets,2022-23,F,29.48382352941176,1002.4499999999999
Eric Gordon,Rockets,2022-23,G,31.996153846153845,415.95
Eric Gordon,Suns,2023-24,F,28.068279569892475,870.1166666666667
Eric Gordon,Suns,2023-24,G,27.636036036036035,1022.5333333333333
Eric Moreland,Kings,2014-15,C,0.6944444444444445,2.0833333333333335
Eric Moreland,Kings,2015-16,C,5.947916666666667,47.583333333333336
Eric Moreland,Pistons,2017-18,C,12.016915422885573,805.1333333333333
Eric Moreland,Raptors,2018-19,C,9.5625,38.25
Eric Moreland,Suns,2018-19,C,4.95,4.95
Eric Paschall,Jazz,2021-22,C,9.805555555555555,58.833333333333336
Eric Paschall,Jazz,2021-22,F,13.032051282051281,677.6666666666666
Eric Paschall,Warriors,2019-20,F,27.56277777777778,1653.7666666666667
Eric Paschall,Warriors,2020-21,F,17.375833333333333,695.0333333333333
Erick Dampier,Hawks,2011-12,C,5.552222222222222,83.28333333333333
Erick Dampier,Heat,2010-11,C,15.977124183006536,814.8333333333334
Erick Green,Jazz,2015-16,G,5.777777777777778,34.666666666666664
Erick Green,Nuggets,2014-15,G,9.532558139534883,409.9
Erick Green,Nuggets,2015-16,G,2.488888888888889,7.466666666666667
Ersan Ilyasova,76ers,2016-17,F,27.304088050314462,1447.1166666666666
Ersan Ilyasova,76ers,2017-18,F,24.095652173913045,554.2
Ersan Ilyasova,Bucks,2010-11,C,35.81666666666667,107.45
Ersan Ilyasova,Bucks,2010-11,F,24.52426900584795,1397.8833333333332
Ersan Ilyasova,Bucks,2011-12,F,27.581111111111113,1654.8666666666668
Ersan Ilyasova,Bucks,2012-13,F,27.5662100456621,2012.3333333333333
Ersan Ilyasova,Bucks,2013-14,F,26.881515151515153,1478.4833333333333
Ersan Ilyasova,Bucks,2014-15,F,22.741666666666667,1319.0166666666667
Ersan Ilyasova,Bucks,2018-19,F,18.377611940298507,1231.3
Ersan Ilyasova,Bucks,2019-20,C,14.408333333333331,28.816666666666663
Ersan Ilyasova,Bucks,2019-20,F,15.697540983606556,957.55
Ersan Ilyasova,Hawks,2016-17,C,21.177777777777777,63.53333333333333
Ersan Ilyasova,Hawks,2016-17,F,24.77246376811594,569.7666666666667
Ersan Ilyasova,Hawks,2017-18,F,25.553623188405798,1175.4666666666667
Ersan Ilyasova,Jazz,2020-21,C,8.678431372549019,147.53333333333333
Ersan Ilyasova,Magic,2015-16,F,20.30909090909091,446.8
Ersan Ilyasova,Pistons,2015-16,F,27.569230769230767,1433.6
Ersan Ilyasova,Thunder,2016-17,F,20.66111111111111,61.983333333333334
Eugene Omoruyi,Mavericks,2021-22,F,4.454166666666667,17.816666666666666
Eugene Omoruyi,Pistons,2022-23,F,21.941176470588236,373.0
Eugene Omoruyi,Thunder,2022-23,C,13.597916666666666,108.78333333333333
Eugene Omoruyi,Thunder,2022-23,F,10.903333333333334,163.55
Eugene Omoruyi,Wizards,2023-24,F,9.146899224806202,393.31666666666666
Evan Fournier,Celtics,2020-21,F,30.47166666666667,304.7166666666667
Evan Fournier,Celtics,2020-21,G,27.95,167.7
Evan Fournier,Knicks,2021-22,F,32.266666666666666,32.266666666666666
Evan Fournier,Knicks,2021-22,G,29.43945147679325,2325.7166666666667
Evan Fournier,Knicks,2022-23,G,16.989506172839505,458.71666666666664
Evan Fournier,Knicks,2023-24,G,12.877777777777778,38.63333333333333
Evan Fournier,Magic,2014-15,F,26.43,264.3
Evan Fournier,Magic,2014-15,G,29.101041666666664,1396.85
Evan Fournier,Magic,2015-16,F,34.65851851851851,1559.6333333333332
Evan Fournier,Magic,2015-16,G,29.602941176470587,1006.5
Evan Fournier,Magic,2016-17,F,22.916666666666668,22.916666666666668
Evan Fournier,Magic,2016-17,G,32.997014925373136,2210.8
Evan Fournier,Magic,2017-18,F,31.6515873015873,664.6833333333333
Evan Fournier,Magic,2017-18,G,32.569907407407406,1172.5166666666667
Evan Fournier,Magic,2018-19,G,31.52201646090535,2553.2833333333333
Evan Fournier,Magic,2019-20,G,31.448737373737377,2075.616666666667
Evan Fournier,Magic,2020-21,G,30.253846153846155,786.6
Evan Fournier,Nuggets,2012-13,F,11.65,58.25
Evan Fournier,Nuggets,2012-13,G,11.213131313131312,370.0333333333333
Evan Fournier,Nuggets,2013-14,F,23.087500000000002,277.05
Evan Fournier,Nuggets,2013-14,G,19.163020833333334,1226.4333333333334
Evan Fournier,Pistons,2023-24,G,18.65632183908046,541.0333333333333
Evan Mobley,Cavaliers,2021-22,C,32.11555555555556,481.73333333333335
Evan Mobley,Cavaliers,2021-22,F,34.24629629629629,1849.3
Evan Mobley,Cavaliers,2022-23,C,35.23888888888889,422.8666666666667
Evan Mobley,Cavaliers,2022-23,F,34.21517412935323,2292.4166666666665
Evan Mobley,Cavaliers,2023-24,C,33.00333333333333,165.01666666666665
Evan Mobley,Cavaliers,2023-24,F,30.385185185185183,1367.3333333333333
Evan Turner,76ers,2010-11,F,21.306250000000002,1022.7
Evan Turner,76ers,2010-11,G,25.82388888888889,774.7166666666667
Evan Turner,76ers,2011-12,F,24.234285714285715,848.2
Evan Turner,76ers,2011-12,G,28.81222222222222,864.3666666666667
Evan Turner,76ers,2012-13,F,34.914523809523814,2444.016666666667
Evan Turner,76ers,2012-13,G,37.31111111111111,447.73333333333335
Evan Turner,76ers,2013-14,F,34.718589743589746,1805.3666666666668
Evan Turner,76ers,2013-14,G,40.20833333333333,80.41666666666666
Evan Turner,Celtics,2014-15,F,28.31808510638298,1330.95
Evan Turner,Celtics,2014-15,G,26.537619047619046,928.8166666666666
Evan Turner,Celtics,2015-16,F,27.37518518518518,1231.8833333333332
Evan Turner,Celtics,2015-16,G,28.85509259259259,1038.7833333333333
Evan Turner,Hawks,2019-20,F,13.235087719298246,251.46666666666667
Evan Turner,Pacers,2013-14,F,19.4625,155.7
Evan Turner,Pacers,2013-14,G,21.869298245614033,415.51666666666665
Evan Turner,Trail Blazers,2016-17,F,25.435714285714287,1602.45
Evan Turner,Trail Blazers,2016-17,G,28.049999999999997,56.099999999999994
Evan Turner,Trail Blazers,2017-18,F,25.780666666666665,1933.55
Evan Turner,Trail Blazers,2017-18,G,25.079166666666666,100.31666666666666
Evan Turner,Trail Blazers,2018-19,F,22.23526570048309,1534.2333333333333
Evan Turner,Trail Blazers,2018-19,G,17.883333333333333,71.53333333333333
Facundo Campazzo,Mavericks,2022-23,G,6.520833333333333,52.166666666666664
Facundo Campazzo,Nuggets,2020-21,G,21.92205128205128,1424.9333333333334
Facundo Campazzo,Nuggets,2021-22,G,18.216153846153844,1184.05
Festus Ezeli,Warriors,2012-13,C,14.360042735042734,1120.0833333333333
Festus Ezeli,Warriors,2014-15,C,10.94855072463768,503.6333333333333
Festus Ezeli,Warriors,2015-16,C,16.743478260869566,770.2
Francisco Elson,76ers,2011-12,F,3.29,16.45
Francisco Elson,Jazz,2010-11,F,9.837903225806452,609.95
Francisco Garcia,Kings,2010-11,F,24.43784722222222,1173.0166666666667
Francisco Garcia,Kings,2010-11,G,21.263333333333332,212.63333333333333
Francisco Garcia,Kings,2011-12,F,16.446296296296296,592.0666666666667
Francisco Garcia,Kings,2011-12,G,15.858974358974358,206.16666666666666
Francisco Garcia,Kings,2012-13,F,16.014492753623188,368.3333333333333
Francisco Garcia,Kings,2012-13,G,20.11764705882353,342.0
Francisco Garcia,Rockets,2012-13,F,18.09333333333333,271.4
Francisco Garcia,Rockets,2012-13,G,15.899999999999999,47.699999999999996
Francisco Garcia,Rockets,2013-14,F,19.28925925925926,868.0166666666667
Francisco Garcia,Rockets,2013-14,G,21.523333333333333,215.23333333333335
Francisco Garcia,Rockets,2014-15,F,14.421794871794871,187.48333333333332
Francisco Garcia,Rockets,2014-15,G,12.916666666666666,12.916666666666666
Frank Jackson,Jazz,2022-23,G,5.05,5.05
Frank Jackson,Pelicans,2018-19,G,19.16174863387978,1168.8666666666666
Frank Jackson,Pelicans,2019-20,G,13.511864406779662,797.2
Frank Jackson,Pistons,2020-21,G,18.455833333333334,738.2333333333333
Frank Jackson,Pistons,2021-22,G,21.96194968553459,1163.9833333333333
Frank Kaminsky,Hawks,2022-23,C,6.7711538461538465,176.05
Frank Kaminsky,Hornets,2015-16,C,21.593693693693695,798.9666666666667
Frank Kaminsky,Hornets,2015-16,F,20.650757575757577,908.6333333333333
Frank Kaminsky,Hornets,2016-17,C,27.075462962962963,974.7166666666667
Frank Kaminsky,Hornets,2016-17,F,25.11111111111111,979.3333333333334
Frank Kaminsky,Hornets,2017-18,C,23.290909090909093,768.6
Frank Kaminsky,Hornets,2017-18,F,23.18659420289855,1066.5833333333333
Frank Kaminsky,Hornets,2018-19,C,14.217307692307692,369.65
Frank Kaminsky,Hornets,2018-19,F,18.337301587301585,385.0833333333333
Frank Kaminsky,Rockets,2022-23,C,5.881666666666666,58.81666666666666
Frank Kaminsky,Suns,2019-20,C,20.758024691358028,560.4666666666667
Frank Kaminsky,Suns,2019-20,F,18.080555555555556,216.96666666666667
Frank Kaminsky,Suns,2020-21,C,15.166666666666668,333.6666666666667
Frank Kaminsky,Suns,2020-21,F,15.246000000000002,381.15000000000003
Frank Kaminsky,Suns,2021-22,C,17.083333333333332,68.33333333333333
Frank Kaminsky,Suns,2021-22,F,22.523333333333333,112.61666666666667
Frank Mason III,Bucks,2019-20,G,13.101851851851851,117.91666666666666
Frank Mason III,Kings,2017-18,G,18.92275641025641,983.9833333333333
Frank Mason III,Kings,2018-19,G,11.459649122807019,435.4666666666667
Frank Mason III,Magic,2020-21,G,19.820833333333333,79.28333333333333
Frank Ntilikina,Hornets,2023-24,G,8.58,42.9
Frank Ntilikina,Knicks,2017-18,F,22.02,220.2
Frank Ntilikina,Knicks,2017-18,G,21.844607843137254,1485.4333333333334
Frank Ntilikina,Knicks,2018-19,F,28.186111111111114,169.11666666666667
Frank Ntilikina,Knicks,2018-19,G,19.850450450450452,734.4666666666667
Frank Ntilikina,Knicks,2019-20,F,17.325,34.65
Frank Ntilikina,Knicks,2019-20,G,20.946363636363635,1152.05
Frank Ntilikina,Knicks,2020-21,F,8.923333333333334,44.61666666666667
Frank Ntilikina,Knicks,2020-21,G,9.906547619047618,277.3833333333333
Frank Ntilikina,Mavericks,2021-22,F,17.7,17.7
Frank Ntilikina,Mavericks,2021-22,G,11.700877192982457,666.95
Frank Ntilikina,Mavericks,2022-23,F,25.9,51.8
Frank Ntilikina,Mavericks,2022-23,G,12.351111111111111,555.8
Franz Wagner,Magic,2021-22,F,30.707359307359308,2364.4666666666667
Franz Wagner,Magic,2021-22,G,32.28333333333333,64.56666666666666
Franz Wagner,Magic,2022-23,F,32.413333333333334,1620.6666666666667
Franz Wagner,Magic,2022-23,G,32.934999999999995,988.05
Franz Wagner,Magic,2023-24,F,32.46854460093897,2305.266666666667
Franz Wagner,Magic,2023-24,G,32.18333333333333,32.18333333333333
Fred VanVleet,Raptors,2016-17,G,7.941441441441441,293.8333333333333
Fred VanVleet,Raptors,2017-18,G,20.001535087719297,1520.1166666666666
Fred VanVleet,Raptors,2018-19,F,29.1,29.1
Fred VanVleet,Raptors,2018-19,G,27.47883597883598,1731.1666666666667
Fred VanVleet,Raptors,2019-20,G,35.70679012345679,1928.1666666666667
Fred VanVleet,Raptors,2020-21,G,36.510897435897434,1898.5666666666666
Fred VanVleet,Raptors,2021-22,G,37.877692307692314,2462.05
Fred VanVleet,Raptors,2022-23,G,36.73888888888889,2534.983333333333
Fred VanVleet,Rockets,2023-24,G,36.77328767123287,2684.45
Freddie Gillespie,Magic,2021-22,C,13.783333333333333,13.783333333333333
Freddie Gillespie,Magic,2021-22,F,13.1125,104.9
Freddie Gillespie,Raptors,2020-21,F,19.595,391.9
Furkan Aldemir,76ers,2014-15,C,13.154700854700854,513.0333333333333
Furkan Aldemir,76ers,2014-15,F,13.725000000000001,27.450000000000003
Furkan Korkmaz,76ers,2017-18,F,6.51875,52.15
Furkan Korkmaz,76ers,2017-18,G,4.597222222222222,27.583333333333332
Furkan Korkmaz,76ers,2018-19,F,15.869166666666667,317.3833333333333
Furkan Korkmaz,76ers,2018-19,G,12.923214285714286,361.85
Furkan Korkmaz,76ers,2019-20,F,22.97070707070707,758.0333333333333
Furkan Korkmaz,76ers,2019-20,G,20.535470085470084,800.8833333333333
Furkan Korkmaz,76ers,2020-21,F,20.018666666666665,500.46666666666664
Furkan Korkmaz,76ers,2020-21,G,18.705,561.15
Furkan Korkmaz,76ers,2021-22,F,19.242156862745098,654.2333333333333
Furkan Korkmaz,76ers,2021-22,G,23.016666666666666,759.55
Furkan Korkmaz,76ers,2022-23,F,10.190196078431374,173.23333333333335
Furkan Korkmaz,76ers,2022-23,G,9.0125,180.25
Furkan Korkmaz,76ers,2023-24,F,10.99313725490196,186.88333333333333
Furkan Korkmaz,76ers,2023-24,G,6.279629629629629,113.03333333333333
GG Jackson,Grizzlies,2023-24,F,26.092962962962964,1174.1833333333334
GG Jackson,Grizzlies,2023-24,G,19.67222222222222,59.016666666666666
Gabe Vincent,Heat,2019-20,G,9.20185185185185,82.81666666666666
Gabe Vincent,Heat,2020-21,G,13.097000000000001,654.85
Gabe Vincent,Heat,2021-22,G,23.36642156862745,1588.9166666666667
Gabe Vincent,Heat,2022-23,G,25.863480392156863,1758.7166666666667
Gabe Vincent,Lakers,2023-24,G,19.786363636363635,217.65
Gal Mekel,Mavericks,2013-14,G,9.41021505376344,291.71666666666664
Gal Mekel,Pelicans,2014-15,G,10.870833333333334,43.483333333333334
Garrett Temple,Bobcats,2010-11,G,10.536111111111111,126.43333333333334
Garrett Temple,Bucks,2010-11,G,9.25,83.25
Garrett Temple,Bulls,2020-21,F,26.17115384615385,680.45
Garrett Temple,Bulls,2020-21,G,28.259999999999998,847.8
Garrett Temple,Clippers,2018-19,F,19.628205128205128,510.3333333333333
Garrett Temple,Grizzlies,2018-19,F,27.7125,221.7
Garrett Temple,Grizzlies,2018-19,G,31.916260162601624,1308.5666666666666
Garrett Temple,Kings,2016-17,F,26.58821138211382,1090.1166666666666
Garrett Temple,Kings,2016-17,G,26.595138888888886,638.2833333333333
Garrett Temple,Kings,2017-18,F,24.315185185185186,1094.1833333333334
Garrett Temple,Kings,2017-18,G,26.044999999999998,520.9
Garrett Temple,Nets,2019-20,G,27.9002688172043,1729.8166666666666
Garrett Temple,Pelicans,2021-22,F,19.520707070707072,644.1833333333334
Garrett Temple,Pelicans,2021-22,G,17.46923076923077,454.2
Garrett Temple,Pelicans,2022-23,F,5.966666666666667,89.5
Garrett Temple,Pelicans,2022-23,G,7.2333333333333325,72.33333333333333
Garrett Temple,Raptors,2023-24,F,10.69506172839506,288.76666666666665
Garrett Temple,Spurs,2010-11,F,6.833333333333333,20.5
Garrett Temple,Wizards,2012-13,G,22.658823529411762,1155.6
Garrett Temple,Wizards,2013-14,G,8.508888888888889,638.1666666666666
Garrett Temple,Wizards,2014-15,G,14.144551282051282,735.5166666666667
Garrett Temple,Wizards,2015-16,G,24.390416666666667,1951.2333333333333
Garrison Mathews,Hawks,2022-23,F,9.362962962962964,84.26666666666668
Garrison Mathews,Hawks,2023-24,F,15.032323232323233,992.1333333333333
Garrison Mathews,Rockets,2021-22,F,26.27305555555556,1576.3833333333334
Garrison Mathews,Rockets,2021-22,G,27.110000000000003,135.55
Garrison Mathews,Rockets,2022-23,F,13.731746031746033,576.7333333333333
Garrison Mathews,Rockets,2022-23,G,8.433333333333332,25.299999999999997
Garrison Mathews,Wizards,2019-20,F,11.859375,189.75
Garrison Mathews,Wizards,2019-20,G,18.825000000000003,37.650000000000006
Garrison Mathews,Wizards,2020-21,F,16.021913580246913,865.1833333333333
Garrison Mathews,Wizards,2020-21,G,17.276666666666667,172.76666666666668
Gary Clark,76ers,2020-21,F,6.3916666666666675,12.783333333333335
Gary Clark,Magic,2019-20,F,14.77986111111111,354.71666666666664
Gary Clark,Magic,2020-21,F,18.197619047619046,636.9166666666666
Gary Clark,Nuggets,2020-21,C,2.0500000000000003,4.1000000000000005
Gary Clark,Pelicans,2021-22,F,9.953947368421053,378.25
Gary Clark,Rockets,2018-19,C,11.75,481.75
Gary Clark,Rockets,2018-19,F,15.886666666666667,158.86666666666667
Gary Clark,Rockets,2019-20,C,12.344117647058823,209.85
Gary Clark,Rockets,2019-20,F,1.8,1.8
Gary Forbes,Nuggets,2010-11,F,11.78494623655914,365.3333333333333
Gary Forbes,Nuggets,2010-11,G,13.295833333333333,425.46666666666664
Gary Forbes,Raptors,2011-12,G,14.856597222222222,713.1166666666667
Gary Harris,Magic,2020-21,F,26.816666666666666,26.816666666666666
Gary Harris,Magic,2020-21,G,24.840350877192982,471.96666666666664
Gary Harris,Magic,2021-22,F,32.65,130.6
Gary Harris,Magic,2021-22,G,28.06286549707602,1599.5833333333333
Gary Harris,Magic,2022-23,G,24.674305555555552,1184.3666666666666
Gary Harris,Magic,2023-24,F,26.700000000000003,53.400000000000006
Gary Harris,Magic,2023-24,G,23.922115384615385,1243.95
Gary Harris,Nuggets,2014-15,F,21.825,43.65
Gary Harris,Nuggets,2014-15,G,12.742138364779874,675.3333333333334
Gary Harris,Nuggets,2015-16,G,32.08771929824561,2438.6666666666665
Gary Harris,Nuggets,2016-17,G,31.26783625730994,1782.2666666666667
Gary Harris,Nuggets,2017-18,G,34.396517412935324,2304.5666666666666
Gary Harris,Nuggets,2018-19,G,28.75877192982456,1639.25
Gary Harris,Nuggets,2019-20,F,37.575,75.15
Gary Harris,Nuggets,2019-20,G,31.575,1705.05
Gary Harris,Nuggets,2020-21,G,30.60175438596491,581.4333333333333
Gary Neal,Bobcats,2013-14,G,23.032575757575756,506.71666666666664
Gary Neal,Bucks,2013-14,G,20.226666666666667,606.8
Gary Neal,Hawks,2016-17,G,9.166666666666666,18.333333333333332
Gary Neal,Hornets,2014-15,G,21.644961240310078,930.7333333333333
Gary Neal,Spurs,2010-11,G,21.057499999999997,1684.6
Gary Neal,Spurs,2011-12,F,20.366666666666667,20.366666666666667
Gary Neal,Spurs,2011-12,G,21.553939393939395,1185.4666666666667
Gary Neal,Spurs,2012-13,F,24.058333333333334,48.11666666666667
Gary Neal,Spurs,2012-13,G,21.753282828282828,1435.7166666666667
Gary Neal,Timberwolves,2014-15,G,23.783333333333335,261.6166666666667
Gary Neal,Wizards,2015-16,G,20.18625,807.45
Gary Payton II,Bucks,2016-17,G,16.538888888888888,99.23333333333333
Gary Payton II,Bucks,2017-18,G,8.808333333333334,105.7
Gary Payton II,Lakers,2017-18,G,10.46969696969697,115.16666666666667
Gary Payton II,Trail Blazers,2022-23,F,19.491666666666667,38.983333333333334
Gary Payton II,Trail Blazers,2022-23,G,16.635897435897434,216.26666666666665
Gary Payton II,Warriors,2020-21,F,13.816666666666666,13.816666666666666
Gary Payton II,Warriors,2020-21,G,2.9555555555555553,26.599999999999998
Gary Payton II,Warriors,2021-22,F,18.155,363.1
Gary Payton II,Warriors,2021-22,G,17.347058823529412,884.7
Gary Payton II,Warriors,2022-23,F,15.833333333333332,31.666666666666664
Gary Payton II,Warriors,2022-23,G,16.133333333333333,80.66666666666666
Gary Payton II,Warriors,2023-24,F,15.20972222222222,182.51666666666665
Gary Payton II,Warriors,2023-24,G,15.544270833333334,497.4166666666667
Gary Payton II,Wizards,2018-19,G,5.305555555555555,15.916666666666666
Gary Payton II,Wizards,2019-20,F,16.6875,66.75
Gary Payton II,Wizards,2019-20,G,14.602,365.05
Gary Trent Jr.,Raptors,2020-21,F,33.99444444444445,101.98333333333333
Gary Trent Jr.,Raptors,2020-21,G,31.28809523809524,438.03333333333336
Gary Trent Jr.,Raptors,2021-22,F,34.53333333333333,69.06666666666666
Gary Trent Jr.,Raptors,2021-22,G,34.98308823529412,2378.85
Gary Trent Jr.,Raptors,2022-23,G,32.09065656565656,2117.983333333333
Gary Trent Jr.,Raptors,2023-24,F,28.58888888888889,85.76666666666667
Gary Trent Jr.,Raptors,2023-24,G,28.056372549019606,1907.8333333333333
Gary Trent Jr.,Trail Blazers,2018-19,G,7.37,110.55
Gary Trent Jr.,Trail Blazers,2019-20,G,21.836338797814207,1332.0166666666667
Gary Trent Jr.,Trail Blazers,2020-21,G,30.78008130081301,1261.9833333333333
George Hill,76ers,2020-21,G,18.93958333333333,303.0333333333333
George Hill,Bucks,2018-19,G,20.385460992907802,958.1166666666667
George Hill,Bucks,2019-20,G,21.546327683615818,1271.2333333333333
George Hill,Bucks,2021-22,G,23.207716049382718,1253.2166666666667
George Hill,Bucks,2022-23,G,19.05904761904762,667.0666666666667
George Hill,Cavaliers,2017-18,G,27.875694444444445,669.0166666666667
George Hill,Cavaliers,2018-19,G,26.47307692307692,344.15
George Hill,Jazz,2016-17,G,31.510204081632654,1544.0
George Hill,Kings,2017-18,G,26.583720930232555,1143.1
George Hill,Pacers,2011-12,G,25.483,1274.15
George Hill,Pacers,2012-13,G,34.46842105263158,2619.6
George Hill,Pacers,2013-14,G,32.022587719298244,2433.7166666666667
George Hill,Pacers,2014-15,G,29.46782945736434,1267.1166666666666
George Hill,Pacers,2015-16,G,34.11373873873874,2524.4166666666665
George Hill,Pacers,2022-23,G,15.115151515151517,166.26666666666668
George Hill,Spurs,2010-11,G,28.263157894736842,2148.0
George Hill,Thunder,2020-21,G,26.327380952380953,368.5833333333333
Georges Niang,76ers,2021-22,F,22.846929824561403,1736.3666666666666
Georges Niang,76ers,2022-23,F,19.383119658119657,1511.8833333333332
Georges Niang,Cavaliers,2023-24,F,22.33150406504065,1831.1833333333334
Georges Niang,Jazz,2017-18,F,3.5203703703703706,31.683333333333334
Georges Niang,Jazz,2018-19,F,8.751977401129944,516.3666666666667
Georges Niang,Jazz,2019-20,F,13.988131313131314,923.2166666666667
Georges Niang,Jazz,2020-21,F,16.0337962962963,1154.4333333333334
Georges Niang,Pacers,2016-17,F,4.0318840579710145,92.73333333333333
Georgios Kalaitzakis,Bucks,2021-22,F,5.311111111111111,47.8
Georgios Kalaitzakis,Thunder,2021-22,F,40.92777777777778,122.78333333333333
Georgios Kalaitzakis,Thunder,2021-22,G,42.9,42.9
Gerald Green,Celtics,2016-17,F,11.44468085106383,537.9
Gerald Green,Heat,2015-16,F,21.750877192982454,826.5333333333333
Gerald Green,Heat,2015-16,G,23.56989247311828,730.6666666666666
Gerald Green,Nets,2011-12,F,25.206451612903226,781.4
Gerald Green,Pacers,2012-13,F,18.468421052631577,350.9
Gerald Green,Pacers,2012-13,G,17.79430894308943,729.5666666666666
Gerald Green,Rockets,2017-18,F,21.939444444444447,658.1833333333334
Gerald Green,Rockets,2017-18,G,24.633333333333336,270.9666666666667
Gerald Green,Rockets,2018-19,F,20.5820987654321,1111.4333333333334
Gerald Green,Rockets,2018-19,G,19.028947368421054,361.55
Gerald Green,Suns,2013-14,F,29.91111111111111,89.73333333333333
Gerald Green,Suns,2013-14,G,28.35632911392405,2240.15
Gerald Green,Suns,2014-15,F,19.016666666666666,38.03333333333333
Gerald Green,Suns,2014-15,G,19.55787037037037,1408.1666666666667
Gerald Henderson,76ers,2016-17,F,16.783333333333335,16.783333333333335
Gerald Henderson,76ers,2016-17,G,23.24413145539906,1650.3333333333333
Gerald Henderson,Bobcats,2010-11,F,23.094444444444445,69.28333333333333
Gerald Henderson,Bobcats,2010-11,G,24.492051282051282,1591.9833333333333
Gerald Henderson,Bobcats,2011-12,F,36.78,183.9
Gerald Henderson,Bobcats,2011-12,G,32.944,1647.2
Gerald Henderson,Bobcats,2012-13,G,31.371813725490195,2133.2833333333333
Gerald Henderson,Bobcats,2013-14,G,31.956277056277056,2460.633333333333
Gerald Henderson,Hornets,2014-15,F,28.054761904761904,392.76666666666665
Gerald Henderson,Hornets,2014-15,G,29.125757575757575,1922.3
Gerald Henderson,Trail Blazers,2015-16,G,19.876157407407405,1431.0833333333333
Gerald Wallace,Bobcats,2010-11,F,39.00069444444444,1872.0333333333333
Gerald Wallace,Celtics,2013-14,F,22.830434782608698,525.1
Gerald Wallace,Celtics,2013-14,G,25.46047619047619,891.1166666666667
Gerald Wallace,Celtics,2014-15,F,9.670833333333333,154.73333333333332
Gerald Wallace,Celtics,2014-15,G,8.214583333333334,131.43333333333334
Gerald Wallace,Nets,2011-12,F,35.80208333333333,572.8333333333333
Gerald Wallace,Nets,2012-13,F,30.08309178743961,2075.733333333333
Gerald Wallace,Trail Blazers,2010-11,C,35.53333333333333,35.53333333333333
Gerald Wallace,Trail Blazers,2010-11,F,35.70227272727273,785.45
Gerald Wallace,Trail Blazers,2011-12,F,35.77777777777778,1502.6666666666667
Giannis Antetokounmpo,Bucks,2013-14,F,23.044808743169398,1405.7333333333333
Giannis Antetokounmpo,Bucks,2013-14,G,30.692708333333336,491.08333333333337
Giannis Antetokounmpo,Bucks,2014-15,F,31.418333333333333,2513.4666666666667
Giannis Antetokounmpo,Bucks,2014-15,G,27.166666666666668,27.166666666666668
Giannis Antetokounmpo,Bucks,2015-16,F,35.242616033755276,2784.1666666666665
Giannis Antetokounmpo,Bucks,2015-16,G,39.28333333333333,39.28333333333333
Giannis Antetokounmpo,Bucks,2016-17,F,35.52350427350427,2770.8333333333335
Giannis Antetokounmpo,Bucks,2016-17,G,37.108333333333334,74.21666666666667
Giannis Antetokounmpo,Bucks,2017-18,F,36.74955555555555,2756.2166666666667
Giannis Antetokounmpo,Bucks,2018-19,F,32.7643192488263,2326.266666666667
Giannis Antetokounmpo,Bucks,2018-19,G,31.95,31.95
Giannis Antetokounmpo,Bucks,2019-20,F,30.426984126984127,1916.9
Giannis Antetokounmpo,Bucks,2020-21,F,32.995628415300544,2012.7333333333333
Giannis Antetokounmpo,Bucks,2021-22,C,36.25,36.25
Giannis Antetokounmpo,Bucks,2021-22,F,32.85234375,2102.55
Giannis Antetokounmpo,Bucks,2021-22,G,32.725,65.45
Giannis Antetokounmpo,Bucks,2022-23,F,32.121957671957674,2023.6833333333334
Giannis Antetokounmpo,Bucks,2023-24,C,39.583333333333336,39.583333333333336
Giannis Antetokounmpo,Bucks,2023-24,F,35.10625,2527.65
Gigi Datome,Celtics,2014-15,G,10.653703703703705,191.76666666666668
Gigi Datome,Pistons,2013-14,G,6.986764705882353,237.55
Gigi Datome,Pistons,2014-15,G,5.822222222222223,17.46666666666667
Gilbert Arenas,Grizzlies,2011-12,G,12.403921568627451,210.86666666666667
Gilbert Arenas,Magic,2010-11,G,21.83469387755102,1069.9
Gilbert Arenas,Wizards,2010-11,G,34.586507936507935,726.3166666666666
Glen Davis,Celtics,2010-11,C,29.316666666666663,146.58333333333331
Glen Davis,Celtics,2010-11,F,29.46803652968036,2151.1666666666665
Glen Davis,Clippers,2013-14,F,13.372463768115942,307.56666666666666
Glen Davis,Clippers,2014-15,F,12.217117117117116,904.0666666666666
Glen Davis,Magic,2011-12,C,24.62722222222222,738.8166666666666
Glen Davis,Magic,2011-12,F,22.19677419354839,688.1
Glen Davis,Magic,2012-13,C,17.733333333333334,17.733333333333334
Glen Davis,Magic,2012-13,F,31.71363636363636,1046.55
Glen Davis,Magic,2013-14,C,31.876315789473683,605.65
Glen Davis,Magic,2013-14,F,28.79615384615385,748.7
Glen Rice,Wizards,2013-14,F,9.877272727272727,108.64999999999999
Glen Rice,Wizards,2014-15,F,8.52,42.6
Glenn Robinson III,76ers,2014-15,F,13.98125,111.85
Glenn Robinson III,76ers,2014-15,G,20.683333333333334,41.36666666666667
Glenn Robinson III,76ers,2019-20,F,18.565384615384616,241.35
Glenn Robinson III,76ers,2019-20,G,28.616666666666667,28.616666666666667
Glenn Robinson III,Kings,2020-21,F,16.057971014492754,369.3333333333333
Glenn Robinson III,Pacers,2015-16,F,9.245555555555557,138.68333333333334
Glenn Robinson III,Pacers,2015-16,G,12.317777777777776,369.5333333333333
Glenn Robinson III,Pacers,2016-17,F,22.254901960784313,378.3333333333333
Glenn Robinson III,Pacers,2016-17,G,20.161858974358974,1048.4166666666667
Glenn Robinson III,Pacers,2017-18,F,17.746666666666666,88.73333333333333
Glenn Robinson III,Pacers,2017-18,G,13.836111111111112,249.05
Glenn Robinson III,Pistons,2018-19,F,12.981560283687942,610.1333333333333
Glenn Robinson III,Timberwolves,2014-15,G,4.302666666666666,107.56666666666666
Glenn Robinson III,Warriors,2019-20,F,31.02252252252252,1147.8333333333333
Glenn Robinson III,Warriors,2019-20,G,33.515151515151516,368.6666666666667
Goga Bitadze,Magic,2022-23,C,14.977450980392158,254.61666666666667
Goga Bitadze,Magic,2023-24,C,15.436827956989248,957.0833333333334
Goga Bitadze,Pacers,2019-20,C,8.727469135802469,471.28333333333336
Goga Bitadze,Pacers,2020-21,C,12.473333333333333,561.3
Goga Bitadze,Pacers,2021-22,C,14.578333333333333,728.9166666666666
Goga Bitadze,Pacers,2022-23,C,9.627777777777778,202.18333333333334
Goran Dragic,Bucks,2022-23,G,11.847619047619048,82.93333333333334
Goran Dragic,Bulls,2022-23,G,15.433660130718954,787.1166666666667
Goran Dragic,Heat,2014-15,G,34.81666666666667,905.2333333333333
Goran Dragic,Heat,2015-16,G,32.81597222222222,2362.75
Goran Dragic,Heat,2016-17,G,33.691095890410956,2459.45
Goran Dragic,Heat,2017-18,G,31.700888888888887,2377.5666666666666
Goran Dragic,Heat,2018-19,G,27.514814814814812,990.5333333333333
Goran Dragic,Heat,2019-20,G,28.18502824858757,1662.9166666666667
Goran Dragic,Heat,2020-21,G,26.73,1336.5
Goran Dragic,Nets,2021-22,G,25.484375,407.75
Goran Dragic,Raptors,2021-22,G,17.95,89.75
Goran Dragic,Rockets,2010-11,G,17.173484848484847,377.81666666666666
Goran Dragic,Rockets,2011-12,G,26.544444444444444,1751.9333333333334
Goran Dragic,Suns,2010-11,G,17.835763888888888,856.1166666666667
Goran Dragic,Suns,2012-13,G,33.52186147186147,2581.1833333333334
Goran Dragic,Suns,2013-14,G,35.10526315789474,2668.0
Goran Dragic,Suns,2014-15,G,33.361858974358974,1734.8166666666666
Gordon Hayward,Celtics,2017-18,F,5.25,5.25
Gordon Hayward,Celtics,2018-19,F,25.968627450980392,1765.8666666666668
Gordon Hayward,Celtics,2018-19,G,24.370833333333334,97.48333333333333
Gordon Hayward,Celtics,2019-20,F,33.26326530612245,1629.9
Gordon Hayward,Celtics,2019-20,G,36.69444444444444,110.08333333333333
Gordon Hayward,Hornets,2020-21,F,34.00454545454546,1496.2
Gordon Hayward,Hornets,2021-22,F,31.9156462585034,1563.8666666666666
Gordon Hayward,Hornets,2022-23,F,31.828125,1527.75
Gordon Hayward,Hornets,2022-23,G,24.575,49.15
Gordon Hayward,Hornets,2023-24,F,31.915333333333333,797.8833333333333
Gordon Hayward,Jazz,2010-11,F,15.168,758.4
Gordon Hayward,Jazz,2010-11,G,20.875757575757575,459.26666666666665
Gordon Hayward,Jazz,2011-12,F,27.724019607843136,942.6166666666667
Gordon Hayward,Jazz,2011-12,G,33.501041666666666,1072.0333333333333
Gordon Hayward,Jazz,2012-13,F,29.349038461538463,1526.15
Gordon Hayward,Jazz,2012-13,G,28.902499999999996,578.05
Gordon Hayward,Jazz,2013-14,F,37.4,149.6
Gordon Hayward,Jazz,2013-14,G,36.30228310502283,2650.0666666666666
Gordon Hayward,Jazz,2014-15,F,34.47844444444444,2585.883333333333
Gordon Hayward,Jazz,2014-15,G,31.65,31.65
Gordon Hayward,Jazz,2015-16,F,36.161874999999995,2892.95
Gordon Hayward,Jazz,2016-17,F,34.37800925925926,2475.2166666666667
Gordon Hayward,Jazz,2016-17,G,40.31666666666667,40.31666666666667
Gordon Hayward,Thunder,2023-24,F,17.190833333333334,343.81666666666666
Gordon Hayward,Thunder,2023-24,G,17.26111111111111,103.56666666666666
Gorgui Dieng,Grizzlies,2019-20,C,16.6,33.2
Gorgui Dieng,Grizzlies,2019-20,F,19.014444444444447,285.2166666666667
Gorgui Dieng,Grizzlies,2020-21,C,17.983333333333334,35.96666666666667
Gorgui Dieng,Grizzlies,2020-21,F,16.767500000000002,335.35
Gorgui Dieng,Hawks,2021-22,C,8.435984848484848,371.18333333333334
Gorgui Dieng,Spurs,2020-21,C,11.339583333333334,181.43333333333334
Gorgui Dieng,Spurs,2022-23,C,11.55215053763441,358.1166666666667
Gorgui Dieng,Timberwolves,2013-14,C,19.143010752688173,593.4333333333334
Gorgui Dieng,Timberwolves,2013-14,F,7.73735632183908,224.38333333333333
Gorgui Dieng,Timberwolves,2014-15,C,31.77610062893082,1684.1333333333334
Gorgui Dieng,Timberwolves,2014-15,F,25.446666666666665,508.93333333333334
Gorgui Dieng,Timberwolves,2015-16,C,23.633333333333333,378.1333333333333
Gorgui Dieng,Timberwolves,2015-16,F,27.908333333333335,1841.95
Gorgui Dieng,Timberwolves,2016-17,C,28.116666666666667,28.116666666666667
Gorgui Dieng,Timberwolves,2016-17,F,32.40905349794239,2625.133333333333
Gorgui Dieng,Timberwolves,2017-18,C,15.24423076923077,396.35
Gorgui Dieng,Timberwolves,2017-18,F,17.66509433962264,936.25
Gorgui Dieng,Timberwolves,2018-19,C,16.427777777777777,246.41666666666666
Gorgui Dieng,Timberwolves,2018-19,F,12.866120218579235,784.8333333333334
Gorgui Dieng,Timberwolves,2019-20,C,20.892307692307693,543.2
Gorgui Dieng,Timberwolves,2019-20,F,11.745000000000001,234.9
Gradey Dick,Raptors,2023-24,F,20.97391304347826,964.8
Gradey Dick,Raptors,2023-24,G,21.635714285714283,302.9
Grant Hill,Clippers,2012-13,F,15.058045977011494,436.68333333333334
Grant Hill,Suns,2010-11,F,30.111250000000002,2408.9
Grant Hill,Suns,2011-12,F,28.116666666666667,1377.7166666666667
Grant Williams,Celtics,2019-20,F,15.119082125603866,1043.2166666666667
Grant Williams,Celtics,2020-21,F,18.061640211640213,1137.8833333333334
Grant Williams,Celtics,2021-22,F,24.35194805194805,1875.1
Grant Williams,Celtics,2022-23,F,25.883755274261603,2044.8166666666666
Grant Williams,Hornets,2023-24,C,31.743055555555557,380.9166666666667
Grant Williams,Hornets,2023-24,F,29.819607843137256,506.93333333333334
Grant Williams,Mavericks,2023-24,C,25.916666666666664,51.83333333333333
Grant Williams,Mavericks,2023-24,F,26.442222222222224,1189.9
Grayson Allen,Bucks,2021-22,F,32.40833333333333,129.63333333333333
Grayson Allen,Bucks,2021-22,G,27.018548387096775,1675.15
Grayson Allen,Bucks,2022-23,F,27.75079365079365,582.7666666666667
Grayson Allen,Bucks,2022-23,G,27.243137254901956,1389.3999999999999
Grayson Allen,Grizzlies,2019-20,G,18.907456140350877,718.4833333333333
Grayson Allen,Grizzlies,2020-21,G,25.19,1259.5
Grayson Allen,Jazz,2018-19,G,10.955263157894738,416.3
Grayson Allen,Suns,2023-24,F,33.078148148148145,1488.5166666666667
Grayson Allen,Suns,2023-24,G,34.159444444444446,1024.7833333333333
Greg Brown III,Mavericks,2023-24,F,6.625,39.75
Greg Brown III,Trail Blazers,2021-22,F,13.329861111111112,639.8333333333334
Greg Brown III,Trail Blazers,2022-23,F,5.81875,93.1
Greg Monroe,76ers,2018-19,C,17.48888888888889,52.46666666666667
Greg Monroe,Bucks,2015-16,C,29.293881856540086,2314.2166666666667
Greg Monroe,Bucks,2016-17,C,22.446041666666666,1795.6833333333334
Greg Monroe,Bucks,2016-17,F,27.033333333333335,27.033333333333335
Greg Monroe,Bucks,2017-18,C,15.88,79.4
Greg Monroe,Bucks,2021-22,C,13.926666666666666,69.63333333333333
Greg Monroe,Celtics,2017-18,F,19.09423076923077,496.45
Greg Monroe,Celtics,2018-19,F,2.408333333333333,4.816666666666666
Greg Monroe,Jazz,2021-22,C,8.688888888888888,26.066666666666663
Greg Monroe,Pistons,2010-11,C,28.574074074074076,1028.6666666666667
Greg Monroe,Pistons,2010-11,F,27.117424242424246,1193.1666666666667
Greg Monroe,Pistons,2011-12,C,31.543686868686866,2081.883333333333
Greg Monroe,Pistons,2012-13,C,33.07511737089202,2348.3333333333335
Greg Monroe,Pistons,2012-13,F,33.89333333333333,338.93333333333334
Greg Monroe,Pistons,2013-14,C,40.63333333333333,40.63333333333333
Greg Monroe,Pistons,2013-14,F,32.7022633744856,2648.883333333333
Greg Monroe,Pistons,2014-15,C,27.349999999999998,82.05
Greg Monroe,Pistons,2014-15,F,31.138131313131314,2055.116666666667
Greg Monroe,Raptors,2018-19,C,11.12236842105263,422.65
Greg Monroe,Suns,2017-18,C,24.407291666666666,390.51666666666665
Greg Monroe,Suns,2017-18,F,18.620833333333334,74.48333333333333
Greg Monroe,Timberwolves,2021-22,C,20.366666666666667,81.46666666666667
Greg Monroe,Wizards,2021-22,C,8.808333333333334,17.616666666666667
Greg Oden,Heat,2013-14,C,9.22463768115942,212.16666666666666
Greg Smith,Mavericks,2014-15,C,8.63888888888889,362.8333333333333
Greg Smith,Rockets,2011-12,F,8.6375,69.1
Greg Smith,Rockets,2012-13,C,9.519444444444444,57.11666666666666
Greg Smith,Rockets,2012-13,F,16.456510416666667,1053.2166666666667
Greg Smith,Rockets,2013-14,F,9.116666666666667,100.28333333333333
Greg Smith,Timberwolves,2015-16,F,10.663888888888888,191.95
Greg Stiemsma,Celtics,2011-12,C,13.935151515151516,766.4333333333334
Greg Stiemsma,Pelicans,2013-14,C,18.032716049382717,973.7666666666667
Greg Stiemsma,Pelicans,2013-14,F,32.78333333333333,32.78333333333333
Greg Stiemsma,Raptors,2014-15,F,3.859803921568628,65.61666666666667
Greg Stiemsma,Timberwolves,2012-13,C,15.912719298245616,1209.3666666666668
Greivis Vasquez,Bucks,2015-16,G,19.996376811594203,459.9166666666667
Greivis Vasquez,Grizzlies,2010-11,G,12.285,859.95
Greivis Vasquez,Hornets,2011-12,G,25.84090909090909,1705.5
Greivis Vasquez,Hornets,2012-13,G,34.42628205128205,2685.25
Greivis Vasquez,Kings,2013-14,G,25.83425925925926,465.01666666666665
Greivis Vasquez,Nets,2016-17,G,12.855555555555556,38.56666666666667
Greivis Vasquez,Raptors,2013-14,G,21.539344262295085,1313.9
Greivis Vasquez,Raptors,2014-15,F,24.59583333333333,98.38333333333333
Greivis Vasquez,Raptors,2014-15,G,24.260470085470086,1892.3166666666666
Guerschon Yabusele,Celtics,2017-18,F,7.122727272727273,235.05
Guerschon Yabusele,Celtics,2018-19,F,6.117073170731707,250.8
Gustavo Ayon,Bucks,2012-13,C,13.613888888888889,163.36666666666667
Gustavo Ayon,Hawks,2013-14,C,16.509615384615383,429.25
Gustavo Ayon,Hornets,2011-12,C,20.235416666666666,161.88333333333333
Gustavo Ayon,Hornets,2011-12,F,20.140579710144927,926.4666666666667
Gustavo Ayon,Magic,2012-13,F,13.286821705426357,571.3333333333334
Hakim Warrick,Bobcats,2012-13,F,17.840123456790124,481.68333333333334
Hakim Warrick,Hornets,2012-13,F,7.233333333333333,7.233333333333333
Hakim Warrick,Suns,2010-11,F,17.694166666666668,1415.5333333333333
Hakim Warrick,Suns,2011-12,F,14.371904761904762,503.01666666666665
Hamidou Diallo,Pistons,2020-21,F,22.171794871794873,288.23333333333335
Hamidou Diallo,Pistons,2020-21,G,25.29047619047619,177.03333333333333
Hamidou Diallo,Pistons,2021-22,F,22.55652173913043,1037.6
Hamidou Diallo,Pistons,2021-22,G,19.270833333333332,231.25
Hamidou Diallo,Pistons,2022-23,F,17.98966666666667,899.4833333333333
Hamidou Diallo,Pistons,2022-23,G,16.063888888888886,96.38333333333333
Hamidou Diallo,Thunder,2018-19,F,10.792156862745099,183.46666666666667
Hamidou Diallo,Thunder,2018-19,G,10.083333333333332,342.8333333333333
Hamidou Diallo,Thunder,2019-20,F,19.99298245614035,379.8666666666667
Hamidou Diallo,Thunder,2019-20,G,19.101234567901233,515.7333333333333
Hamidou Diallo,Thunder,2020-21,F,20.537037037037038,184.83333333333334
Hamidou Diallo,Thunder,2020-21,G,25.042753623188407,575.9833333333333
Hamidou Diallo,Wizards,2023-24,G,2.375,4.75
Harrison Barnes,Kings,2018-19,F,33.886904761904766,948.8333333333334
Harrison Barnes,Kings,2019-20,F,34.46736111111111,2481.65
Harrison Barnes,Kings,2020-21,F,36.24885057471265,2102.4333333333334
Harrison Barnes,Kings,2021-22,F,33.593939393939394,2586.733333333333
Harrison Barnes,Kings,2022-23,F,32.46422764227642,2662.0666666666666
Harrison Barnes,Kings,2023-24,F,29.035162601626016,2380.883333333333
Harrison Barnes,Mavericks,2016-17,F,35.48776371308017,2803.5333333333333
Harrison Barnes,Mavericks,2017-18,F,34.210307017543855,2599.983333333333
Harrison Barnes,Mavericks,2017-18,G,34.483333333333334,34.483333333333334
Harrison Barnes,Mavericks,2018-19,F,32.32142857142857,1583.75
Harrison Barnes,Warriors,2012-13,F,25.402057613168722,2057.5666666666666
Harrison Barnes,Warriors,2013-14,F,28.086796536796538,2162.6833333333334
Harrison Barnes,Warriors,2013-14,G,41.083333333333336,41.083333333333336
Harrison Barnes,Warriors,2014-15,F,28.272560975609753,2318.35
Harrison Barnes,Warriors,2015-16,F,30.933080808080806,2041.5833333333333
Harry Giles III,Kings,2018-19,C,14.137931034482758,820.0
Harry Giles III,Kings,2019-20,C,14.50108695652174,667.0500000000001
Harry Giles III,Lakers,2023-24,C,2.6666666666666665,18.666666666666664
Harry Giles III,Nets,2023-24,C,5.078125,81.25
Harry Giles III,Trail Blazers,2020-21,C,9.155263157894737,347.90000000000003
Hasheem Thabeet,Grizzlies,2010-11,C,8.203333333333333,369.15
Hasheem Thabeet,Rockets,2010-11,C,2.1083333333333334,4.216666666666667
Hasheem Thabeet,Rockets,2011-12,C,4.553333333333333,22.766666666666666
Hasheem Thabeet,Thunder,2012-13,C,11.665151515151514,769.9
Hasheem Thabeet,Thunder,2013-14,C,8.365942028985506,192.41666666666666
Hasheem Thabeet,Trail Blazers,2011-12,C,7.7266666666666675,115.9
Hassan Whiteside,Heat,2014-15,C,23.79652777777778,1142.2333333333333
Hassan Whiteside,Heat,2015-16,C,29.1148401826484,2125.383333333333
Hassan Whiteside,Heat,2016-17,C,32.64090909090909,2513.35
Hassan Whiteside,Heat,2017-18,C,25.2608024691358,1364.0833333333333
Hassan Whiteside,Heat,2018-19,C,23.253009259259258,1674.2166666666667
Hassan Whiteside,Jazz,2021-22,C,17.88051282051282,1162.2333333333333
Hassan Whiteside,Kings,2010-11,C,1.75,1.75
Hassan Whiteside,Kings,2011-12,C,6.050000000000001,108.9
Hassan Whiteside,Kings,2020-21,C,15.163425925925926,545.8833333333333
Hassan Whiteside,Trail Blazers,2019-20,C,29.97189054726368,2008.1166666666666
Hassani Gravett,Magic,2021-22,G,21.3875,171.1
Haywood Highsmith,76ers,2018-19,F,7.956666666666666,39.78333333333333
Haywood Highsmith,Heat,2021-22,F,8.595614035087719,163.31666666666666
Haywood Highsmith,Heat,2022-23,F,17.95216049382716,969.4166666666666
Haywood Highsmith,Heat,2023-24,F,20.694696969696967,1365.85
Hedo Turkoglu,Clippers,2013-14,F,10.312719298245614,391.8833333333333
Hedo Turkoglu,Clippers,2014-15,F,11.364516129032259,704.6
Hedo Turkoglu,Magic,2010-11,F,34.11488095238095,1910.4333333333334
Hedo Turkoglu,Magic,2011-12,F,31.19182389937107,1653.1666666666667
Hedo Turkoglu,Magic,2012-13,F,17.171212121212122,188.88333333333333
Hedo Turkoglu,Suns,2010-11,F,25.188666666666666,629.7166666666667
Henry Ellenson,Knicks,2018-19,F,13.782352941176471,234.3
Henry Ellenson,Nets,2019-20,F,3.0233333333333334,15.116666666666667
Henry Ellenson,Pistons,2016-17,F,7.697368421052632,146.25
Henry Ellenson,Pistons,2017-18,F,8.656140350877193,328.93333333333334
Henry Ellenson,Pistons,2018-19,F,12.408333333333333,24.816666666666666
Henry Ellenson,Raptors,2020-21,F,19.183333333333334,38.36666666666667
Henry Sims,76ers,2013-14,C,27.17820512820513,706.6333333333333
Henry Sims,76ers,2014-15,C,19.431250000000002,1088.15
Henry Sims,76ers,2014-15,F,18.26274509803922,310.4666666666667
Henry Sims,Cavaliers,2013-14,C,8.420833333333333,168.41666666666666
Henry Sims,Hornets,2012-13,C,2.3916666666666666,4.783333333333333
Henry Sims,Nets,2015-16,C,18.77857142857143,262.9
Henry Walker,Heat,2014-15,F,26.14861111111111,627.5666666666666
Henry Walker,Knicks,2010-11,F,12.851092896174864,783.9166666666666
Henry Walker,Knicks,2011-12,F,19.384375,620.3
Herbert Jones,Pelicans,2021-22,F,30.326923076923077,1577.0
Herbert Jones,Pelicans,2021-22,G,29.161538461538463,758.2
Herbert Jones,Pelicans,2022-23,F,26.208333333333332,157.25
Herbert Jones,Pelicans,2022-23,G,29.887777777777778,1793.2666666666667
Herbert Jones,Pelicans,2023-24,F,28.96875,231.75
Herbert Jones,Pelicans,2023-24,G,30.73137254901961,2089.7333333333336
Hilton Armstrong,Hawks,2010-11,C,6.372222222222223,76.46666666666667
Hilton Armstrong,Warriors,2013-14,C,6.4399999999999995,96.6
Hilton Armstrong,Wizards,2010-11,C,10.057317073170733,412.35
Hollis Thompson,76ers,2013-14,F,23.108518518518522,1039.8833333333334
Hollis Thompson,76ers,2013-14,G,21.931770833333335,701.8166666666667
Hollis Thompson,76ers,2014-15,F,23.728205128205126,616.9333333333333
Hollis Thompson,76ers,2014-15,G,25.756296296296295,1159.0333333333333
Hollis Thompson,76ers,2015-16,F,28.675793650793654,1204.3833333333334
Hollis Thompson,76ers,2015-16,G,27.12857142857143,949.5
Hollis Thompson,76ers,2016-17,F,18.699019607843137,317.8833333333333
Hollis Thompson,76ers,2016-17,G,17.35833333333333,243.01666666666665
Hollis Thompson,Pelicans,2016-17,G,21.255555555555556,191.3
Ian Clark,Jazz,2013-14,G,7.460869565217391,171.6
Ian Clark,Jazz,2014-15,G,7.007971014492754,161.18333333333334
Ian Clark,Nuggets,2014-15,G,4.428571428571429,31.0
Ian Clark,Pelicans,2017-18,G,19.65382882882883,1454.3833333333334
Ian Clark,Pelicans,2018-19,G,16.21,972.6
Ian Clark,Warriors,2015-16,G,8.760606060606062,578.2
Ian Clark,Warriors,2016-17,G,14.76017316017316,1136.5333333333333
Ian Mahinmi,Mavericks,2010-11,C,8.71220238095238,487.8833333333333
Ian Mahinmi,Mavericks,2011-12,C,18.67513661202186,1139.1833333333334
Ian Mahinmi,Pacers,2012-13,C,16.52645833333333,1322.1166666666666
Ian Mahinmi,Pacers,2013-14,C,16.205411255411256,1247.8166666666666
Ian Mahinmi,Pacers,2014-15,C,18.784699453551912,1145.8666666666666
Ian Mahinmi,Pacers,2015-16,C,25.573943661971832,1815.75
Ian Mahinmi,Wizards,2016-17,C,17.896774193548385,554.8
Ian Mahinmi,Wizards,2017-18,C,14.874242424242423,1145.3166666666666
Ian Mahinmi,Wizards,2018-19,C,14.639705882352942,497.75
Ian Mahinmi,Wizards,2019-20,C,21.258333333333336,807.8166666666667
Ibou Badji,Trail Blazers,2023-24,C,10.264393939393939,225.81666666666666
Ignas Brazdeikis,76ers,2020-21,F,7.9,7.9
Ignas Brazdeikis,Knicks,2019-20,F,5.916666666666667,53.25
Ignas Brazdeikis,Knicks,2020-21,F,1.775,7.1
Ignas Brazdeikis,Magic,2020-21,F,29.227083333333333,233.81666666666666
Ignas Brazdeikis,Magic,2021-22,F,12.751984126984128,535.5833333333334
Iman Shumpert,Cavaliers,2014-15,F,20.985714285714288,146.9
Iman Shumpert,Cavaliers,2014-15,G,24.929032258064513,772.8
Iman Shumpert,Cavaliers,2015-16,F,26.21060606060606,288.31666666666666
Iman Shumpert,Cavaliers,2015-16,G,23.90736434108527,1028.0166666666667
Iman Shumpert,Cavaliers,2016-17,F,23.2,278.4
Iman Shumpert,Cavaliers,2016-17,G,25.919791666666665,1658.8666666666666
Iman Shumpert,Cavaliers,2017-18,F,13.766666666666667,13.766666666666667
Iman Shumpert,Cavaliers,2017-18,G,20.18717948717949,262.43333333333334
Iman Shumpert,Kings,2018-19,F,26.15753968253968,1098.6166666666666
Iman Shumpert,Knicks,2011-12,F,22.734615384615385,295.55
Iman Shumpert,Knicks,2011-12,G,30.650000000000002,1409.9
Iman Shumpert,Knicks,2012-13,F,20.642528735632183,598.6333333333333
Iman Shumpert,Knicks,2012-13,G,24.852083333333333,397.6333333333333
Iman Shumpert,Knicks,2013-14,F,23.521212121212123,517.4666666666667
Iman Shumpert,Knicks,2013-14,G,27.784615384615385,1444.8
Iman Shumpert,Knicks,2014-15,F,32.5,65.0
Iman Shumpert,Knicks,2014-15,G,25.452272727272728,559.95
Iman Shumpert,Nets,2019-20,G,18.51282051282051,240.66666666666666
Iman Shumpert,Nets,2020-21,G,5.491666666666667,10.983333333333334
Iman Shumpert,Rockets,2018-19,F,18.912222222222223,283.68333333333334
Iman Shumpert,Rockets,2018-19,G,19.7,98.5
Immanuel Quickley,Knicks,2020-21,F,21.1,21.1
Immanuel Quickley,Knicks,2020-21,G,19.403174603174605,1222.4
Immanuel Quickley,Knicks,2021-22,F,23.361111111111114,70.08333333333334
Immanuel Quickley,Knicks,2021-22,G,23.09822222222222,1732.3666666666666
Immanuel Quickley,Knicks,2022-23,F,28.108333333333334,56.21666666666667
Immanuel Quickley,Knicks,2022-23,G,28.96075949367089,2287.9
Immanuel Quickley,Knicks,2023-24,G,24.00611111111111,720.1833333333333
Immanuel Quickley,Raptors,2023-24,G,33.29429824561404,1265.1833333333334
Isaac Bonga,Lakers,2018-19,F,5.456060606060606,120.03333333333333
Isaac Bonga,Raptors,2021-22,F,4.576666666666667,68.65
Isaac Bonga,Wizards,2019-20,F,18.934848484848487,1249.7
Isaac Bonga,Wizards,2020-21,F,10.800416666666667,432.01666666666665
Isaac Humphries,Hawks,2018-19,F,11.286666666666667,56.43333333333334
Isaac Okoro,Cavaliers,2020-21,F,31.51951219512195,1292.3
Isaac Okoro,Cavaliers,2020-21,G,33.88333333333333,880.9666666666667
Isaac Okoro,Cavaliers,2021-22,F,30.575,305.75
Isaac Okoro,Cavaliers,2021-22,G,29.38859649122807,1675.15
Isaac Okoro,Cavaliers,2022-23,F,22.553055555555556,1353.1833333333334
Isaac Okoro,Cavaliers,2022-23,G,18.713541666666668,299.4166666666667
Isaac Okoro,Cavaliers,2023-24,F,27.322598870056495,1612.0333333333333
Isaac Okoro,Cavaliers,2023-24,G,27.506666666666668,275.06666666666666
Isaiah Canaan,76ers,2014-15,G,25.86060606060606,568.9333333333333
Isaiah Canaan,76ers,2015-16,G,25.53116883116883,1965.9
Isaiah Canaan,Bucks,2018-19,G,7.629166666666666,30.516666666666666
Isaiah Canaan,Bulls,2016-17,G,15.182051282051283,592.1
Isaiah Canaan,Rockets,2013-14,G,11.465151515151515,252.23333333333332
Isaiah Canaan,Rockets,2014-15,G,14.76,369.0
Isaiah Canaan,Rockets,2017-18,G,3.95,3.95
Isaiah Canaan,Suns,2017-18,G,21.98771929824561,417.76666666666665
Isaiah Canaan,Suns,2018-19,G,26.45,502.55
Isaiah Canaan,Timberwolves,2018-19,G,13.552380952380952,94.86666666666666
Isaiah Hartenstein,Cavaliers,2020-21,C,17.925,286.8
Isaiah Hartenstein,Clippers,2021-22,C,17.879901960784313,1215.8333333333333
Isaiah Hartenstein,Knicks,2022-23,C,19.85650406504065,1628.2333333333333
Isaiah Hartenstein,Knicks,2023-24,C,25.28488888888889,1896.3666666666668
Isaiah Hartenstein,Nuggets,2020-21,C,9.070555555555556,272.1166666666667
Isaiah Hartenstein,Rockets,2018-19,C,7.902380952380953,221.26666666666668
Isaiah Hartenstein,Rockets,2019-20,C,11.565942028985507,266.01666666666665
Isaiah Jackson,Pacers,2021-22,C,15.029629629629628,541.0666666666666
Isaiah Jackson,Pacers,2022-23,C,16.544444444444444,1042.3
Isaiah Jackson,Pacers,2023-24,C,12.848333333333333,770.9
Isaiah Joe,76ers,2020-21,G,9.337398373983739,382.8333333333333
Isaiah Joe,76ers,2021-22,G,11.081212121212122,609.4666666666667
Isaiah Joe,Thunder,2022-23,F,17.916666666666668,250.83333333333334
Isaiah Joe,Thunder,2022-23,G,19.399435028248586,1144.5666666666666
Isaiah Joe,Thunder,2023-24,F,18.13888888888889,108.83333333333333
Isaiah Joe,Thunder,2023-24,G,18.556712962962962,1336.0833333333333
Isaiah Livers,Pistons,2021-22,F,20.270588235294117,344.59999999999997
Isaiah Livers,Pistons,2021-22,G,19.333333333333332,38.666666666666664
Isaiah Livers,Pistons,2022-23,F,23.475531914893615,1103.35
Isaiah Livers,Pistons,2022-23,G,19.083333333333336,95.41666666666667
Isaiah Livers,Pistons,2023-24,F,20.035714285714285,420.75
Isaiah Livers,Pistons,2023-24,G,24.325000000000003,48.650000000000006
Isaiah Roby,Spurs,2022-23,C,10.702083333333334,85.61666666666667
Isaiah Roby,Spurs,2022-23,F,11.412254901960784,388.01666666666665
Isaiah Roby,Thunder,2019-20,C,6.466666666666667,6.466666666666667
Isaiah Roby,Thunder,2019-20,F,2.466666666666667,4.933333333333334
Isaiah Roby,Thunder,2020-21,C,22.103763440860217,685.2166666666667
Isaiah Roby,Thunder,2020-21,F,24.67,740.1
Isaiah Roby,Thunder,2021-22,C,22.289024390243902,913.85
Isaiah Roby,Thunder,2021-22,F,8.65,34.6
Isaiah Stewart,Pistons,2020-21,C,23.381531531531532,865.1166666666667
Isaiah Stewart,Pistons,2020-21,F,19.02258064516129,589.7
Isaiah Stewart,Pistons,2021-22,C,25.57230046948357,1815.6333333333334
Isaiah Stewart,Pistons,2022-23,C,27.971929824561403,531.4666666666667
Isaiah Stewart,Pistons,2022-23,F,28.470967741935485,882.6
Isaiah Stewart,Pistons,2023-24,C,26.90952380952381,188.36666666666667
Isaiah Stewart,Pistons,2023-24,F,31.652991452991454,1234.4666666666667
Isaiah Taylor,Hawks,2017-18,G,17.41865671641791,1167.05
Isaiah Taylor,Rockets,2016-17,G,13.0,52.0
Isaiah Thomas,Cavaliers,2017-18,G,27.056666666666665,405.84999999999997
Isaiah Thomas,Celtics,2014-15,G,25.94126984126984,544.7666666666667
Isaiah Thomas,Celtics,2015-16,G,32.24878048780488,2644.4
Isaiah Thomas,Celtics,2016-17,G,33.80877192982456,2569.4666666666667
Isaiah Thomas,Hornets,2021-22,G,12.886274509803922,219.06666666666666
Isaiah Thomas,Kings,2011-12,G,25.46974358974359,1655.5333333333333
Isaiah Thomas,Kings,2012-13,G,26.854641350210972,2121.516666666667
Isaiah Thomas,Kings,2013-14,G,34.68518518518519,2497.3333333333335
Isaiah Thomas,Lakers,2017-18,G,26.812745098039215,455.81666666666666
Isaiah Thomas,Lakers,2021-22,G,25.245833333333334,100.98333333333333
Isaiah Thomas,Mavericks,2021-22,G,13.283333333333333,13.283333333333333
Isaiah Thomas,Nuggets,2018-19,G,15.065277777777778,180.78333333333333
Isaiah Thomas,Pelicans,2020-21,G,16.08888888888889,48.266666666666666
Isaiah Thomas,Suns,2014-15,G,25.680434782608696,1181.3
Isaiah Thomas,Suns,2023-24,G,3.2305555555555556,19.383333333333333
Isaiah Thomas,Wizards,2019-20,G,23.117083333333333,924.6833333333333
Isaiah Todd,Wizards,2021-22,F,6.179166666666666,74.14999999999999
Isaiah Todd,Wizards,2022-23,F,10.233333333333333,61.39999999999999
Isaiah Whitehead,Nets,2016-17,G,22.513013698630136,1643.45
Isaiah Whitehead,Nets,2017-18,G,11.228125,179.65
Ish Smith,76ers,2014-15,G,27.07,676.75
Ish Smith,76ers,2015-16,G,32.43366666666667,1621.6833333333334
Ish Smith,Bucks,2012-13,G,8.639583333333334,138.23333333333335
Ish Smith,Grizzlies,2010-11,G,7.542222222222222,113.13333333333333
Ish Smith,Hornets,2021-22,G,13.812612612612613,511.06666666666666
Ish Smith,Hornets,2023-24,G,17.22906976744186,740.85
Ish Smith,Magic,2011-12,G,8.545833333333333,170.91666666666666
Ish Smith,Magic,2012-13,G,10.496296296296297,377.8666666666667
Ish Smith,Nuggets,2022-23,G,9.253875968992249,397.9166666666667
Ish Smith,Pelicans,2015-16,G,22.856172839506172,617.1166666666667
Ish Smith,Pistons,2016-17,G,24.138683127572016,1955.2333333333333
Ish Smith,Pistons,2017-18,G,24.910162601626016,2042.6333333333334
Ish Smith,Pistons,2018-19,G,22.338988095238097,1250.9833333333333
Ish Smith,Rockets,2010-11,G,11.733333333333334,328.53333333333336
Ish Smith,Suns,2013-14,G,14.378809523809524,1006.5166666666667
Ish Smith,Thunder,2014-15,G,5.156666666666667,154.70000000000002
Ish Smith,Warriors,2011-12,G,10.547222222222222,63.28333333333333
Ish Smith,Wizards,2019-20,G,26.278186274509807,1786.9166666666667
Ish Smith,Wizards,2020-21,G,20.990909090909092,923.6
Ish Smith,Wizards,2021-22,G,21.96309523809524,614.9666666666667
Ish Wainright,Suns,2021-22,F,7.972222222222222,358.75
Ish Wainright,Suns,2022-23,F,15.252777777777776,915.1666666666666
Ish Wainright,Suns,2023-24,F,4.129166666666666,16.516666666666666
Ish Wainright,Trail Blazers,2023-24,F,6.554761904761905,45.88333333333333
Ivan Johnson,Hawks,2011-12,C,16.71031746031746,350.91666666666663
Ivan Johnson,Hawks,2011-12,F,16.67,583.45
Ivan Johnson,Hawks,2012-13,C,15.67314814814815,282.1166666666667
Ivan Johnson,Hawks,2012-13,F,14.759477124183007,752.7333333333333
Ivan Rabb,Grizzlies,2017-18,C,13.19126984126984,277.01666666666665
Ivan Rabb,Grizzlies,2017-18,F,15.906666666666666,238.6
Ivan Rabb,Grizzlies,2018-19,C,15.39313725490196,523.3666666666667
Ivan Rabb,Grizzlies,2018-19,F,13.153333333333334,197.3
Ivica Zubac,Clippers,2018-19,C,20.134615384615383,523.5
Ivica Zubac,Clippers,2019-20,C,18.417129629629628,1326.0333333333333
Ivica Zubac,Clippers,2020-21,C,22.34050925925926,1608.5166666666667
Ivica Zubac,Clippers,2021-22,C,24.364254385964912,1851.6833333333334
Ivica Zubac,Clippers,2022-23,C,28.54583333333333,2169.483333333333
Ivica Zubac,Clippers,2023-24,C,26.389705882352942,1794.5
Ivica Zubac,Lakers,2016-17,C,16.047685185185188,577.7166666666667
Ivica Zubac,Lakers,2016-17,F,15.408333333333333,30.816666666666666
Ivica Zubac,Lakers,2017-18,C,9.353070175438598,355.4166666666667
Ivica Zubac,Lakers,2017-18,F,10.883333333333335,54.41666666666667
Ivica Zubac,Lakers,2018-19,C,16.375,491.25
Ivica Zubac,Lakers,2018-19,F,8.155555555555557,24.46666666666667
J.J. Barea,Mavericks,2010-11,F,24.290000000000003,121.45000000000002
J.J. Barea,Mavericks,2010-11,G,20.36271929824561,1547.5666666666666
J.J. Barea,Mavericks,2014-15,F,15.354166666666668,61.41666666666667
J.J. Barea,Mavericks,2014-15,G,17.812328767123287,1300.3
J.J. Barea,Mavericks,2015-16,F,26.944444444444446,80.83333333333334
J.J. Barea,Mavericks,2015-16,G,22.339201877934272,1586.0833333333333
J.J. Barea,Mavericks,2016-17,F,13.983333333333333,13.983333333333333
J.J. Barea,Mavericks,2016-17,G,22.257843137254902,756.7666666666667
J.J. Barea,Mavericks,2017-18,G,23.23671497584541,1603.3333333333333
J.J. Barea,Mavericks,2018-19,F,20.366666666666667,20.366666666666667
J.J. Barea,Mavericks,2018-19,G,19.76936936936937,731.4666666666667
J.J. Barea,Mavericks,2019-20,G,15.50632183908046,449.68333333333334
J.J. Barea,Timberwolves,2011-12,G,25.171544715447155,1032.0333333333333
J.J. Barea,Timberwolves,2012-13,G,23.14684684684685,1712.8666666666668
J.J. Barea,Timberwolves,2013-14,G,18.624261603375526,1471.3166666666666
JJ Hickson,Cavaliers,2010-11,C,29.675,1187.0
JJ Hickson,Cavaliers,2010-11,F,26.73333333333333,1069.3333333333333
JJ Hickson,Kings,2011-12,C,25.883333333333333,25.883333333333333
JJ Hickson,Kings,2011-12,F,18.192156862745097,618.5333333333333
JJ Hickson,Nuggets,2013-14,C,26.727513227513228,1683.8333333333333
JJ Hickson,Nuggets,2013-14,F,29.272222222222222,175.63333333333333
JJ Hickson,Nuggets,2014-15,C,18.94726775956284,1155.7833333333333
JJ Hickson,Nuggets,2014-15,F,21.291666666666668,255.5
JJ Hickson,Nuggets,2015-16,C,16.03148148148148,288.56666666666666
JJ Hickson,Nuggets,2015-16,F,8.383333333333333,16.766666666666666
JJ Hickson,Trail Blazers,2011-12,C,24.754761904761903,173.28333333333333
JJ Hickson,Trail Blazers,2011-12,F,35.545833333333334,426.55
JJ Hickson,Trail Blazers,2012-13,C,28.70774647887324,2038.25
JJ Hickson,Trail Blazers,2012-13,F,31.59259259259259,284.3333333333333
JJ Hickson,Wizards,2015-16,F,8.75,131.25
JJ Redick,76ers,2017-18,F,34.19166666666667,136.76666666666668
JJ Redick,76ers,2017-18,G,29.985858585858583,1979.0666666666666
JJ Redick,76ers,2018-19,F,32.079166666666666,128.31666666666666
JJ Redick,76ers,2018-19,G,31.261574074074076,2250.8333333333335
JJ Redick,Bucks,2012-13,G,28.71845238095238,804.1166666666667
JJ Redick,Clippers,2013-14,G,28.21,987.35
JJ Redick,Clippers,2014-15,G,30.885897435897434,2409.1
JJ Redick,Clippers,2015-16,G,27.958444444444442,2096.883333333333
JJ Redick,Clippers,2016-17,G,28.181410256410256,2198.15
JJ Redick,Magic,2010-11,G,25.643220338983053,1512.95
JJ Redick,Magic,2011-12,G,27.146153846153847,1764.5
JJ Redick,Magic,2012-13,G,31.507333333333335,1575.3666666666668
JJ Redick,Mavericks,2020-21,G,11.292307692307693,146.8
JJ Redick,Pelicans,2019-20,F,24.15,24.15
JJ Redick,Pelicans,2019-20,G,26.38728813559322,1556.85
JJ Redick,Pelicans,2020-21,G,18.598924731182798,576.5666666666667
JR Smith,Cavaliers,2014-15,G,31.759057971014496,1460.9166666666667
JR Smith,Cavaliers,2015-16,G,30.675541125541123,2362.0166666666664
JR Smith,Cavaliers,2016-17,F,32.13333333333333,64.26666666666667
JR Smith,Cavaliers,2016-17,G,28.794017094017097,1122.9666666666667
JR Smith,Cavaliers,2017-18,G,28.05229166666667,2244.1833333333334
JR Smith,Cavaliers,2018-19,F,29.729166666666668,118.91666666666667
JR Smith,Cavaliers,2018-19,G,14.773809523809524,103.41666666666667
JR Smith,Knicks,2011-12,F,28.7925,575.85
JR Smith,Knicks,2011-12,G,26.09333333333333,391.4
JR Smith,Knicks,2012-13,F,33.31701388888889,1599.2166666666667
JR Smith,Knicks,2012-13,G,33.709895833333334,1078.7166666666667
JR Smith,Knicks,2013-14,F,33.045121951219514,1354.8500000000001
JR Smith,Knicks,2013-14,G,32.31515151515152,1066.4
JR Smith,Knicks,2014-15,F,25.849019607843136,439.43333333333334
JR Smith,Knicks,2014-15,G,25.59047619047619,179.13333333333333
JR Smith,Lakers,2019-20,F,13.15,78.9
JR Smith,Nuggets,2010-11,F,24.894444444444442,1867.0833333333333
JR Smith,Nuggets,2010-11,G,25.1375,100.55
JT Thor,Hornets,2021-22,F,7.935858585858585,261.8833333333333
JT Thor,Hornets,2022-23,F,14.039855072463768,968.75
JT Thor,Hornets,2023-24,F,12.39100529100529,780.6333333333333
Ja Morant,Grizzlies,2019-20,G,30.960696517412938,2074.366666666667
Ja Morant,Grizzlies,2020-21,G,32.58571428571429,2052.9
Ja Morant,Grizzlies,2021-22,G,33.13654970760234,1888.7833333333333
Ja Morant,Grizzlies,2022-23,G,31.940437158469944,1948.3666666666666
Ja Morant,Grizzlies,2023-24,G,35.32592592592593,317.93333333333334
JaKarr Sampson,76ers,2014-15,F,13.513888888888888,324.3333333333333
JaKarr Sampson,76ers,2014-15,G,16.137999999999998,806.9
JaKarr Sampson,76ers,2015-16,F,16.95740740740741,305.23333333333335
JaKarr Sampson,76ers,2015-16,G,13.297126436781609,385.6166666666667
JaKarr Sampson,Bulls,2018-19,F,31.81666666666667,127.26666666666668
JaKarr Sampson,Kings,2017-18,C,26.008333333333333,52.016666666666666
JaKarr Sampson,Kings,2017-18,F,14.736842105263158,280.0
JaKarr Sampson,Kings,2017-18,G,12.2,12.2
JaKarr Sampson,Nuggets,2015-16,F,18.034615384615385,468.9
JaKarr Sampson,Pacers,2019-20,C,11.69375,93.55
JaKarr Sampson,Pacers,2019-20,F,14.503846153846155,377.1
JaKarr Sampson,Pacers,2020-21,C,11.915000000000001,119.15
JaKarr Sampson,Pacers,2020-21,F,10.375438596491229,197.13333333333335
JaMychal Green,Clippers,2018-19,F,19.618055555555554,470.8333333333333
JaMychal Green,Clippers,2019-20,F,20.747619047619047,1307.1
JaMychal Green,Grizzlies,2014-15,C,1.1083333333333334,2.216666666666667
JaMychal Green,Grizzlies,2014-15,F,7.6037037037037045,136.86666666666667
JaMychal Green,Grizzlies,2015-16,C,13.930000000000001,69.65
JaMychal Green,Grizzlies,2015-16,F,18.855707762557078,1376.4666666666667
JaMychal Green,Grizzlies,2016-17,C,28.116666666666667,56.233333333333334
JaMychal Green,Grizzlies,2016-17,F,27.265555555555558,2044.9166666666667
JaMychal Green,Grizzlies,2017-18,C,35.325,70.65
JaMychal Green,Grizzlies,2017-18,F,27.758490566037736,1471.2
JaMychal Green,Grizzlies,2018-19,C,23.991666666666667,47.983333333333334
JaMychal Green,Grizzlies,2018-19,F,21.84102564102564,851.8000000000001
JaMychal Green,Nuggets,2020-21,C,17.82388888888889,534.7166666666667
JaMychal Green,Nuggets,2020-21,F,20.89702380952381,585.1166666666667
JaMychal Green,Nuggets,2021-22,C,16.353125,523.3
JaMychal Green,Nuggets,2021-22,F,16.06142857142857,562.15
JaMychal Green,Spurs,2014-15,F,6.2125,24.85
JaMychal Green,Warriors,2022-23,F,13.978070175438596,796.75
JaVale McGee,76ers,2014-15,C,10.247222222222222,61.483333333333334
JaVale McGee,Cavaliers,2020-21,C,15.242929292929292,503.01666666666665
JaVale McGee,Kings,2023-24,C,7.377536231884058,339.3666666666667
JaVale McGee,Lakers,2018-19,C,22.27577777777778,1670.6833333333334
JaVale McGee,Lakers,2019-20,C,16.595522388059702,1111.9
JaVale McGee,Lakers,2019-20,F,18.216666666666665,18.216666666666665
JaVale McGee,Mavericks,2015-16,C,10.876470588235295,369.8
JaVale McGee,Mavericks,2022-23,C,8.441666666666666,354.55
JaVale McGee,Nuggets,2011-12,C,20.525,410.5
JaVale McGee,Nuggets,2012-13,C,18.145147679324896,1433.4666666666667
JaVale McGee,Nuggets,2013-14,C,15.896666666666667,79.48333333333333
JaVale McGee,Nuggets,2014-15,C,11.444117647058825,194.55
JaVale McGee,Nuggets,2020-21,C,13.48974358974359,175.36666666666667
JaVale McGee,Suns,2021-22,C,15.835135135135134,1171.8
JaVale McGee,Warriors,2016-17,C,9.599134199134198,739.1333333333333
JaVale McGee,Warriors,2017-18,C,9.467692307692307,615.4
JaVale McGee,Wizards,2010-11,C,27.754008438818566,2192.5666666666666
JaVale McGee,Wizards,2011-12,C,27.421544715447155,1124.2833333333333
Jabari Bird,Celtics,2017-18,G,8.810256410256411,114.53333333333333
Jabari Brown,Lakers,2014-15,G,29.9140350877193,568.3666666666667
Jabari Parker,Bucks,2014-15,F,29.536666666666665,738.4166666666666
Jabari Parker,Bucks,2015-16,F,31.683991228070173,2407.983333333333
Jabari Parker,Bucks,2016-17,F,33.88039215686275,1727.9
Jabari Parker,Bucks,2017-18,F,23.95967741935484,742.75
Jabari Parker,Bulls,2018-19,F,26.719658119658117,1042.0666666666666
Jabari Parker,Celtics,2020-21,F,13.819999999999999,138.2
Jabari Parker,Celtics,2021-22,F,9.370833333333334,112.45
Jabari Parker,Hawks,2019-20,F,26.167708333333334,837.3666666666667
Jabari Parker,Kings,2019-20,F,13.411111111111111,80.46666666666667
Jabari Parker,Kings,2020-21,F,9.083333333333334,27.25
Jabari Parker,Wizards,2018-19,F,27.29,682.25
Jabari Smith Jr.,Rockets,2022-23,C,34.876666666666665,174.38333333333333
Jabari Smith Jr.,Rockets,2022-23,F,30.759009009009006,2276.1666666666665
Jabari Smith Jr.,Rockets,2023-24,C,30.93777777777778,464.06666666666666
Jabari Smith Jr.,Rockets,2023-24,F,32.12868852459016,1959.85
Jabari Walker,Trail Blazers,2022-23,C,20.733333333333334,20.733333333333334
Jabari Walker,Trail Blazers,2022-23,F,10.880606060606059,598.4333333333333
Jabari Walker,Trail Blazers,2023-24,C,23.42222222222222,70.26666666666667
Jabari Walker,Trail Blazers,2023-24,F,23.627777777777776,1630.3166666666666
Jacob Evans,Timberwolves,2019-20,G,2.1333333333333333,4.266666666666667
Jacob Evans,Warriors,2018-19,G,6.786111111111111,203.58333333333334
Jacob Evans,Warriors,2019-20,G,15.329012345679011,413.8833333333333
Jacob Gilyard,Grizzlies,2022-23,G,40.78333333333333,40.78333333333333
Jacob Gilyard,Grizzlies,2023-24,G,17.668018018018017,653.7166666666667
Jacob Gilyard,Nets,2023-24,G,11.1625,44.65
Jaden Hardy,Mavericks,2022-23,G,14.758333333333333,708.4
Jaden Hardy,Mavericks,2023-24,G,13.551141552511416,989.2333333333333
Jaden Ivey,Pistons,2022-23,G,31.139639639639643,2304.3333333333335
Jaden Ivey,Pistons,2023-24,G,28.7987012987013,2217.5
Jaden McDaniels,Timberwolves,2020-21,F,23.98068783068783,1510.7833333333333
Jaden McDaniels,Timberwolves,2021-22,F,25.752857142857142,1802.7
Jaden McDaniels,Timberwolves,2022-23,F,30.588818565400846,2416.516666666667
Jaden McDaniels,Timberwolves,2023-24,F,29.24282407407408,2105.4833333333336
Jaden Springer,76ers,2021-22,G,2.8166666666666664,5.633333333333333
Jaden Springer,76ers,2022-23,G,5.579166666666667,89.26666666666667
Jaden Springer,76ers,2023-24,G,11.792708333333334,377.3666666666667
Jaden Springer,Celtics,2023-24,G,7.624509803921569,129.61666666666667
Jae Crowder,Bucks,2022-23,F,18.87314814814815,339.7166666666667
Jae Crowder,Bucks,2023-24,F,23.113666666666667,1155.6833333333334
Jae Crowder,Cavaliers,2017-18,F,25.32051282051282,1316.6666666666667
Jae Crowder,Cavaliers,2017-18,G,28.85,28.85
Jae Crowder,Celtics,2014-15,F,24.241812865497074,1381.7833333333333
Jae Crowder,Celtics,2015-16,F,31.619178082191777,2308.2
Jae Crowder,Celtics,2016-17,F,32.43611111111111,2335.4
Jae Crowder,Grizzlies,2019-20,F,29.369629629629628,1321.6333333333332
Jae Crowder,Heat,2019-20,F,27.65416666666667,553.0833333333334
Jae Crowder,Jazz,2017-18,F,27.55679012345679,744.0333333333333
Jae Crowder,Jazz,2018-19,F,27.071875,2165.75
Jae Crowder,Mavericks,2012-13,C,17.0,51.0
Jae Crowder,Mavericks,2012-13,F,17.36288888888889,1302.2166666666667
Jae Crowder,Mavericks,2013-14,C,10.256666666666666,51.28333333333333
Jae Crowder,Mavericks,2013-14,F,16.469406392694065,1202.2666666666667
Jae Crowder,Mavericks,2014-15,C,7.366666666666666,7.366666666666666
Jae Crowder,Mavericks,2014-15,F,10.729166666666666,257.5
Jae Crowder,Suns,2020-21,F,27.473333333333336,1648.4
Jae Crowder,Suns,2021-22,F,28.147263681592037,1885.8666666666666
Jae'Sean Tate,Rockets,2020-21,F,29.296618357487922,2021.4666666666667
Jae'Sean Tate,Rockets,2020-21,G,21.283333333333335,21.283333333333335
Jae'Sean Tate,Rockets,2021-22,F,26.364957264957265,2056.4666666666667
Jae'Sean Tate,Rockets,2022-23,F,21.403333333333336,535.0833333333334
Jae'Sean Tate,Rockets,2022-23,G,23.733333333333334,142.4
Jae'Sean Tate,Rockets,2023-24,F,15.842447916666666,1013.9166666666666
Jae'Sean Tate,Rockets,2023-24,G,17.5,17.5
Jahlil Okafor,76ers,2015-16,C,30.432666666666663,1521.6333333333332
Jahlil Okafor,76ers,2015-16,F,22.977777777777778,68.93333333333334
Jahlil Okafor,76ers,2016-17,C,22.712847222222223,1090.2166666666667
Jahlil Okafor,76ers,2016-17,F,21.883333333333333,43.766666666666666
Jahlil Okafor,76ers,2017-18,C,12.641666666666666,25.28333333333333
Jahlil Okafor,Nets,2017-18,C,12.597435897435899,327.53333333333336
Jahlil Okafor,Pelicans,2018-19,C,15.626436781609197,906.3333333333334
Jahlil Okafor,Pelicans,2018-19,F,28.55,28.55
Jahlil Okafor,Pelicans,2019-20,C,15.565,466.95
Jahlil Okafor,Pistons,2020-21,C,12.860493827160495,347.23333333333335
Jahmi'us Ramsey,Kings,2020-21,G,7.267948717948718,94.48333333333333
Jahmi'us Ramsey,Kings,2021-22,G,7.049122807017544,133.93333333333334
Jahmi'us Ramsey,Raptors,2023-24,G,17.297619047619047,121.08333333333333
Jaime Jaquez Jr.,Heat,2023-24,F,28.076153846153847,1824.95
Jaime Jaquez Jr.,Heat,2023-24,G,28.82666666666667,288.2666666666667
Jake LaRavia,Grizzlies,2022-23,F,14.027380952380952,196.38333333333333
Jake LaRavia,Grizzlies,2022-23,G,10.376984126984128,217.91666666666669
Jake LaRavia,Grizzlies,2023-24,F,24.844444444444445,298.1333333333333
Jake LaRavia,Grizzlies,2023-24,G,22.06159420289855,507.41666666666663
Jake Layman,Timberwolves,2019-20,F,21.531666666666666,430.6333333333333
Jake Layman,Timberwolves,2019-20,G,24.849999999999998,74.55
Jake Layman,Timberwolves,2020-21,F,13.763953488372094,591.85
Jake Layman,Timberwolves,2020-21,G,17.708333333333336,35.41666666666667
Jake Layman,Timberwolves,2021-22,F,6.781372549019608,230.56666666666666
Jake Layman,Trail Blazers,2016-17,F,5.226190476190476,109.75
Jake Layman,Trail Blazers,2016-17,G,9.93095238095238,139.03333333333333
Jake Layman,Trail Blazers,2017-18,F,3.9066666666666663,97.66666666666666
Jake Layman,Trail Blazers,2017-18,G,6.266666666666667,62.666666666666664
Jake Layman,Trail Blazers,2018-19,F,17.893402777777776,858.8833333333333
Jake Layman,Trail Blazers,2018-19,G,20.35217391304348,468.1
Jakob Poeltl,Raptors,2016-17,C,11.327564102564102,589.0333333333333
Jakob Poeltl,Raptors,2016-17,F,18.691666666666666,37.38333333333333
Jakob Poeltl,Raptors,2017-18,C,18.674074074074074,1512.6
Jakob Poeltl,Raptors,2017-18,F,10.95,10.95
Jakob Poeltl,Raptors,2022-23,C,27.185256410256407,706.8166666666666
Jakob Poeltl,Raptors,2023-24,C,26.38266666666667,1319.1333333333334
Jakob Poeltl,Spurs,2018-19,C,16.386711711711712,1212.6166666666666
Jakob Poeltl,Spurs,2018-19,F,20.016666666666666,60.05
Jakob Poeltl,Spurs,2019-20,C,17.46769230769231,1135.4
Jakob Poeltl,Spurs,2019-20,F,35.78333333333333,35.78333333333333
Jakob Poeltl,Spurs,2020-21,C,26.741062801932365,1845.1333333333332
Jakob Poeltl,Spurs,2021-22,C,29.169651741293535,1954.3666666666668
Jakob Poeltl,Spurs,2021-22,F,15.316666666666666,15.316666666666666
Jakob Poeltl,Spurs,2022-23,C,26.071739130434782,1199.3
Jalen Brunson,Knicks,2022-23,G,34.980637254901964,2378.6833333333334
Jalen Brunson,Knicks,2023-24,G,35.40735930735931,2726.366666666667
Jalen Brunson,Mavericks,2018-19,G,21.798401826484017,1591.2833333333333
Jalen Brunson,Mavericks,2019-20,G,17.931286549707604,1022.0833333333334
Jalen Brunson,Mavericks,2020-21,G,24.959313725490198,1697.2333333333333
Jalen Brunson,Mavericks,2021-22,G,31.949789029535864,2524.0333333333333
Jalen Duren,Pistons,2022-23,C,24.864358974358975,1616.1833333333334
Jalen Duren,Pistons,2022-23,F,27.0,54.0
Jalen Duren,Pistons,2023-24,C,29.13879781420765,1777.4666666666667
Jalen Green,Rockets,2021-22,G,31.90721393034826,2137.7833333333333
Jalen Green,Rockets,2022-23,G,34.23881578947368,2602.15
Jalen Green,Rockets,2023-24,G,31.724999999999998,2601.45
Jalen Harris,Raptors,2020-21,G,13.238461538461538,172.1
Jalen Johnson,Hawks,2021-22,F,5.472727272727273,120.39999999999999
Jalen Johnson,Hawks,2022-23,F,14.879999999999999,1041.6
Jalen Johnson,Hawks,2023-24,F,33.73005952380952,1888.8833333333334
Jalen McDaniels,76ers,2022-23,F,17.463194444444444,419.1166666666667
Jalen McDaniels,Hornets,2019-20,F,18.332291666666666,293.31666666666666
Jalen McDaniels,Hornets,2020-21,F,19.225886524822695,903.6166666666667
Jalen McDaniels,Hornets,2021-22,F,16.277575757575757,895.2666666666667
Jalen McDaniels,Hornets,2022-23,F,26.674107142857142,1493.75
Jalen McDaniels,Raptors,2023-24,F,10.760333333333334,538.0166666666667
Jalen Smith,Pacers,2021-22,C,26.133333333333333,52.266666666666666
Jalen Smith,Pacers,2021-22,F,24.513333333333332,490.26666666666665
Jalen Smith,Pacers,2022-23,C,19.85,178.65
Jalen Smith,Pacers,2022-23,F,18.647457627118644,1100.2
Jalen Smith,Pacers,2023-24,C,18.375757575757575,202.13333333333333
Jalen Smith,Pacers,2023-24,F,16.889666666666667,844.4833333333333
Jalen Smith,Suns,2020-21,C,4.55,95.55
Jalen Smith,Suns,2020-21,F,10.030555555555557,60.18333333333334
Jalen Smith,Suns,2021-22,C,12.930864197530864,349.1333333333333
Jalen Smith,Suns,2021-22,F,16.266666666666666,32.53333333333333
Jalen Suggs,Magic,2021-22,G,27.221875,1306.65
Jalen Suggs,Magic,2022-23,F,16.975,33.95
Jalen Suggs,Magic,2022-23,G,23.76274509803922,1211.9
Jalen Suggs,Magic,2023-24,G,26.994666666666664,2024.6
Jalen Williams,Thunder,2022-23,F,30.246118721461187,2207.9666666666667
Jalen Williams,Thunder,2022-23,G,33.81666666666666,67.63333333333333
Jalen Williams,Thunder,2023-24,F,31.319248826291076,2223.6666666666665
Jalen Wilson,Nets,2023-24,F,15.455038759689923,664.5666666666667
Jamaal Magloire,Heat,2010-11,C,8.756481481481481,157.61666666666667
Jamaal Magloire,Raptors,2011-12,C,10.991176470588234,373.7
Jamaal Tinsley,Jazz,2011-12,G,13.714864864864865,507.45
Jamaal Tinsley,Jazz,2012-13,G,18.493181818181817,1220.55
Jamaal Tinsley,Jazz,2013-14,G,13.775,110.2
Jamal Cain,Heat,2022-23,F,13.334259259259259,240.01666666666665
Jamal Cain,Heat,2023-24,F,9.96474358974359,259.0833333333333
Jamal Crawford,Clippers,2012-13,G,29.34671052631579,2230.35
Jamal Crawford,Clippers,2013-14,F,30.4,30.4
Jamal Crawford,Clippers,2013-14,G,30.351470588235294,2063.9
Jamal Crawford,Clippers,2014-15,F,34.78888888888889,104.36666666666667
Jamal Crawford,Clippers,2014-15,G,26.20792349726776,1598.6833333333334
Jamal Crawford,Clippers,2015-16,G,26.913924050632907,2126.2
Jamal Crawford,Clippers,2016-17,F,19.341666666666665,38.68333333333333
Jamal Crawford,Clippers,2016-17,G,26.480416666666667,2118.4333333333334
Jamal Crawford,Hawks,2010-11,G,30.224122807017544,2297.0333333333333
Jamal Crawford,Nets,2019-20,G,5.966666666666667,5.966666666666667
Jamal Crawford,Suns,2018-19,G,18.920572916666668,1210.9166666666667
Jamal Crawford,Timberwolves,2017-18,G,20.66583333333333,1653.2666666666667
Jamal Crawford,Trail Blazers,2011-12,F,38.266666666666666,38.266666666666666
Jamal Crawford,Trail Blazers,2011-12,G,26.68587570621469,1574.4666666666667
Jamal Murray,Nuggets,2016-17,G,21.52012195121951,1764.65
Jamal Murray,Nuggets,2017-18,G,31.66358024691358,2564.75
Jamal Murray,Nuggets,2018-19,G,32.63066666666667,2447.3
Jamal Murray,Nuggets,2019-20,G,32.26271186440678,1903.5
Jamal Murray,Nuggets,2020-21,G,35.49236111111111,1703.6333333333332
Jamal Murray,Nuggets,2022-23,G,32.82179487179487,2133.4166666666665
Jamal Murray,Nuggets,2023-24,G,31.548870056497172,1861.3833333333332
Jamario Moon,Bobcats,2011-12,F,15.435416666666667,123.48333333333333
Jamario Moon,Cavaliers,2010-11,F,19.097916666666666,763.9166666666666
Jamario Moon,Clippers,2010-11,F,14.65,278.35
Jameer Nelson,Celtics,2014-15,G,20.147222222222222,120.88333333333333
Jameer Nelson,Magic,2010-11,G,30.511184210526313,2318.85
Jameer Nelson,Magic,2011-12,G,29.931871345029236,1706.1166666666666
Jameer Nelson,Magic,2012-13,G,35.304761904761904,1977.0666666666666
Jameer Nelson,Magic,2013-14,G,32.04460784313726,2179.0333333333333
Jameer Nelson,Mavericks,2014-15,G,25.372463768115946,583.5666666666667
Jameer Nelson,Nuggets,2014-15,G,20.634313725490195,701.5666666666666
Jameer Nelson,Nuggets,2015-16,G,26.55598290598291,1035.6833333333334
Jameer Nelson,Nuggets,2016-17,G,27.264444444444443,2044.8333333333333
Jameer Nelson,Pelicans,2017-18,G,20.872480620155038,897.5166666666667
Jameer Nelson,Pistons,2017-18,G,16.521428571428572,115.65
Jamel Artis,Magic,2017-18,F,18.6,279.0
James Anderson,76ers,2013-14,F,33.6,134.4
James Anderson,76ers,2013-14,G,28.616228070175442,2174.8333333333335
James Anderson,Kings,2015-16,F,21.12291666666667,168.98333333333335
James Anderson,Kings,2015-16,G,12.837596899224806,552.0166666666667
James Anderson,Rockets,2012-13,G,10.593678160919541,307.2166666666667
James Anderson,Spurs,2010-11,F,13.06875,104.55
James Anderson,Spurs,2010-11,G,10.092592592592592,181.66666666666666
James Anderson,Spurs,2011-12,F,10.922727272727274,120.15
James Anderson,Spurs,2011-12,G,12.071666666666667,482.8666666666667
James Anderson,Spurs,2012-13,F,15.322222222222223,45.96666666666667
James Anderson,Spurs,2012-13,G,6.866666666666666,48.06666666666666
James Ennis III,76ers,2018-19,F,15.618518518518519,281.1333333333333
James Ennis III,76ers,2019-20,F,15.845578231292516,776.4333333333333
James Ennis III,Clippers,2021-22,F,14.025,28.05
James Ennis III,Grizzlies,2015-16,F,3.7645833333333334,30.116666666666667
James Ennis III,Grizzlies,2015-16,G,4.725,9.45
James Ennis III,Grizzlies,2016-17,F,23.63875968992248,1016.4666666666667
James Ennis III,Grizzlies,2016-17,G,23.053174603174604,484.1166666666667
James Ennis III,Grizzlies,2017-18,F,23.915447154471543,980.5333333333333
James Ennis III,Grizzlies,2017-18,G,18.05,72.2
James Ennis III,Heat,2014-15,F,16.76160714285714,938.65
James Ennis III,Heat,2014-15,G,18.788888888888888,112.73333333333333
James Ennis III,Heat,2015-16,F,2.4611111111111112,7.383333333333334
James Ennis III,Magic,2019-20,F,24.475,489.5
James Ennis III,Magic,2020-21,F,24.05609756097561,986.3
James Ennis III,Nets,2021-22,F,6.841666666666667,13.683333333333334
James Ennis III,Nuggets,2021-22,F,4.622222222222223,13.866666666666667
James Ennis III,Pelicans,2015-16,G,31.285185185185185,281.56666666666666
James Ennis III,Pistons,2017-18,F,20.41913580246914,551.3166666666667
James Ennis III,Rockets,2018-19,F,23.71333333333333,948.5333333333333
James Harden,76ers,2021-22,G,37.73571428571429,792.45
James Harden,76ers,2022-23,F,37.61666666666667,37.61666666666667
James Harden,76ers,2022-23,G,36.79678362573099,2097.4166666666665
James Harden,Clippers,2023-24,G,34.30185185185186,2469.7333333333336
James Harden,Nets,2020-21,F,36.48333333333333,109.44999999999999
James Harden,Nets,2020-21,G,36.64848484848485,1209.4
James Harden,Nets,2021-22,G,36.98371212121212,1627.2833333333333
James Harden,Rockets,2012-13,G,38.26346153846154,2984.55
James Harden,Rockets,2013-14,G,38.047716894977164,2777.483333333333
James Harden,Rockets,2014-15,G,36.80102880658436,2980.883333333333
James Harden,Rockets,2015-16,G,38.10589430894309,3124.6833333333334
James Harden,Rockets,2016-17,G,36.379218106995886,2946.7166666666667
James Harden,Rockets,2017-18,G,35.428009259259255,2550.8166666666666
James Harden,Rockets,2018-19,G,36.75299145299146,2866.7333333333336
James Harden,Rockets,2019-20,G,36.50808823529412,2482.55
James Harden,Rockets,2020-21,G,36.25208333333333,290.01666666666665
James Harden,Thunder,2010-11,G,26.690447154471546,2188.616666666667
James Harden,Thunder,2011-12,G,31.38817204301075,1946.0666666666666
James Johnson,Bulls,2010-11,F,9.435897435897434,122.66666666666666
James Johnson,Grizzlies,2013-14,C,15.946078431372548,271.0833333333333
James Johnson,Grizzlies,2013-14,F,19.57857142857143,685.25
James Johnson,Heat,2016-17,F,27.433991228070173,2084.983333333333
James Johnson,Heat,2017-18,F,26.62077625570776,1943.3166666666666
James Johnson,Heat,2018-19,F,21.16060606060606,1163.8333333333333
James Johnson,Heat,2019-20,F,15.622222222222222,281.2
James Johnson,Kings,2012-13,F,16.266666666666666,878.4
James Johnson,Mavericks,2020-21,F,17.379310344827587,504.0
James Johnson,Nets,2021-22,F,19.213709677419356,1191.25
James Johnson,Pacers,2022-23,C,9.291666666666668,92.91666666666667
James Johnson,Pacers,2022-23,F,8.68125,69.45
James Johnson,Pacers,2023-24,C,5.25,21.0
James Johnson,Pacers,2023-24,F,5.24,26.2
James Johnson,Pelicans,2020-21,C,16.266666666666666,16.266666666666666
James Johnson,Pelicans,2020-21,F,24.891269841269843,522.7166666666667
James Johnson,Raptors,2010-11,F,27.940666666666665,698.5166666666667
James Johnson,Raptors,2011-12,F,25.171774193548387,1560.65
James Johnson,Raptors,2014-15,F,19.57095238095238,1369.9666666666667
James Johnson,Raptors,2015-16,F,16.24093567251462,925.7333333333333
James Johnson,Timberwolves,2019-20,C,25.679166666666667,102.71666666666667
James Johnson,Timberwolves,2019-20,F,23.565,235.65
James Jones,Cavaliers,2014-15,F,11.74327485380117,669.3666666666667
James Jones,Cavaliers,2015-16,F,9.654861111111112,463.43333333333334
James Jones,Cavaliers,2016-17,F,7.929861111111111,380.6333333333333
James Jones,Heat,2010-11,F,21.23985507246377,488.51666666666665
James Jones,Heat,2010-11,G,18.285344827586208,1060.55
James Jones,Heat,2011-12,F,10.210784313725489,173.58333333333331
James Jones,Heat,2011-12,G,14.472058823529412,492.05
James Jones,Heat,2012-13,F,2.907407407407407,26.166666666666664
James Jones,Heat,2012-13,G,6.704022988505747,194.41666666666666
James Jones,Heat,2013-14,F,18.233333333333334,54.7
James Jones,Heat,2013-14,G,10.649019607843137,181.03333333333333
James Michael McAdoo,76ers,2017-18,F,5.983333333333334,17.950000000000003
James Michael McAdoo,Warriors,2014-15,F,9.143333333333334,137.15
James Michael McAdoo,Warriors,2015-16,F,6.378861788617887,261.53333333333336
James Michael McAdoo,Warriors,2016-17,F,8.796794871794871,457.43333333333334
James White,Knicks,2012-13,F,7.631818181818182,335.8
James White,Knicks,2012-13,G,7.662820512820513,99.61666666666667
James Wiseman,Pistons,2022-23,C,25.857142857142858,543.0
James Wiseman,Pistons,2022-23,F,20.677777777777777,62.03333333333333
James Wiseman,Pistons,2023-24,C,17.232485875706214,1016.7166666666667
James Wiseman,Pistons,2023-24,F,18.579166666666666,74.31666666666666
James Wiseman,Warriors,2020-21,C,21.432905982905982,835.8833333333333
James Wiseman,Warriors,2022-23,C,12.483333333333333,262.15
Jamil Wilson,Clippers,2017-18,F,18.25222222222222,273.7833333333333
Jan Vesely,Nuggets,2013-14,F,14.59047619047619,306.4
Jan Vesely,Wizards,2011-12,F,18.904678362573097,1077.5666666666666
Jan Vesely,Wizards,2012-13,F,11.791830065359477,601.3833333333333
Jan Vesely,Wizards,2013-14,F,14.24141414141414,469.96666666666664
Jared Butler,Jazz,2021-22,G,8.566269841269841,359.78333333333336
Jared Butler,Thunder,2022-23,G,12.755555555555555,76.53333333333333
Jared Butler,Wizards,2023-24,G,14.140833333333333,565.6333333333333
Jared Cunningham,Bucks,2015-16,G,13.745833333333334,54.983333333333334
Jared Cunningham,Cavaliers,2015-16,G,8.885833333333334,355.43333333333334
Jared Cunningham,Clippers,2014-15,G,4.685087719298245,89.01666666666667
Jared Cunningham,Hawks,2013-14,G,4.383333333333334,21.916666666666668
Jared Cunningham,Kings,2013-14,G,7.279166666666667,58.233333333333334
Jared Cunningham,Mavericks,2012-13,G,3.2125,25.7
Jared Dudley,Bucks,2014-15,F,25.26530612244898,1238.0
Jared Dudley,Bucks,2014-15,G,20.816666666666666,478.7833333333333
Jared Dudley,Clippers,2013-14,F,23.364864864864863,1729.0
Jared Dudley,Lakers,2019-20,F,8.07925925925926,363.56666666666666
Jared Dudley,Lakers,2020-21,F,6.720833333333334,80.65
Jared Dudley,Nets,2018-19,F,20.672033898305088,1219.65
Jared Dudley,Suns,2010-11,F,23.44833333333333,468.96666666666664
Jared Dudley,Suns,2010-11,G,26.945967741935487,1670.65
Jared Dudley,Suns,2011-12,F,30.216666666666665,543.9
Jared Dudley,Suns,2011-12,G,31.404255319148938,1476.0
Jared Dudley,Suns,2012-13,F,32.63968253968254,685.4333333333334
Jared Dudley,Suns,2012-13,G,25.595689655172414,1484.55
Jared Dudley,Suns,2016-17,F,21.17628205128205,550.5833333333334
Jared Dudley,Suns,2016-17,G,21.364912280701756,811.8666666666667
Jared Dudley,Suns,2017-18,F,12.515,250.3
Jared Dudley,Suns,2017-18,G,15.578571428571427,436.2
Jared Dudley,Wizards,2015-16,F,25.89732510288066,2097.6833333333334
Jared Jeffries,Knicks,2010-11,C,19.01904761904762,399.4
Jared Jeffries,Knicks,2010-11,F,21.244444444444444,63.733333333333334
Jared Jeffries,Knicks,2011-12,C,17.37608695652174,399.65
Jared Jeffries,Knicks,2011-12,F,20.582291666666666,329.31666666666666
Jared Jeffries,Rockets,2010-11,F,7.662962962962963,137.93333333333334
Jared Jeffries,Trail Blazers,2012-13,C,9.205701754385965,349.81666666666666
Jared Sullinger,Celtics,2012-13,C,21.476315789473684,408.05
Jared Sullinger,Celtics,2012-13,F,18.59551282051282,483.48333333333335
Jared Sullinger,Celtics,2013-14,C,28.47048611111111,1366.5833333333333
Jared Sullinger,Celtics,2013-14,F,25.950641025641026,674.7166666666667
Jared Sullinger,Celtics,2014-15,C,15.616666666666667,93.7
Jared Sullinger,Celtics,2014-15,F,28.32051282051282,1472.6666666666667
Jared Sullinger,Celtics,2015-16,C,23.824444444444442,1786.8333333333333
Jared Sullinger,Celtics,2015-16,F,21.302777777777777,127.81666666666666
Jared Sullinger,Raptors,2016-17,C,4.85,4.85
Jared Sullinger,Raptors,2016-17,F,11.288333333333334,112.88333333333334
Jarell Martin,Grizzlies,2015-16,F,14.057407407407409,379.55
Jarell Martin,Grizzlies,2016-17,F,13.296031746031744,558.4333333333333
Jarell Martin,Grizzlies,2017-18,C,29.316666666666666,29.316666666666666
Jarell Martin,Grizzlies,2017-18,F,22.52394366197183,1599.2
Jarell Martin,Grizzlies,2017-18,G,32.1,32.1
Jarell Martin,Magic,2018-19,F,7.806746031746032,327.8833333333333
Jaren Jackson Jr.,Grizzlies,2018-19,C,28.083333333333336,56.16666666666667
Jaren Jackson Jr.,Grizzlies,2018-19,F,26.045535714285712,1458.55
Jaren Jackson Jr.,Grizzlies,2019-20,C,27.994444444444444,83.98333333333333
Jaren Jackson Jr.,Grizzlies,2019-20,F,28.48148148148148,1538.0
Jaren Jackson Jr.,Grizzlies,2020-21,C,24.4,24.4
Jaren Jackson Jr.,Grizzlies,2020-21,F,23.403333333333332,234.03333333333333
Jaren Jackson Jr.,Grizzlies,2021-22,C,28.01666666666667,140.08333333333334
Jaren Jackson Jr.,Grizzlies,2021-22,F,27.207305936073062,1986.1333333333334
Jaren Jackson Jr.,Grizzlies,2022-23,C,27.033333333333335,27.033333333333335
Jaren Jackson Jr.,Grizzlies,2022-23,F,28.39462365591398,1760.4666666666667
Jaren Jackson Jr.,Grizzlies,2023-24,C,33.50476190476191,938.1333333333333
Jaren Jackson Jr.,Grizzlies,2023-24,F,31.212280701754384,1186.0666666666666
Jarnell Stokes,Grizzlies,2014-15,F,6.6385964912280695,126.13333333333333
Jarnell Stokes,Grizzlies,2015-16,F,2.216666666666667,4.433333333333334
Jarnell Stokes,Heat,2015-16,F,2.83,14.15
Jarnell Stokes,Nuggets,2016-17,F,3.275,6.55
Jaron Blossomgame,Cavaliers,2018-19,F,16.265432098765434,439.1666666666667
Jarred Vanderbilt,Jazz,2022-23,C,24.08452380952381,1011.55
Jarred Vanderbilt,Jazz,2022-23,F,24.288333333333334,242.88333333333333
Jarred Vanderbilt,Lakers,2022-23,C,34.63333333333333,34.63333333333333
Jarred Vanderbilt,Lakers,2022-23,F,23.628666666666668,590.7166666666667
Jarred Vanderbilt,Lakers,2023-24,F,20.04367816091954,581.2666666666667
Jarred Vanderbilt,Nuggets,2018-19,F,4.0696078431372555,69.18333333333334
Jarred Vanderbilt,Nuggets,2019-20,F,4.603703703703704,41.43333333333333
Jarred Vanderbilt,Timberwolves,2019-20,F,2.55,5.1
Jarred Vanderbilt,Timberwolves,2020-21,F,17.802083333333332,1139.3333333333333
Jarred Vanderbilt,Timberwolves,2021-22,F,25.412612612612612,1880.5333333333333
Jarrett Allen,Cavaliers,2020-21,C,30.292517006802726,1484.3333333333335
Jarrett Allen,Cavaliers,2020-21,F,29.875,59.75
Jarrett Allen,Cavaliers,2021-22,C,32.31428571428571,1809.6
Jarrett Allen,Cavaliers,2022-23,C,32.64926470588235,2220.15
Jarrett Allen,Cavaliers,2023-24,C,31.715584415584413,2442.1
Jarrett Allen,Nets,2017-18,C,20.01574074074074,1441.1333333333332
Jarrett Allen,Nets,2018-19,C,26.199583333333333,2095.9666666666667
Jarrett Allen,Nets,2019-20,C,26.45547619047619,1851.8833333333334
Jarrett Allen,Nets,2020-21,C,26.625,319.5
Jarrett Culver,Grizzlies,2021-22,F,9.14009009009009,338.18333333333334
Jarrett Culver,Hawks,2022-23,F,13.686666666666667,136.86666666666667
Jarrett Culver,Timberwolves,2019-20,F,20.40625,163.25
Jarrett Culver,Timberwolves,2019-20,G,24.406666666666666,1342.3666666666666
Jarrett Culver,Timberwolves,2020-21,F,20.046296296296294,180.41666666666666
Jarrett Culver,Timberwolves,2020-21,G,12.747333333333334,318.68333333333334
Jarrett Jack,Cavaliers,2013-14,G,28.151666666666664,2252.133333333333
Jarrett Jack,Hornets,2010-11,G,19.64166666666667,1374.9166666666667
Jarrett Jack,Hornets,2011-12,G,34.00555555555555,1530.25
Jarrett Jack,Knicks,2017-18,G,24.961021505376344,1547.5833333333333
Jarrett Jack,Nets,2014-15,G,28.012083333333333,2240.9666666666667
Jarrett Jack,Nets,2015-16,G,32.0828125,1026.65
Jarrett Jack,Pelicans,2016-17,G,16.541666666666668,33.083333333333336
Jarrett Jack,Raptors,2010-11,G,26.72307692307692,347.4
Jarrett Jack,Warriors,2012-13,G,29.7289029535865,2348.5833333333335
Jason Collins,Celtics,2012-13,C,9.62797619047619,269.5833333333333
Jason Collins,Celtics,2012-13,F,15.15,60.6
Jason Collins,Hawks,2010-11,C,11.816304347826087,543.55
Jason Collins,Hawks,2010-11,F,16.594444444444445,49.78333333333333
Jason Collins,Hawks,2011-12,C,10.341071428571428,289.55
Jason Collins,Hawks,2011-12,F,9.075,18.15
Jason Collins,Nets,2013-14,C,7.823484848484849,172.11666666666667
Jason Collins,Wizards,2012-13,C,9.075000000000001,54.45
Jason Kapono,76ers,2010-11,F,4.645833333333333,111.5
Jason Kapono,Lakers,2011-12,F,9.966049382716049,269.0833333333333
Jason Kidd,Knicks,2012-13,G,26.876315789473683,2042.6
Jason Kidd,Mavericks,2010-11,G,33.16041666666667,2652.8333333333335
Jason Kidd,Mavericks,2011-12,G,28.72986111111111,1379.0333333333333
Jason Maxiell,Hornets,2014-15,F,14.391803278688524,877.9
Jason Maxiell,Magic,2013-14,C,27.383333333333333,54.766666666666666
Jason Maxiell,Magic,2013-14,F,13.552604166666667,433.68333333333334
Jason Maxiell,Pistons,2010-11,F,16.317836257309942,930.1166666666667
Jason Maxiell,Pistons,2011-12,F,22.55,1465.75
Jason Maxiell,Pistons,2012-13,C,37.35,37.35
Jason Maxiell,Pistons,2012-13,F,24.66854460093897,1751.4666666666667
Jason Richardson,76ers,2012-13,G,28.37777777777778,936.4666666666667
Jason Richardson,76ers,2014-15,G,21.919298245614034,416.46666666666664
Jason Richardson,Magic,2010-11,F,39.38333333333333,39.38333333333333
Jason Richardson,Magic,2010-11,G,34.80802469135802,1879.6333333333332
Jason Richardson,Magic,2011-12,F,32.08939393939394,352.98333333333335
Jason Richardson,Magic,2011-12,G,28.792248062015503,1238.0666666666666
Jason Richardson,Suns,2010-11,G,31.844,796.1
Jason Smith,Bucks,2018-19,C,6.7444444444444445,40.46666666666667
Jason Smith,Hornets,2010-11,C,14.992045454545455,659.65
Jason Smith,Hornets,2010-11,F,13.4,442.2
Jason Smith,Hornets,2011-12,C,22.226666666666667,333.4
Jason Smith,Hornets,2011-12,F,24.546,613.65
Jason Smith,Hornets,2012-13,C,17.046,426.15
Jason Smith,Hornets,2012-13,F,17.287820512820513,449.48333333333335
Jason Smith,Knicks,2014-15,C,21.22581699346405,1082.5166666666667
Jason Smith,Knicks,2014-15,F,22.656451612903226,702.35
Jason Smith,Magic,2015-16,C,15.538157894736843,1180.9
Jason Smith,Pelicans,2013-14,C,26.77795698924731,830.1166666666667
Jason Smith,Pelicans,2018-19,C,10.15,20.3
Jason Smith,Wizards,2016-17,C,11.194444444444445,100.75
Jason Smith,Wizards,2016-17,F,14.877179487179488,967.0166666666667
Jason Smith,Wizards,2017-18,C,7.383333333333333,44.3
Jason Smith,Wizards,2017-18,F,8.905555555555555,240.45
Jason Smith,Wizards,2018-19,C,10.55,10.55
Jason Smith,Wizards,2018-19,F,10.836363636363636,119.2
Jason Terry,Bucks,2016-17,G,18.447297297297297,1365.1
Jason Terry,Bucks,2017-18,G,15.954575163398692,813.6833333333333
Jason Terry,Celtics,2012-13,G,26.882067510548524,2123.6833333333334
Jason Terry,Mavericks,2010-11,G,31.273577235772358,2564.4333333333334
Jason Terry,Mavericks,2011-12,G,31.745502645502647,1999.9666666666667
Jason Terry,Nets,2013-14,G,16.294761904761906,570.3166666666667
Jason Terry,Rockets,2014-15,G,21.315151515151516,1641.2666666666667
Jason Terry,Rockets,2015-16,G,17.468287037037037,1257.7166666666667
Jason Thompson,Kings,2010-11,C,27.011904761904763,189.08333333333334
Jason Thompson,Kings,2010-11,F,22.926470588235293,1559.0
Jason Thompson,Kings,2011-12,C,15.608333333333334,31.21666666666667
Jason Thompson,Kings,2011-12,F,26.227688172043013,1626.1166666666668
Jason Thompson,Kings,2012-13,C,27.06458333333333,216.51666666666665
Jason Thompson,Kings,2012-13,F,27.948648648648646,2068.2
Jason Thompson,Kings,2013-14,C,23.466666666666665,117.33333333333333
Jason Thompson,Kings,2013-14,F,24.537012987012986,1889.35
Jason Thompson,Kings,2014-15,C,27.671666666666663,276.71666666666664
Jason Thompson,Kings,2014-15,F,24.14507042253521,1714.3
Jason Thompson,Raptors,2015-16,F,15.390350877192983,292.4166666666667
Jason Thompson,Warriors,2015-16,F,6.392261904761904,178.98333333333332
Javon Freeman-Liberty,Raptors,2023-24,G,18.320454545454545,403.05
Javonte Green,Bulls,2020-21,F,8.025,128.4
Javonte Green,Bulls,2021-22,F,23.31640625,1492.25
Javonte Green,Bulls,2021-22,G,26.833333333333332,26.833333333333332
Javonte Green,Bulls,2022-23,F,14.946111111111112,448.3833333333333
Javonte Green,Bulls,2022-23,G,15.941666666666666,31.883333333333333
Javonte Green,Bulls,2023-24,C,25.766666666666666,25.766666666666666
Javonte Green,Bulls,2023-24,F,25.579166666666666,204.63333333333333
Javonte Green,Celtics,2019-20,G,9.747916666666667,467.9
Javonte Green,Celtics,2020-21,G,13.813333333333333,345.3333333333333
Javonte Smart,76ers,2023-24,G,0.6666666666666666,0.6666666666666666
Javonte Smart,Bucks,2021-22,G,12.303846153846155,159.95000000000002
Javonte Smart,Heat,2021-22,G,9.979166666666666,39.916666666666664
Jawad Williams,Cavaliers,2010-11,F,15.043589743589743,391.1333333333333
Jawun Evans,Clippers,2017-18,G,16.205555555555556,777.8666666666667
Jawun Evans,Suns,2018-19,G,9.111904761904762,63.78333333333333
Jawun Evans,Thunder,2018-19,G,0.5833333333333334,0.5833333333333334
Jaxson Hayes,Lakers,2023-24,C,12.530714285714286,877.15
Jaxson Hayes,Pelicans,2019-20,C,19.25,577.5
Jaxson Hayes,Pelicans,2019-20,F,14.771078431372548,502.21666666666664
Jaxson Hayes,Pelicans,2020-21,C,16.221929824561403,308.21666666666664
Jaxson Hayes,Pelicans,2020-21,F,15.988617886178861,655.5333333333333
Jaxson Hayes,Pelicans,2021-22,C,13.554761904761904,94.88333333333333
Jaxson Hayes,Pelicans,2021-22,F,20.677513227513227,1302.6833333333334
Jaxson Hayes,Pelicans,2022-23,C,13.08611111111111,157.03333333333333
Jaxson Hayes,Pelicans,2022-23,F,12.943809523809524,453.0333333333333
Jay Scrubb,Clippers,2020-21,G,21.045833333333334,84.18333333333334
Jay Scrubb,Clippers,2021-22,G,6.743518518518518,121.38333333333333
Jay Scrubb,Magic,2022-23,G,15.058333333333334,30.116666666666667
Jaylen Adams,Bucks,2020-21,G,2.5880952380952382,18.116666666666667
Jaylen Adams,Hawks,2018-19,G,12.575980392156863,427.5833333333333
Jaylen Brown,Celtics,2016-17,F,17.797826086956523,409.35
Jaylen Brown,Celtics,2016-17,G,16.945151515151515,931.9833333333333
Jaylen Brown,Celtics,2017-18,F,29.195833333333333,116.78333333333333
Jaylen Brown,Celtics,2017-18,G,30.833838383838383,2035.0333333333333
Jaylen Brown,Celtics,2018-19,F,24.680555555555557,592.3333333333334
Jaylen Brown,Celtics,2018-19,G,26.42,1321.0
Jaylen Brown,Celtics,2019-20,F,35.2156862745098,598.6666666666666
Jaylen Brown,Celtics,2019-20,G,33.37583333333333,1335.0333333333333
Jaylen Brown,Celtics,2020-21,F,34.05432098765432,919.4666666666667
Jaylen Brown,Celtics,2020-21,G,34.813978494623655,1079.2333333333333
Jaylen Brown,Celtics,2021-22,F,36.85208333333333,294.81666666666666
Jaylen Brown,Celtics,2021-22,G,33.20057471264368,1925.6333333333332
Jaylen Brown,Celtics,2022-23,F,35.78015873015873,1502.7666666666667
Jaylen Brown,Celtics,2022-23,G,36.08733333333333,902.1833333333334
Jaylen Brown,Celtics,2023-24,F,33.306111111111115,1998.3666666666668
Jaylen Brown,Celtics,2023-24,G,34.41833333333334,344.18333333333334
Jaylen Hoard,Thunder,2020-21,F,16.821929824561405,319.6166666666667
Jaylen Hoard,Thunder,2021-22,F,34.22380952380952,239.56666666666666
Jaylen Hoard,Trail Blazers,2019-20,F,7.923076923076923,103.0
Jaylen Nowell,Grizzlies,2023-24,G,17.349999999999998,156.14999999999998
Jaylen Nowell,Pistons,2023-24,G,14.404166666666667,57.61666666666667
Jaylen Nowell,Timberwolves,2019-20,G,10.08,151.2
Jaylen Nowell,Timberwolves,2020-21,G,18.072619047619046,759.05
Jaylen Nowell,Timberwolves,2021-22,G,15.72258064516129,974.8
Jaylen Nowell,Timberwolves,2022-23,G,19.256923076923076,1251.7
Jaylin Williams,Thunder,2022-23,C,18.65544217687075,914.1166666666667
Jaylin Williams,Thunder,2023-24,C,12.77328431372549,868.5833333333334
Jaylin Williams,Thunder,2023-24,F,28.433333333333334,28.433333333333334
Jayson Tatum,Celtics,2017-18,F,30.29931506849315,2211.85
Jayson Tatum,Celtics,2017-18,G,33.011904761904766,231.08333333333334
Jayson Tatum,Celtics,2018-19,F,31.029870129870133,2389.3
Jayson Tatum,Celtics,2018-19,G,32.71666666666667,65.43333333333334
Jayson Tatum,Celtics,2019-20,F,34.319191919191915,2265.0666666666666
Jayson Tatum,Celtics,2020-21,F,35.704497354497356,2249.383333333333
Jayson Tatum,Celtics,2020-21,G,40.35,40.35
Jayson Tatum,Celtics,2021-22,F,35.93399122807017,2730.983333333333
Jayson Tatum,Celtics,2022-23,F,36.92162162162162,2732.2
Jayson Tatum,Celtics,2023-24,F,35.696803652968036,2605.866666666667
Jayson Tatum,Celtics,2023-24,G,39.38333333333333,39.38333333333333
Jeenathan Williams,Trail Blazers,2022-23,F,23.65833333333333,94.63333333333333
Jeenathan Williams,Trail Blazers,2022-23,G,31.933333333333334,31.933333333333334
Jeff Adrien,Bobcats,2012-13,F,13.712820512820514,713.0666666666667
Jeff Adrien,Bobcats,2013-14,F,10.258666666666668,256.4666666666667
Jeff Adrien,Bucks,2013-14,F,25.195833333333333,705.4833333333333
Jeff Adrien,Rockets,2011-12,F,7.84375,62.75
Jeff Adrien,Timberwolves,2014-15,F,12.666666666666668,215.33333333333334
Jeff Adrien,Warriors,2010-11,F,8.519565217391303,195.95
Jeff Ayres,Clippers,2015-16,C,6.271568627450981,106.61666666666667
Jeff Ayres,Pacers,2011-12,C,5.3149999999999995,106.3
Jeff Ayres,Pacers,2012-13,C,9.976126126126127,369.1166666666667
Jeff Ayres,Spurs,2013-14,C,13.044520547945206,952.25
Jeff Ayres,Spurs,2014-15,C,7.505555555555556,382.78333333333336
Jeff Foster,Pacers,2010-11,C,17.204166666666666,137.63333333333333
Jeff Foster,Pacers,2010-11,F,16.713194444444444,802.2333333333333
Jeff Foster,Pacers,2011-12,C,11.733333333333333,11.733333333333333
Jeff Foster,Pacers,2011-12,F,12.926666666666666,129.26666666666665
Jeff Green,Cavaliers,2017-18,C,24.436666666666667,122.18333333333334
Jeff Green,Cavaliers,2017-18,F,23.36552511415525,1705.6833333333334
Jeff Green,Celtics,2010-11,F,23.549358974358974,612.2833333333333
Jeff Green,Celtics,2012-13,C,45.05,45.05
Jeff Green,Celtics,2012-13,F,27.635930735930735,2127.9666666666667
Jeff Green,Celtics,2012-13,G,26.177777777777777,78.53333333333333
Jeff Green,Celtics,2013-14,F,34.22521367521367,2669.5666666666666
Jeff Green,Celtics,2013-14,G,33.94166666666666,135.76666666666665
Jeff Green,Celtics,2014-15,F,33.13232323232323,1093.3666666666666
Jeff Green,Clippers,2015-16,F,26.270987654320987,709.3166666666666
Jeff Green,Grizzlies,2014-15,F,30.254074074074076,1361.4333333333334
Jeff Green,Grizzlies,2015-16,F,29.015705128205127,1508.8166666666666
Jeff Green,Grizzlies,2015-16,G,35.11666666666667,35.11666666666667
Jeff Green,Jazz,2019-20,F,18.441666666666666,553.25
Jeff Green,Magic,2016-17,F,22.228743961352656,1533.7833333333333
Jeff Green,Nets,2020-21,C,25.86777777777778,388.01666666666665
Jeff Green,Nets,2020-21,F,27.305345911949686,1447.1833333333334
Jeff Green,Nuggets,2021-22,C,24.441666666666666,48.88333333333333
Jeff Green,Nuggets,2021-22,F,24.658675799086758,1800.0833333333333
Jeff Green,Nuggets,2022-23,C,23.166666666666664,46.33333333333333
Jeff Green,Nuggets,2022-23,F,19.34783950617284,1044.7833333333333
Jeff Green,Rockets,2019-20,F,22.602777777777778,406.85
Jeff Green,Rockets,2023-24,C,21.891666666666666,43.78333333333333
Jeff Green,Rockets,2023-24,F,16.62609649122807,1263.5833333333333
Jeff Green,Thunder,2010-11,F,37.04795918367347,1815.35
Jeff Green,Wizards,2018-19,F,27.22965367965368,2096.6833333333334
Jeff Teague,Bucks,2020-21,G,15.898412698412699,333.8666666666667
Jeff Teague,Celtics,2020-21,G,18.12549019607843,616.2666666666667
Jeff Teague,Hawks,2010-11,G,13.75047619047619,962.5333333333333
Jeff Teague,Hawks,2011-12,G,33.07424242424243,2182.9
Jeff Teague,Hawks,2012-13,G,32.85583333333334,2628.4666666666667
Jeff Teague,Hawks,2013-14,G,32.176793248945145,2541.9666666666667
Jeff Teague,Hawks,2014-15,G,30.518721461187216,2227.866666666667
Jeff Teague,Hawks,2015-16,G,28.54050632911392,2254.7
Jeff Teague,Hawks,2019-20,G,20.755333333333333,518.8833333333333
Jeff Teague,Pacers,2016-17,G,32.40325203252033,2657.0666666666666
Jeff Teague,Timberwolves,2017-18,G,33.018571428571434,2311.3
Jeff Teague,Timberwolves,2018-19,G,30.09642857142857,1264.05
Jeff Teague,Timberwolves,2019-20,G,27.805392156862744,945.3833333333333
Jeff Withey,Jazz,2015-16,C,13.161458333333334,631.75
Jeff Withey,Jazz,2015-16,F,8.71111111111111,26.133333333333333
Jeff Withey,Jazz,2016-17,C,8.45719696969697,372.1166666666667
Jeff Withey,Jazz,2016-17,F,8.607142857142858,60.25
Jeff Withey,Mavericks,2017-18,F,3.9299999999999997,39.3
Jeff Withey,Pelicans,2013-14,F,11.800574712643678,684.4333333333334
Jeff Withey,Pelicans,2014-15,F,6.98918918918919,258.6
Jeffery Taylor,Bobcats,2012-13,F,16.746581196581197,653.1166666666667
Jeffery Taylor,Bobcats,2012-13,G,22.482017543859648,854.3166666666666
Jeffery Taylor,Bobcats,2013-14,F,23.564035087719297,447.71666666666664
Jeffery Taylor,Bobcats,2013-14,G,25.926190476190474,181.48333333333332
Jeffery Taylor,Hornets,2014-15,F,16.37,409.25
Jeffery Taylor,Hornets,2014-15,G,5.291666666666666,21.166666666666664
Jemerrio Jones,Lakers,2018-19,F,23.852777777777778,143.11666666666667
Jemerrio Jones,Lakers,2021-22,F,7.358333333333333,14.716666666666667
Jerami Grant,76ers,2014-15,F,21.177948717948716,1376.5666666666666
Jerami Grant,76ers,2015-16,F,26.835714285714285,2066.35
Jerami Grant,76ers,2016-17,F,20.59166666666667,41.18333333333334
Jerami Grant,Nuggets,2019-20,F,26.64718309859155,1891.95
Jerami Grant,Pistons,2020-21,F,33.87561728395062,1829.2833333333333
Jerami Grant,Pistons,2021-22,F,31.91241134751773,1499.8833333333332
Jerami Grant,Thunder,2016-17,C,20.670833333333334,165.36666666666667
Jerami Grant,Thunder,2016-17,F,18.76078431372549,1275.7333333333333
Jerami Grant,Thunder,2016-17,G,24.383333333333333,48.766666666666666
Jerami Grant,Thunder,2017-18,C,21.4125,85.65
Jerami Grant,Thunder,2017-18,F,20.278787878787877,1561.4666666666667
Jerami Grant,Thunder,2018-19,F,32.653958333333335,2612.3166666666666
Jerami Grant,Trail Blazers,2022-23,F,35.6431216931217,2245.516666666667
Jerami Grant,Trail Blazers,2023-24,F,33.89228395061728,1830.1833333333334
Jeremiah Robinson-Earl,Pelicans,2023-24,F,8.573076923076924,334.35
Jeremiah Robinson-Earl,Thunder,2021-22,C,21.587596899224806,928.2666666666667
Jeremiah Robinson-Earl,Thunder,2021-22,F,26.474999999999998,158.85
Jeremiah Robinson-Earl,Thunder,2022-23,C,19.890686274509804,676.2833333333333
Jeremiah Robinson-Earl,Thunder,2022-23,F,15.27037037037037,137.43333333333334
Jeremy Evans,Hawks,2017-18,F,5.35,5.35
Jeremy Evans,Jazz,2010-11,C,7.427777777777777,44.56666666666666
Jeremy Evans,Jazz,2010-11,F,9.728682170542635,418.3333333333333
Jeremy Evans,Jazz,2011-12,C,5.680555555555556,34.083333333333336
Jeremy Evans,Jazz,2011-12,F,7.93768115942029,182.56666666666666
Jeremy Evans,Jazz,2012-13,C,7.513888888888889,90.16666666666667
Jeremy Evans,Jazz,2012-13,F,4.996,124.9
Jeremy Evans,Jazz,2013-14,C,18.791666666666668,150.33333333333334
Jeremy Evans,Jazz,2013-14,F,18.259770114942526,1059.0666666666666
Jeremy Evans,Jazz,2014-15,C,6.208333333333333,37.25
Jeremy Evans,Jazz,2014-15,F,7.142708333333333,228.56666666666666
Jeremy Evans,Mavericks,2015-16,F,8.380555555555555,251.41666666666666
Jeremy Lamb,Hornets,2015-16,G,18.594949494949496,1227.2666666666667
Jeremy Lamb,Hornets,2016-17,G,18.42822580645161,1142.55
Jeremy Lamb,Hornets,2017-18,G,24.592083333333335,1967.3666666666668
Jeremy Lamb,Hornets,2018-19,G,28.482278481012656,2250.1
Jeremy Lamb,Kings,2021-22,G,18.961764705882352,322.34999999999997
Jeremy Lamb,Pacers,2019-20,F,26.46111111111111,79.38333333333333
Jeremy Lamb,Pacers,2019-20,G,28.181007751937983,1211.7833333333333
Jeremy Lamb,Pacers,2020-21,F,17.826666666666668,89.13333333333334
Jeremy Lamb,Pacers,2020-21,G,21.813440860215056,676.2166666666667
Jeremy Lamb,Pacers,2021-22,F,14.205555555555556,42.61666666666667
Jeremy Lamb,Pacers,2021-22,G,15.848148148148148,570.5333333333333
Jeremy Lamb,Thunder,2012-13,G,6.373913043478261,146.6
Jeremy Lamb,Thunder,2013-14,G,19.71602564102564,1537.85
Jeremy Lamb,Thunder,2014-15,G,13.461347517730495,632.6833333333333
Jeremy Lin,Hawks,2018-19,G,19.6640522875817,1002.8666666666667
Jeremy Lin,Hornets,2015-16,G,26.2508547008547,2047.5666666666666
Jeremy Lin,Knicks,2011-12,G,26.869523809523812,940.4333333333334
Jeremy Lin,Lakers,2014-15,G,25.766666666666666,1906.7333333333333
Jeremy Lin,Nets,2016-17,G,24.516666666666666,882.6
Jeremy Lin,Nets,2017-18,G,25.183333333333334,25.183333333333334
Jeremy Lin,Raptors,2018-19,G,18.84565217391304,433.45
Jeremy Lin,Rockets,2012-13,G,32.19430894308943,2639.9333333333334
Jeremy Lin,Rockets,2013-14,G,28.930046948356807,2054.0333333333333
Jeremy Lin,Warriors,2010-11,G,9.811494252873564,284.53333333333336
Jeremy Pargo,76ers,2012-13,G,14.867857142857144,208.15
Jeremy Pargo,Cavaliers,2012-13,G,17.88,447.0
Jeremy Pargo,Grizzlies,2011-12,G,9.636363636363637,424.0
Jeremy Pargo,Warriors,2019-20,G,14.772222222222224,44.31666666666667
Jeremy Sochan,Spurs,2022-23,F,26.083636363636362,1434.6
Jeremy Sochan,Spurs,2022-23,G,23.133333333333333,23.133333333333333
Jeremy Sochan,Spurs,2023-24,F,29.80457516339869,1520.0333333333333
Jeremy Sochan,Spurs,2023-24,G,29.26521739130435,673.1
Jeremy Tyler,Hawks,2012-13,C,5.383333333333334,5.383333333333334
Jeremy Tyler,Knicks,2013-14,F,9.696341463414635,397.55
Jeremy Tyler,Warriors,2011-12,C,11.063095238095238,309.76666666666665
Jeremy Tyler,Warriors,2011-12,F,18.460714285714285,258.45
Jeremy Tyler,Warriors,2012-13,C,3.3455555555555554,50.18333333333333
Jeremy Tyler,Warriors,2012-13,F,2.5733333333333333,12.866666666666667
Jerian Grant,Bulls,2016-17,F,34.733333333333334,34.733333333333334
Jerian Grant,Bulls,2016-17,G,16.02768817204301,993.7166666666667
Jerian Grant,Bulls,2017-18,F,19.15,19.15
Jerian Grant,Bulls,2017-18,G,22.837899543378995,1667.1666666666667
Jerian Grant,Knicks,2015-16,G,16.642105263157895,1264.8
Jerian Grant,Magic,2018-19,G,15.64611111111111,938.7666666666667
Jerian Grant,Wizards,2019-20,G,13.394444444444444,80.36666666666666
Jericho Sims,Knicks,2021-22,C,13.536585365853659,555.0
Jericho Sims,Knicks,2022-23,C,15.623397435897434,812.4166666666666
Jericho Sims,Knicks,2023-24,C,12.995185185185184,584.7833333333333
Jermaine O'Neal,Celtics,2010-11,C,17.968055555555555,431.23333333333335
Jermaine O'Neal,Celtics,2011-12,C,22.781999999999996,569.55
Jermaine O'Neal,Suns,2012-13,C,18.704545454545453,1028.75
Jermaine O'Neal,Warriors,2013-14,C,20.122685185185183,724.4166666666666
Jermaine O'Neal,Warriors,2013-14,F,19.864583333333332,158.91666666666666
Jermaine Taylor,Kings,2010-11,G,15.596794871794872,405.51666666666665
Jermaine Taylor,Rockets,2010-11,G,9.589583333333334,76.71666666666667
Jerome Dyson,Hornets,2011-12,G,20.020370370370372,180.18333333333334
Jerome Robinson,Clippers,2018-19,G,9.713131313131314,320.53333333333336
Jerome Robinson,Clippers,2019-20,G,11.334126984126986,476.03333333333336
Jerome Robinson,Warriors,2023-24,G,3.668939393939394,80.71666666666667
Jerome Robinson,Wizards,2019-20,F,22.273333333333333,111.36666666666667
Jerome Robinson,Wizards,2019-20,G,24.495833333333334,391.93333333333334
Jerome Robinson,Wizards,2020-21,F,24.183333333333334,24.183333333333334
Jerome Robinson,Wizards,2020-21,G,17.547916666666666,280.76666666666665
Jerry Stackhouse,Hawks,2011-12,G,9.086111111111112,272.58333333333337
Jerry Stackhouse,Heat,2010-11,G,7.107142857142857,49.75
Jerry Stackhouse,Nets,2012-13,G,14.694144144144143,543.6833333333333
Jerryd Bayless,76ers,2016-17,G,23.82777777777778,71.48333333333333
Jerryd Bayless,76ers,2017-18,G,23.709829059829058,924.6833333333333
Jerryd Bayless,Bucks,2014-15,G,22.303896103896104,1717.4
Jerryd Bayless,Bucks,2015-16,G,28.939102564102562,1504.8333333333333
Jerryd Bayless,Celtics,2013-14,G,25.273170731707317,1036.2
Jerryd Bayless,Grizzlies,2012-13,G,22.06,1764.8
Jerryd Bayless,Grizzlies,2013-14,G,20.953763440860214,649.5666666666666
Jerryd Bayless,Hornets,2010-11,G,13.5,148.5
Jerryd Bayless,Raptors,2010-11,G,22.44611111111111,1346.7666666666667
Jerryd Bayless,Raptors,2011-12,G,22.731182795698924,704.6666666666666
Jerryd Bayless,Timberwolves,2018-19,G,19.324019607843137,657.0166666666667
Jevon Carter,Bucks,2021-22,G,17.660833333333336,353.2166666666667
Jevon Carter,Bucks,2022-23,G,22.3679012345679,1811.8
Jevon Carter,Bulls,2023-24,G,13.93912037037037,1003.6166666666667
Jevon Carter,Grizzlies,2018-19,G,14.781623931623932,576.4833333333333
Jevon Carter,Nets,2021-22,G,12.0,552.0
Jevon Carter,Suns,2019-20,G,16.296264367816093,945.1833333333334
Jevon Carter,Suns,2020-21,G,11.944722222222223,716.6833333333334
Jianlian Yi,Mavericks,2011-12,F,6.770555555555556,203.11666666666667
Jianlian Yi,Wizards,2010-11,F,17.648412698412695,1111.85
Jimmer Fredette,Bulls,2013-14,G,6.941666666666666,55.53333333333333
Jimmer Fredette,Kings,2011-12,G,18.601639344262296,1134.7
Jimmer Fredette,Kings,2012-13,G,14.007487922705314,966.5166666666667
Jimmer Fredette,Kings,2013-14,G,11.295934959349593,463.1333333333333
Jimmer Fredette,Knicks,2015-16,G,2.5166666666666666,5.033333333333333
Jimmer Fredette,Pelicans,2014-15,G,10.179666666666668,508.98333333333335
Jimmer Fredette,Pelicans,2015-16,G,3.1333333333333333,12.533333333333333
Jimmer Fredette,Suns,2018-19,G,10.794444444444444,64.76666666666667
Jimmy Butler,76ers,2018-19,F,33.08679245283019,1753.6
Jimmy Butler,76ers,2018-19,G,35.06666666666666,70.13333333333333
Jimmy Butler,Bulls,2011-12,F,8.904166666666667,106.85000000000001
Jimmy Butler,Bulls,2011-12,G,8.407777777777778,252.23333333333335
Jimmy Butler,Bulls,2012-13,F,30.898765432098767,834.2666666666667
Jimmy Butler,Bulls,2012-13,G,23.62454545454545,1299.35
Jimmy Butler,Bulls,2013-14,G,38.66442786069652,2590.516666666667
Jimmy Butler,Bulls,2014-15,F,37.84375,302.75
Jimmy Butler,Bulls,2014-15,G,38.784795321637425,2210.733333333333
Jimmy Butler,Bulls,2015-16,F,26.21666666666667,52.43333333333334
Jimmy Butler,Bulls,2015-16,G,37.249743589743595,2421.2333333333336
Jimmy Butler,Bulls,2016-17,F,36.487158469945356,2225.7166666666667
Jimmy Butler,Bulls,2016-17,G,38.88333333333333,583.25
Jimmy Butler,Heat,2019-20,F,33.856725146198826,1929.8333333333333
Jimmy Butler,Heat,2019-20,G,29.3,29.3
Jimmy Butler,Heat,2020-21,F,33.540849673202615,1710.5833333333333
Jimmy Butler,Heat,2020-21,G,34.05,34.05
Jimmy Butler,Heat,2021-22,F,33.82575757575758,1860.4166666666667
Jimmy Butler,Heat,2021-22,G,35.225,70.45
Jimmy Butler,Heat,2022-23,F,33.40677083333333,2138.0333333333333
Jimmy Butler,Heat,2023-24,F,34.03472222222222,2042.0833333333333
Jimmy Butler,Timberwolves,2017-18,F,32.81666666666666,65.63333333333333
Jimmy Butler,Timberwolves,2017-18,G,36.813742690058476,2098.383333333333
Jimmy Butler,Timberwolves,2018-19,F,34.80833333333334,139.23333333333335
Jimmy Butler,Timberwolves,2018-19,G,37.0,222.0
Joakim Noah,Bulls,2010-11,C,32.93695652173913,1515.1
Joakim Noah,Bulls,2010-11,F,30.208333333333336,60.41666666666667
Joakim Noah,Bulls,2011-12,C,30.3890625,1944.9
Joakim Noah,Bulls,2012-13,C,36.76111111111111,2426.2333333333336
Joakim Noah,Bulls,2013-14,C,35.24604166666667,2819.6833333333334
Joakim Noah,Bulls,2014-15,C,30.684375,1963.8
Joakim Noah,Bulls,2014-15,F,28.28888888888889,84.86666666666667
Joakim Noah,Bulls,2015-16,C,21.942261904761903,614.3833333333333
Joakim Noah,Bulls,2015-16,F,21.066666666666666,21.066666666666666
Joakim Noah,Clippers,2019-20,C,10.033333333333335,50.16666666666667
Joakim Noah,Grizzlies,2018-19,C,16.484166666666667,659.3666666666667
Joakim Noah,Grizzlies,2018-19,F,16.583333333333336,33.16666666666667
Joakim Noah,Knicks,2016-17,C,22.056159420289855,1014.5833333333334
Joakim Noah,Knicks,2017-18,C,5.735714285714286,40.15
Jock Landale,Rockets,2023-24,C,13.633928571428571,763.5
Jock Landale,Spurs,2021-22,C,10.902777777777779,588.75
Jock Landale,Suns,2022-23,C,14.001785714285715,784.1
Jock Landale,Suns,2022-23,F,14.953846153846154,194.4
Jodie Meeks,76ers,2010-11,G,27.865540540540543,2062.05
Jodie Meeks,76ers,2011-12,F,26.4,26.4
Jodie Meeks,76ers,2011-12,G,24.88230769230769,1617.35
Jodie Meeks,Lakers,2012-13,F,21.938888888888886,65.81666666666666
Jodie Meeks,Lakers,2012-13,G,21.299111111111113,1597.4333333333334
Jodie Meeks,Lakers,2013-14,F,21.099999999999998,63.3
Jodie Meeks,Lakers,2013-14,G,33.685135135135134,2492.7
Jodie Meeks,Magic,2016-17,G,20.489814814814814,737.6333333333333
Jodie Meeks,Pistons,2014-15,G,24.373055555555556,1462.3833333333334
Jodie Meeks,Pistons,2015-16,G,14.494444444444445,43.483333333333334
Jodie Meeks,Raptors,2018-19,G,13.004166666666666,104.03333333333333
Jodie Meeks,Wizards,2017-18,G,14.52878787878788,1118.7166666666667
Joe Harris,Cavaliers,2014-15,G,9.666666666666666,493.0
Joe Harris,Cavaliers,2015-16,G,3.0200000000000005,15.100000000000001
Joe Harris,Nets,2016-17,F,21.879569892473118,678.2666666666667
Joe Harris,Nets,2016-17,G,21.90952380952381,460.1
Joe Harris,Nets,2017-18,F,25.20625,1411.55
Joe Harris,Nets,2017-18,G,25.594696969696972,563.0833333333334
Joe Harris,Nets,2018-19,F,28.99583333333333,1159.8333333333333
Joe Harris,Nets,2018-19,G,31.492592592592594,1133.7333333333333
Joe Harris,Nets,2019-20,F,30.591161616161617,2019.0166666666667
Joe Harris,Nets,2019-20,G,34.67222222222222,104.01666666666665
Joe Harris,Nets,2020-21,F,31.149702380952384,1744.3833333333334
Joe Harris,Nets,2020-21,G,30.556410256410256,397.23333333333335
Joe Harris,Nets,2021-22,F,27.766666666666666,27.766666666666666
Joe Harris,Nets,2021-22,G,30.379487179487178,394.93333333333334
Joe Harris,Nets,2022-23,F,18.705185185185186,841.7333333333333
Joe Harris,Nets,2022-23,G,23.637931034482758,685.5
Joe Harris,Pistons,2023-24,G,10.625,170.0
Joe Ingles,Bucks,2022-23,G,22.685144927536232,1043.5166666666667
Joe Ingles,Jazz,2014-15,F,19.246354166666666,615.8833333333333
Joe Ingles,Jazz,2014-15,G,22.48404255319149,1056.75
Joe Ingles,Jazz,2015-16,F,16.392045454545453,721.25
Joe Ingles,Jazz,2015-16,G,14.050900900900901,519.8833333333333
Joe Ingles,Jazz,2016-17,F,21.2241935483871,657.95
Joe Ingles,Jazz,2016-17,G,25.768627450980393,1314.2
Joe Ingles,Jazz,2017-18,F,31.472633744855965,2549.2833333333333
Joe Ingles,Jazz,2017-18,G,29.233333333333334,29.233333333333334
Joe Ingles,Jazz,2018-19,F,31.31158536585366,2567.55
Joe Ingles,Jazz,2019-20,F,28.759090909090908,949.05
Joe Ingles,Jazz,2019-20,G,30.449572649572648,1187.5333333333333
Joe Ingles,Jazz,2020-21,F,24.863636363636363,547.0
Joe Ingles,Jazz,2020-21,G,29.323703703703703,1319.5666666666666
Joe Ingles,Jazz,2021-22,F,23.333333333333332,536.6666666666666
Joe Ingles,Jazz,2021-22,G,26.61287878787879,585.4833333333333
Joe Ingles,Magic,2023-24,G,17.191911764705882,1169.05
Joe Johnson,Celtics,2021-22,F,1.95,1.95
Joe Johnson,Hawks,2010-11,F,34.797916666666666,278.3833333333333
Joe Johnson,Hawks,2010-11,G,35.56276041666667,2276.016666666667
Joe Johnson,Hawks,2011-12,F,34.63703703703704,935.2
Joe Johnson,Hawks,2011-12,G,36.10303030303031,1191.4
Joe Johnson,Heat,2015-16,F,31.55797101449275,725.8333333333333
Joe Johnson,Heat,2015-16,G,43.46666666666667,43.46666666666667
Joe Johnson,Jazz,2016-17,F,23.62735042735043,1842.9333333333334
Joe Johnson,Jazz,2017-18,F,21.880729166666665,700.1833333333333
Joe Johnson,Nets,2012-13,F,34.083333333333336,68.16666666666667
Joe Johnson,Nets,2012-13,G,36.770714285714284,2573.95
Joe Johnson,Nets,2013-14,F,31.76268115942029,1461.0833333333333
Joe Johnson,Nets,2013-14,G,33.743434343434345,1113.5333333333333
Joe Johnson,Nets,2014-15,F,34.886041666666664,2790.883333333333
Joe Johnson,Nets,2015-16,F,33.92923976608187,1933.9666666666667
Joe Johnson,Rockets,2017-18,F,21.774242424242424,239.51666666666665
Joe Johnson,Rockets,2017-18,G,22.08888888888889,265.06666666666666
Joe Smith,Lakers,2010-11,F,3.702777777777778,44.43333333333334
Joe Smith,Nets,2010-11,F,6.229166666666666,24.916666666666664
Joe Young,Pacers,2015-16,G,9.354471544715448,383.53333333333336
Joe Young,Pacers,2016-17,G,4.095959595959596,135.16666666666666
Joe Young,Pacers,2017-18,G,10.530503144654087,558.1166666666667
Joel Anthony,Celtics,2013-14,C,7.0888888888888895,148.86666666666667
Joel Anthony,Heat,2010-11,C,19.12476851851852,1376.9833333333333
Joel Anthony,Heat,2010-11,F,28.71666666666667,86.15
Joel Anthony,Heat,2011-12,C,21.193915343915343,1335.2166666666667
Joel Anthony,Heat,2011-12,F,14.216666666666667,14.216666666666667
Joel Anthony,Heat,2012-13,C,9.244262295081967,563.9
Joel Anthony,Heat,2012-13,F,2.3,2.3
Joel Anthony,Heat,2013-14,C,3.1069444444444443,37.28333333333333
Joel Anthony,Pistons,2014-15,C,8.294897959183674,406.45
Joel Anthony,Pistons,2015-16,C,5.036842105263158,95.7
Joel Anthony,Spurs,2016-17,C,6.419298245614035,121.96666666666667
Joel Embiid,76ers,2016-17,C,24.86133333333333,621.5333333333333
Joel Embiid,76ers,2016-17,F,27.416666666666668,164.5
Joel Embiid,76ers,2017-18,C,30.351322751322748,1912.1333333333332
Joel Embiid,76ers,2018-19,C,33.661458333333336,2154.3333333333335
Joel Embiid,76ers,2019-20,C,29.52549019607843,1505.8
Joel Embiid,76ers,2020-21,C,31.08137254901961,1585.15
Joel Embiid,76ers,2021-22,C,33.77107843137255,2296.4333333333334
Joel Embiid,76ers,2022-23,C,34.60757575757576,2284.1
Joel Embiid,76ers,2023-24,C,33.57350427350427,1309.3666666666666
Joel Freeland,Trail Blazers,2012-13,C,9.359477124183007,477.3333333333333
Joel Freeland,Trail Blazers,2013-14,C,13.98525641025641,727.2333333333333
Joel Freeland,Trail Blazers,2014-15,C,12.846874999999999,616.65
Joel Przybilla,Bobcats,2010-11,C,14.863333333333333,74.31666666666666
Joel Przybilla,Bucks,2012-13,C,5.673611111111111,68.08333333333333
Joel Przybilla,Trail Blazers,2010-11,C,14.36989247311828,445.4666666666667
Joel Przybilla,Trail Blazers,2011-12,C,16.624074074074073,448.85
Joey Dorsey,Raptors,2010-11,C,13.30151515151515,146.31666666666666
Joey Dorsey,Raptors,2010-11,F,11.740104166666667,375.68333333333334
Joey Dorsey,Rockets,2014-15,C,12.382367149758455,854.3833333333333
Joey Graham,Cavaliers,2010-11,F,15.032478632478632,586.2666666666667
Joffrey Lauvergne,Bulls,2016-17,C,12.07,241.4
Joffrey Lauvergne,Nuggets,2014-15,C,10.27280701754386,195.18333333333334
Joffrey Lauvergne,Nuggets,2014-15,F,14.55,72.75
Joffrey Lauvergne,Nuggets,2015-16,C,17.734848484848484,975.4166666666666
Joffrey Lauvergne,Nuggets,2015-16,F,16.458333333333336,65.83333333333334
Joffrey Lauvergne,Spurs,2017-18,C,9.707878787878787,533.9333333333333
Joffrey Lauvergne,Thunder,2016-17,C,14.774666666666667,738.7333333333333
Johan Petro,Hawks,2012-13,C,10.69814814814815,288.85
Johan Petro,Hawks,2012-13,F,15.716666666666667,62.86666666666667
Johan Petro,Nets,2010-11,C,11.151111111111112,501.8
Johan Petro,Nets,2010-11,F,12.238541666666666,391.6333333333333
Johan Petro,Nets,2011-12,C,17.16578947368421,652.3
Johan Petro,Nets,2011-12,F,12.7515873015873,267.7833333333333
John Butler Jr.,Trail Blazers,2022-23,F,11.636842105263158,221.1
John Collins,Hawks,2017-18,C,25.866666666666667,25.866666666666667
John Collins,Hawks,2017-18,F,24.093150684931505,1758.8
John Collins,Hawks,2018-19,F,29.973497267759566,1828.3833333333334
John Collins,Hawks,2019-20,C,30.19090909090909,332.1
John Collins,Hawks,2019-20,F,34.36944444444444,1031.0833333333333
John Collins,Hawks,2020-21,C,22.675,45.35
John Collins,Hawks,2020-21,F,29.553551912568306,1802.7666666666667
John Collins,Hawks,2021-22,F,30.78827160493827,1662.5666666666666
John Collins,Hawks,2022-23,C,20.15,20.15
John Collins,Hawks,2022-23,F,30.135952380952386,2109.516666666667
John Collins,Jazz,2023-24,C,26.857751937984492,1154.8833333333332
John Collins,Jazz,2023-24,F,29.847333333333335,746.1833333333334
John Henson,Bucks,2012-13,C,13.046491228070176,743.65
John Henson,Bucks,2012-13,F,13.919444444444444,83.51666666666667
John Henson,Bucks,2013-14,C,25.697272727272725,1413.35
John Henson,Bucks,2013-14,F,29.53666666666667,443.05
John Henson,Bucks,2014-15,C,18.97316384180791,1119.4166666666667
John Henson,Bucks,2014-15,F,13.633333333333335,109.06666666666668
John Henson,Bucks,2015-16,C,17.066339869281045,870.3833333333333
John Henson,Bucks,2015-16,F,14.855555555555556,89.13333333333334
John Henson,Bucks,2016-17,C,19.78333333333333,1088.0833333333333
John Henson,Bucks,2016-17,F,11.472222222222221,34.416666666666664
John Henson,Bucks,2017-18,C,25.914254385964913,1969.4833333333333
John Henson,Bucks,2018-19,C,13.458333333333332,188.41666666666666
John Henson,Cavaliers,2019-20,C,14.200000000000001,411.8
John Henson,Pistons,2019-20,C,17.125757575757575,188.38333333333333
John Jenkins,Hawks,2012-13,F,16.615000000000002,166.15
John Jenkins,Hawks,2012-13,G,14.425490196078432,735.7
John Jenkins,Hawks,2013-14,F,26.083333333333336,52.16666666666667
John Jenkins,Hawks,2013-14,G,9.58030303030303,105.38333333333334
John Jenkins,Hawks,2014-15,F,3.825,7.65
John Jenkins,Hawks,2014-15,G,13.157575757575758,289.4666666666667
John Jenkins,Knicks,2018-19,G,14.489393939393938,318.76666666666665
John Jenkins,Mavericks,2015-16,G,9.20952380952381,193.4
John Jenkins,Suns,2015-16,F,11.461666666666668,114.61666666666667
John Jenkins,Suns,2015-16,G,14.358333333333334,172.3
John Jenkins,Suns,2016-17,G,3.2333333333333334,12.933333333333334
John Jenkins,Wizards,2018-19,G,3.583333333333333,14.333333333333332
John Konchar,Grizzlies,2019-20,F,12.266666666666667,12.266666666666667
John Konchar,Grizzlies,2019-20,G,9.380555555555555,168.85
John Konchar,Grizzlies,2020-21,F,9.733333333333334,19.46666666666667
John Konchar,Grizzlies,2020-21,G,13.549186991869918,555.5166666666667
John Konchar,Grizzlies,2021-22,F,26.129166666666666,104.51666666666667
John Konchar,Grizzlies,2021-22,G,17.456127450980393,1187.0166666666667
John Konchar,Grizzlies,2022-23,F,23.216666666666665,23.216666666666665
John Konchar,Grizzlies,2022-23,G,20.712910798122063,1470.6166666666666
John Konchar,Grizzlies,2023-24,F,25.86111111111111,155.16666666666666
John Konchar,Grizzlies,2023-24,G,20.78469387755102,1018.45
John Lucas III,Bulls,2010-11,G,5.050000000000001,10.100000000000001
John Lucas III,Bulls,2011-12,G,14.806802721088435,725.5333333333333
John Lucas III,Jazz,2013-14,G,14.082142857142859,591.45
John Lucas III,Pistons,2014-15,G,12.94047619047619,271.75
John Lucas III,Raptors,2012-13,G,13.12989417989418,827.1833333333333
John Lucas III,Timberwolves,2016-17,G,2.1366666666666667,10.683333333333334
John Salmons,Bucks,2010-11,G,34.987899543378994,2554.116666666667
John Salmons,Kings,2011-12,F,27.361851851851853,1231.2833333333333
John Salmons,Kings,2011-12,G,18.566666666666666,18.566666666666666
John Salmons,Kings,2012-13,F,30.008783783783784,2220.65
John Salmons,Kings,2012-13,G,28.875,57.75
John Salmons,Kings,2013-14,F,24.620588235294118,418.55
John Salmons,Kings,2013-14,G,26.683333333333334,26.683333333333334
John Salmons,Pelicans,2014-15,G,12.842857142857142,269.7
John Salmons,Raptors,2013-14,F,21.342777777777776,1280.5666666666666
John Wall,Clippers,2022-23,G,22.198039215686276,754.7333333333333
John Wall,Rockets,2020-21,G,32.2025,1288.1
John Wall,Wizards,2010-11,G,37.769082125603866,2606.0666666666666
John Wall,Wizards,2011-12,G,36.1540404040404,2386.1666666666665
John Wall,Wizards,2012-13,G,32.69659863945578,1602.1333333333332
John Wall,Wizards,2013-14,G,36.33983739837399,2979.866666666667
John Wall,Wizards,2014-15,G,35.90548523206751,2836.5333333333333
John Wall,Wizards,2015-16,G,36.156060606060606,2784.016666666667
John Wall,Wizards,2016-17,G,36.35299145299145,2835.5333333333333
John Wall,Wizards,2017-18,G,34.386178861788615,1409.8333333333333
John Wall,Wizards,2018-19,G,34.49375,1103.8
Johnathan Motley,Clippers,2018-19,C,7.090909090909091,156.0
Johnathan Motley,Clippers,2019-20,C,3.164102564102564,41.13333333333333
Johnathan Motley,Mavericks,2017-18,C,20.883333333333336,62.650000000000006
Johnathan Motley,Mavericks,2017-18,F,14.139583333333333,113.11666666666666
Johnathan Williams,Lakers,2018-19,F,15.488194444444444,371.71666666666664
Johnathan Williams,Wizards,2019-20,F,11.985555555555555,179.78333333333333
Johnny Davis,Wizards,2022-23,F,6.285,62.85
Johnny Davis,Wizards,2022-23,G,19.98425925925926,359.7166666666667
Johnny Davis,Wizards,2023-24,F,11.93827160493827,322.3333333333333
Johnny Davis,Wizards,2023-24,G,12.659420289855074,291.1666666666667
Johnny Juzang,Jazz,2022-23,F,12.443333333333333,124.43333333333334
Johnny Juzang,Jazz,2022-23,G,13.477083333333335,107.81666666666668
Johnny Juzang,Jazz,2023-24,F,15.72638888888889,188.71666666666667
Johnny Juzang,Jazz,2023-24,G,22.8875,183.1
Johnny O'Bryant III,Bucks,2014-15,F,10.812745098039215,367.6333333333333
Johnny O'Bryant III,Bucks,2015-16,F,12.986868686868688,857.1333333333333
Johnny O'Bryant III,Hornets,2016-17,F,8.587499999999999,34.349999999999994
Johnny O'Bryant III,Hornets,2017-18,F,10.529166666666667,379.05
Johnny O'Bryant III,Nuggets,2016-17,F,6.614285714285714,46.3
Jon Brockman,Bucks,2010-11,C,10.24047619047619,71.68333333333334
Jon Brockman,Bucks,2010-11,F,10.817559523809523,605.7833333333333
Jon Brockman,Bucks,2011-12,C,9.925,59.550000000000004
Jon Brockman,Bucks,2011-12,F,6.178735632183908,179.18333333333334
Jon Leuer,Bucks,2011-12,C,12.076041666666667,193.21666666666667
Jon Leuer,Bucks,2011-12,F,12.044444444444444,361.3333333333333
Jon Leuer,Cavaliers,2012-13,F,10.114814814814814,91.03333333333333
Jon Leuer,Grizzlies,2012-13,F,5.028070175438597,95.53333333333333
Jon Leuer,Grizzlies,2013-14,F,13.095238095238095,641.6666666666666
Jon Leuer,Grizzlies,2014-15,F,13.079365079365079,824.0
Jon Leuer,Pistons,2016-17,F,25.916666666666668,1943.75
Jon Leuer,Pistons,2017-18,F,17.058333333333334,136.46666666666667
Jon Leuer,Pistons,2018-19,F,9.814227642276423,402.3833333333333
Jon Leuer,Suns,2015-16,F,18.736318407960198,1255.3333333333333
Jonah Bolden,76ers,2018-19,C,14.034188034188036,547.3333333333334
Jonah Bolden,76ers,2018-19,F,18.27,91.35
Jonah Bolden,76ers,2019-20,C,3.5791666666666666,14.316666666666666
Jonah Bolden,Suns,2019-20,F,10.916666666666666,32.75
Jonas Jerebko,Celtics,2014-15,C,21.704166666666666,86.81666666666666
Jonas Jerebko,Celtics,2014-15,F,17.605999999999998,440.15
Jonas Jerebko,Celtics,2015-16,C,15.764814814814814,141.88333333333333
Jonas Jerebko,Celtics,2015-16,F,14.994202898550723,1034.6
Jonas Jerebko,Celtics,2016-17,C,14.372916666666667,114.98333333333333
Jonas Jerebko,Celtics,2016-17,F,15.954523809523808,1116.8166666666666
Jonas Jerebko,Jazz,2017-18,F,15.317792792792792,1133.5166666666667
Jonas Jerebko,Pistons,2011-12,C,21.55,21.55
Jonas Jerebko,Pistons,2011-12,F,22.962698412698415,1446.65
Jonas Jerebko,Pistons,2012-13,C,13.538888888888891,40.616666666666674
Jonas Jerebko,Pistons,2012-13,F,18.50036231884058,851.0166666666667
Jonas Jerebko,Pistons,2013-14,F,11.579427083333334,741.0833333333334
Jonas Jerebko,Pistons,2014-15,F,15.286956521739132,703.2
Jonas Jerebko,Warriors,2018-19,F,16.68447488584475,1217.9666666666667
Jonas Valanciunas,Grizzlies,2018-19,C,27.735087719298246,526.9666666666667
Jonas Valanciunas,Grizzlies,2019-20,C,26.35833333333333,1845.0833333333333
Jonas Valanciunas,Grizzlies,2020-21,C,28.312096774193545,1755.35
Jonas Valanciunas,Pelicans,2021-22,C,30.27117117117117,2240.0666666666666
Jonas Valanciunas,Pelicans,2022-23,C,24.91434599156118,1968.2333333333333
Jonas Valanciunas,Pelicans,2023-24,C,23.473780487804877,1924.85
Jonas Valanciunas,Raptors,2012-13,C,23.89704301075269,1481.6166666666668
Jonas Valanciunas,Raptors,2013-14,C,28.17551440329218,2282.2166666666667
Jonas Valanciunas,Raptors,2014-15,C,26.19875,2095.9
Jonas Valanciunas,Raptors,2015-16,C,25.94888888888889,1556.9333333333334
Jonas Valanciunas,Raptors,2016-17,C,25.819166666666668,2065.5333333333333
Jonas Valanciunas,Raptors,2017-18,C,22.432034632034632,1727.2666666666667
Jonas Valanciunas,Raptors,2018-19,C,18.80666666666667,564.2
Jonathan Isaac,Magic,2017-18,F,19.830246913580247,535.4166666666666
Jonathan Isaac,Magic,2018-19,F,26.616222222222223,1996.2166666666667
Jonathan Isaac,Magic,2019-20,F,28.82107843137255,979.9166666666666
Jonathan Isaac,Magic,2022-23,F,11.275757575757575,124.03333333333333
Jonathan Isaac,Magic,2023-24,C,26.166666666666668,26.166666666666668
Jonathan Isaac,Magic,2023-24,F,15.587134502923977,888.4666666666667
Jonathan Kuminga,Warriors,2021-22,F,16.925238095238097,1184.7666666666667
Jonathan Kuminga,Warriors,2022-23,F,20.812437810945273,1394.4333333333334
Jonathan Kuminga,Warriors,2023-24,F,26.34436936936937,1949.4833333333333
Jonathon Simmons,76ers,2018-19,G,14.607777777777779,219.11666666666667
Jonathon Simmons,Magic,2017-18,F,29.62909090909091,1629.6
Jonathon Simmons,Magic,2017-18,G,28.545238095238094,399.6333333333333
Jonathon Simmons,Magic,2018-19,F,21.149019607843137,719.0666666666666
Jonathon Simmons,Magic,2018-19,G,18.014285714285712,126.1
Jonathon Simmons,Spurs,2015-16,F,15.094871794871795,196.23333333333332
Jonathon Simmons,Spurs,2015-16,G,14.680952380952382,616.6
Jonathon Simmons,Spurs,2016-17,F,17.552,438.8
Jonathon Simmons,Spurs,2016-17,G,17.993396226415094,953.65
Jonny Flynn,Rockets,2011-12,G,12.262121212121212,134.88333333333333
Jonny Flynn,Timberwolves,2010-11,G,18.54433962264151,982.85
Jonny Flynn,Trail Blazers,2011-12,G,15.625925925925925,281.26666666666665
Jontay Porter,Grizzlies,2020-21,C,4.909090909090909,54.0
Jontay Porter,Raptors,2023-24,C,13.835897435897436,359.73333333333335
Jordan Bell,Bulls,2021-22,F,2.0166666666666666,2.0166666666666666
Jordan Bell,Grizzlies,2019-20,F,10.683333333333334,21.366666666666667
Jordan Bell,Timberwolves,2019-20,F,8.704938271604938,235.03333333333333
Jordan Bell,Warriors,2017-18,C,13.27246376811594,305.26666666666665
Jordan Bell,Warriors,2017-18,F,14.813235294117646,503.65
Jordan Bell,Warriors,2018-19,C,11.579885057471264,335.81666666666666
Jordan Bell,Warriors,2018-19,F,11.602136752136753,452.48333333333335
Jordan Bell,Warriors,2020-21,C,14.683333333333334,14.683333333333334
Jordan Bell,Wizards,2020-21,F,13.440000000000001,67.2
Jordan Clarkson,Cavaliers,2017-18,G,22.56488095238095,631.8166666666666
Jordan Clarkson,Cavaliers,2018-19,G,27.33991769547325,2214.5333333333333
Jordan Clarkson,Cavaliers,2019-20,G,22.957471264367815,665.7666666666667
Jordan Clarkson,Jazz,2019-20,G,24.737698412698414,1038.9833333333333
Jordan Clarkson,Jazz,2020-21,G,26.73014705882353,1817.65
Jordan Clarkson,Jazz,2021-22,G,27.09957805907173,2140.866666666667
Jordan Clarkson,Jazz,2022-23,G,32.59590163934426,1988.35
Jordan Clarkson,Jazz,2023-24,G,30.58848484848485,1682.3666666666668
Jordan Clarkson,Lakers,2014-15,G,25.014124293785308,1475.8333333333333
Jordan Clarkson,Lakers,2015-16,G,32.30949367088608,2552.45
Jordan Clarkson,Lakers,2016-17,G,29.226219512195126,2396.55
Jordan Clarkson,Lakers,2017-18,G,23.690251572327043,1255.5833333333333
Jordan Crawford,Celtics,2012-13,C,35.61666666666667,35.61666666666667
Jordan Crawford,Celtics,2012-13,G,21.00128205128205,546.0333333333333
Jordan Crawford,Celtics,2013-14,C,17.633333333333333,17.633333333333333
Jordan Crawford,Celtics,2013-14,G,31.073245614035088,1180.7833333333333
Jordan Crawford,Hawks,2010-11,G,10.00625,160.1
Jordan Crawford,Pelicans,2016-17,G,23.278947368421054,442.3
Jordan Crawford,Pelicans,2017-18,G,10.656666666666666,53.28333333333333
Jordan Crawford,Warriors,2013-14,G,15.742857142857144,661.2
Jordan Crawford,Wizards,2010-11,G,33.330128205128204,866.5833333333334
Jordan Crawford,Wizards,2011-12,G,27.387760416666666,1752.8166666666666
Jordan Crawford,Wizards,2012-13,G,26.207364341085274,1126.9166666666667
Jordan Farmar,Clippers,2014-15,G,14.707407407407409,529.4666666666667
Jordan Farmar,Grizzlies,2015-16,G,24.275000000000002,291.3
Jordan Farmar,Kings,2016-17,G,17.691666666666666,35.38333333333333
Jordan Farmar,Lakers,2013-14,G,22.25162601626016,912.3166666666666
Jordan Farmar,Nets,2010-11,G,24.602511415525115,1795.9833333333333
Jordan Farmar,Nets,2011-12,G,21.298717948717947,830.65
Jordan Goodwin,Grizzlies,2023-24,G,29.25,497.25
Jordan Goodwin,Suns,2023-24,G,13.962916666666667,558.5166666666667
Jordan Goodwin,Wizards,2021-22,G,2.966666666666667,5.933333333333334
Jordan Goodwin,Wizards,2022-23,G,17.82956989247312,1105.4333333333334
Jordan Hamilton,Clippers,2014-15,F,8.720238095238095,122.08333333333333
Jordan Hamilton,Nuggets,2011-12,F,10.637719298245614,202.11666666666667
Jordan Hamilton,Nuggets,2011-12,G,7.99047619047619,55.93333333333333
Jordan Hamilton,Nuggets,2012-13,F,9.877777777777778,266.7
Jordan Hamilton,Nuggets,2012-13,G,9.992307692307692,129.9
Jordan Hamilton,Nuggets,2013-14,F,16.549382716049383,446.83333333333337
Jordan Hamilton,Nuggets,2013-14,G,18.6125,223.35
Jordan Hamilton,Pelicans,2015-16,F,26.42222222222222,158.53333333333333
Jordan Hamilton,Pelicans,2015-16,G,29.03,145.15
Jordan Hamilton,Rockets,2013-14,F,16.641269841269843,349.4666666666667
Jordan Hawkins,Pelicans,2023-24,G,17.322139303482587,1160.5833333333333
Jordan Hill,Lakers,2011-12,C,10.1625,40.65
Jordan Hill,Lakers,2011-12,F,13.78888888888889,41.36666666666667
Jordan Hill,Lakers,2012-13,C,16.13076923076923,209.7
Jordan Hill,Lakers,2012-13,F,15.517708333333333,248.28333333333333
Jordan Hill,Lakers,2013-14,C,20.03186274509804,681.0833333333334
Jordan Hill,Lakers,2013-14,F,21.544736842105266,818.7
Jordan Hill,Lakers,2014-15,C,27.91530612244898,1367.85
Jordan Hill,Lakers,2014-15,F,24.116666666666667,506.45
Jordan Hill,Pacers,2015-16,C,20.989516129032257,1301.35
Jordan Hill,Pacers,2015-16,F,19.215151515151515,211.36666666666667
Jordan Hill,Rockets,2010-11,C,15.26989247311828,946.7333333333333
Jordan Hill,Rockets,2010-11,F,17.78,177.8
Jordan Hill,Rockets,2011-12,C,15.019540229885058,435.56666666666666
Jordan Hill,Rockets,2011-12,F,11.244444444444445,33.733333333333334
Jordan Hill,Timberwolves,2016-17,C,6.652380952380953,46.56666666666667
Jordan McLaughlin,Timberwolves,2019-20,G,19.68166666666667,590.45
Jordan McLaughlin,Timberwolves,2020-21,G,18.394117647058824,938.1
Jordan McLaughlin,Timberwolves,2021-22,G,14.54247311827957,901.6333333333333
Jordan McLaughlin,Timberwolves,2022-23,G,15.779069767441861,678.5
Jordan McLaughlin,Timberwolves,2023-24,G,11.18125,626.15
Jordan McRae,Cavaliers,2015-16,G,7.565555555555556,113.48333333333333
Jordan McRae,Cavaliers,2016-17,G,10.365315315315314,383.51666666666665
Jordan McRae,Nuggets,2019-20,G,8.045833333333334,32.18333333333334
Jordan McRae,Pistons,2019-20,G,24.6125,98.45
Jordan McRae,Suns,2015-16,G,11.780952380952382,82.46666666666667
Jordan McRae,Wizards,2018-19,F,14.555555555555555,218.33333333333334
Jordan McRae,Wizards,2018-19,G,9.544444444444444,114.53333333333333
Jordan McRae,Wizards,2019-20,F,25.026041666666668,400.4166666666667
Jordan McRae,Wizards,2019-20,G,19.498717948717946,253.48333333333332
Jordan Mickey,Celtics,2015-16,F,3.5739583333333336,57.18333333333334
Jordan Mickey,Celtics,2016-17,F,5.640666666666666,141.01666666666665
Jordan Mickey,Heat,2017-18,C,12.715079365079365,267.01666666666665
Jordan Mickey,Heat,2017-18,F,8.516666666666667,17.033333333333335
Jordan Nwora,Bucks,2020-21,F,9.85701754385965,187.28333333333333
Jordan Nwora,Bucks,2020-21,G,7.845454545454545,86.3
Jordan Nwora,Bucks,2021-22,F,19.91346153846154,517.75
Jordan Nwora,Bucks,2021-22,G,18.54351851851852,667.5666666666667
Jordan Nwora,Bucks,2022-23,F,17.21470588235294,292.65
Jordan Nwora,Bucks,2022-23,G,14.482539682539683,304.1333333333333
Jordan Nwora,Pacers,2022-23,F,24.639583333333334,591.35
Jordan Nwora,Pacers,2023-24,F,10.139814814814816,182.51666666666668
Jordan Nwora,Raptors,2023-24,F,15.555392156862744,528.8833333333333
Jordan Poole,Warriors,2019-20,F,14.850000000000001,59.400000000000006
Jordan Poole,Warriors,2019-20,G,22.91509433962264,1214.5
Jordan Poole,Warriors,2020-21,F,19.064285714285713,133.45
Jordan Poole,Warriors,2020-21,G,19.417424242424243,854.3666666666667
Jordan Poole,Warriors,2021-22,F,34.044444444444444,102.13333333333333
Jordan Poole,Warriors,2021-22,G,29.88013698630137,2181.25
Jordan Poole,Warriors,2022-23,F,30.076666666666664,150.38333333333333
Jordan Poole,Warriors,2022-23,G,29.970995670995666,2307.7666666666664
Jordan Poole,Wizards,2023-24,G,30.0715811965812,2345.5833333333335
Jordan Walsh,Celtics,2023-24,F,9.274074074074074,83.46666666666667
Jordan Williams,Nets,2011-12,C,14.763178294573642,634.8166666666666
Jorge Gutierrez,Bucks,2014-15,G,13.081666666666667,130.81666666666666
Jorge Gutierrez,Hornets,2015-16,G,5.2749999999999995,63.3
Jorge Gutierrez,Nets,2013-14,G,16.26888888888889,244.03333333333333
Jorge Gutierrez,Nets,2014-15,G,4.358333333333333,43.583333333333336
Jose Alvarado,Pelicans,2021-22,G,15.442592592592591,833.9
Jose Alvarado,Pelicans,2022-23,G,21.475409836065573,1310.0
Jose Alvarado,Pelicans,2023-24,G,18.363690476190474,1028.3666666666666
Jose Calderon,Cavaliers,2017-18,G,16.04035087719298,914.3
Jose Calderon,Hawks,2016-17,G,14.523529411764706,246.9
Jose Calderon,Knicks,2014-15,G,30.24325396825397,1270.2166666666667
Jose Calderon,Knicks,2015-16,G,28.109722222222224,2023.9
Jose Calderon,Lakers,2016-17,G,12.163194444444445,291.9166666666667
Jose Calderon,Mavericks,2013-14,G,30.473251028806587,2468.3333333333335
Jose Calderon,Pistons,2012-13,G,31.664285714285715,886.6
Jose Calderon,Pistons,2018-19,G,12.896938775510206,631.95
Jose Calderon,Raptors,2010-11,G,30.914950980392156,2102.2166666666667
Jose Calderon,Raptors,2011-12,G,33.9437106918239,1799.0166666666667
Jose Calderon,Raptors,2012-13,G,28.284444444444443,1272.8
Josh Childress,Nets,2012-13,F,7.151190476190477,100.11666666666667
Josh Childress,Pelicans,2013-14,F,5.9625,23.85
Josh Childress,Suns,2010-11,C,15.971505376344087,495.1166666666667
Josh Childress,Suns,2010-11,F,17.33478260869565,398.7
Josh Childress,Suns,2011-12,C,13.16111111111111,197.41666666666666
Josh Childress,Suns,2011-12,F,15.47543859649123,294.03333333333336
Josh Christopher,Rockets,2021-22,F,17.365833333333335,347.31666666666666
Josh Christopher,Rockets,2021-22,G,18.266666666666666,986.4
Josh Christopher,Rockets,2022-23,F,11.04888888888889,165.73333333333335
Josh Christopher,Rockets,2022-23,G,12.662925170068027,620.4833333333333
Josh Giddey,Thunder,2021-22,G,31.48796296296296,1700.35
Josh Giddey,Thunder,2022-23,G,31.148026315789473,2367.25
Josh Giddey,Thunder,2023-24,G,25.144375,2011.55
Josh Green,Mavericks,2020-21,F,10.915053763440861,338.3666666666667
Josh Green,Mavericks,2020-21,G,13.285416666666666,106.28333333333333
Josh Green,Mavericks,2021-22,F,15.74962962962963,708.7333333333333
Josh Green,Mavericks,2021-22,G,15.010606060606062,330.23333333333335
Josh Green,Mavericks,2022-23,F,24.791452991452992,966.8666666666667
Josh Green,Mavericks,2022-23,G,27.257142857142856,572.4
Josh Green,Mavericks,2023-24,F,25.403174603174605,1066.9333333333334
Josh Green,Mavericks,2023-24,G,29.185555555555556,437.78333333333336
Josh Hall,Thunder,2020-21,F,16.00079365079365,336.01666666666665
Josh Harrellson,Heat,2012-13,F,5.111111111111112,30.666666666666668
Josh Harrellson,Knicks,2011-12,C,14.766666666666666,29.53333333333333
Josh Harrellson,Knicks,2011-12,F,14.576666666666666,510.18333333333334
Josh Harrellson,Pistons,2013-14,F,9.917708333333334,317.3666666666667
Josh Hart,Knicks,2022-23,F,29.985333333333333,749.6333333333333
Josh Hart,Knicks,2023-24,F,33.41748971193415,2706.8166666666666
Josh Hart,Lakers,2017-18,F,26.172619047619047,732.8333333333334
Josh Hart,Lakers,2017-18,G,20.791428571428572,727.7
Josh Hart,Lakers,2018-19,F,24.239166666666666,484.7833333333333
Josh Hart,Lakers,2018-19,G,26.17163120567376,1230.0666666666666
Josh Hart,Pelicans,2019-20,F,28.041025641025637,1093.6
Josh Hart,Pelicans,2019-20,G,25.448076923076922,661.65
Josh Hart,Pelicans,2020-21,F,29.79236111111111,715.0166666666667
Josh Hart,Pelicans,2020-21,G,27.589130434782607,634.55
Josh Hart,Pelicans,2021-22,F,29.725555555555555,445.8833333333333
Josh Hart,Pelicans,2021-22,G,35.69871794871795,928.1666666666666
Josh Hart,Trail Blazers,2021-22,F,31.233333333333334,31.233333333333334
Josh Hart,Trail Blazers,2021-22,G,32.141666666666666,385.7
Josh Hart,Trail Blazers,2022-23,F,33.419934640522875,1704.4166666666667
Josh Howard,Jazz,2011-12,F,23.03527131782946,990.5166666666667
Josh Howard,Timberwolves,2012-13,F,18.831818181818182,207.15
Josh Howard,Wizards,2010-11,F,22.700925925925926,408.6166666666667
Josh Huestis,Thunder,2015-16,G,10.996666666666666,54.983333333333334
Josh Huestis,Thunder,2016-17,G,15.441666666666666,30.883333333333333
Josh Huestis,Thunder,2017-18,G,14.22584541062802,981.5833333333334
Josh Jackson,Grizzlies,2019-20,G,17.338636363636365,381.45
Josh Jackson,Kings,2021-22,F,10.231944444444444,122.78333333333333
Josh Jackson,Pistons,2020-21,F,27.827777777777776,250.45
Josh Jackson,Pistons,2020-21,G,24.700943396226418,1309.15
Josh Jackson,Pistons,2021-22,F,19.29090909090909,212.2
Josh Jackson,Pistons,2021-22,G,17.677380952380954,494.9666666666667
Josh Jackson,Suns,2017-18,F,26.241085271317832,1128.3666666666668
Josh Jackson,Suns,2017-18,G,24.436274509803923,830.8333333333334
Josh Jackson,Suns,2018-19,F,24.771985815602836,1164.2833333333333
Josh Jackson,Suns,2018-19,G,25.745833333333334,823.8666666666667
Josh McRoberts,Bobcats,2012-13,F,30.855128205128207,802.2333333333333
Josh McRoberts,Bobcats,2013-14,F,30.256837606837607,2360.0333333333333
Josh McRoberts,Heat,2014-15,F,17.405882352941177,295.9
Josh McRoberts,Heat,2015-16,F,14.160317460317462,594.7333333333333
Josh McRoberts,Heat,2016-17,F,17.328030303030303,381.21666666666664
Josh McRoberts,Lakers,2011-12,F,14.360666666666667,718.0333333333333
Josh McRoberts,Magic,2012-13,F,16.712601626016262,685.2166666666667
Josh McRoberts,Mavericks,2017-18,F,2.875,5.75
Josh McRoberts,Pacers,2010-11,C,18.133333333333333,18.133333333333333
Josh McRoberts,Pacers,2010-11,F,22.237558685446007,1578.8666666666666
Josh Okogie,Suns,2022-23,F,18.849999999999998,1338.35
Josh Okogie,Suns,2022-23,G,12.266666666666667,12.266666666666667
Josh Okogie,Suns,2023-24,F,15.995555555555557,959.7333333333333
Josh Okogie,Timberwolves,2018-19,F,15.115151515151513,166.26666666666665
Josh Okogie,Timberwolves,2018-19,G,25.252645502645503,1590.9166666666667
Josh Okogie,Timberwolves,2019-20,F,25.636991869918702,1051.1166666666668
Josh Okogie,Timberwolves,2019-20,G,23.63095238095238,496.25
Josh Okogie,Timberwolves,2020-21,F,20.95035460992908,984.6666666666666
Josh Okogie,Timberwolves,2020-21,G,17.67222222222222,212.06666666666666
Josh Okogie,Timberwolves,2021-22,F,11.564,289.1
Josh Okogie,Timberwolves,2021-22,G,9.445833333333333,226.7
Josh Richardson,76ers,2019-20,G,30.785454545454545,1693.2
Josh Richardson,Celtics,2021-22,G,24.702272727272728,1086.9
Josh Richardson,Heat,2015-16,F,22.287719298245616,423.4666666666667
Josh Richardson,Heat,2015-16,G,20.711111111111112,683.4666666666667
Josh Richardson,Heat,2016-17,F,25.825,361.55
Josh Richardson,Heat,2016-17,G,32.12307692307692,1252.8
Josh Richardson,Heat,2017-18,F,33.199999999999996,2357.2
Josh Richardson,Heat,2017-18,G,33.230000000000004,332.3
Josh Richardson,Heat,2018-19,F,34.029411764705884,578.5
Josh Richardson,Heat,2018-19,G,35.01696428571429,1960.95
Josh Richardson,Heat,2023-24,F,27.225925925925925,490.06666666666666
Josh Richardson,Heat,2023-24,G,24.511333333333333,612.7833333333333
Josh Richardson,Mavericks,2020-21,F,31.05,31.05
Josh Richardson,Mavericks,2020-21,G,30.320689655172412,1758.6
Josh Richardson,Pelicans,2022-23,F,20.616666666666667,20.616666666666667
Josh Richardson,Pelicans,2022-23,G,23.287121212121214,512.3166666666667
Josh Richardson,Spurs,2021-22,F,27.1969696969697,299.1666666666667
Josh Richardson,Spurs,2021-22,G,21.368333333333332,213.68333333333334
Josh Richardson,Spurs,2022-23,F,22.169999999999998,221.7
Josh Richardson,Spurs,2022-23,G,24.217708333333334,774.9666666666667
Josh Smith,Clippers,2015-16,F,14.345833333333333,459.06666666666666
Josh Smith,Hawks,2010-11,F,34.34848484848485,2644.8333333333335
Josh Smith,Hawks,2011-12,C,36.9,36.9
Josh Smith,Hawks,2011-12,F,35.25794871794872,2291.766666666667
Josh Smith,Hawks,2012-13,F,35.30131578947368,2682.9
Josh Smith,Pelicans,2017-18,F,3.944444444444444,11.833333333333332
Josh Smith,Pistons,2013-14,F,35.458441558441564,2730.3
Josh Smith,Pistons,2014-15,F,32.00535714285714,896.15
Josh Smith,Rockets,2014-15,F,25.535151515151515,1404.4333333333334
Josh Smith,Rockets,2015-16,C,21.466666666666665,21.466666666666665
Josh Smith,Rockets,2015-16,F,18.15909090909091,399.5
Joshua Primo,Clippers,2023-24,F,5.133333333333333,10.266666666666666
Joshua Primo,Spurs,2021-22,F,24.65,197.2
Joshua Primo,Spurs,2021-22,G,18.28174603174603,767.8333333333334
Joshua Primo,Spurs,2022-23,G,23.34166666666667,93.36666666666667
Jrue Holiday,76ers,2010-11,G,35.37479674796748,2900.7333333333336
Jrue Holiday,76ers,2011-12,G,33.78666666666666,2196.133333333333
Jrue Holiday,76ers,2012-13,G,37.50790598290598,2925.616666666667
Jrue Holiday,Bucks,2020-21,G,32.318361581920904,1906.7833333333333
Jrue Holiday,Bucks,2021-22,G,32.94701492537313,2207.45
Jrue Holiday,Bucks,2022-23,G,32.57512437810945,2182.5333333333333
Jrue Holiday,Celtics,2023-24,G,32.8012077294686,2263.2833333333333
Jrue Holiday,Pelicans,2013-14,G,33.63039215686275,1143.4333333333334
Jrue Holiday,Pelicans,2014-15,G,32.57458333333334,1302.9833333333333
Jrue Holiday,Pelicans,2015-16,F,27.133333333333333,54.266666666666666
Jrue Holiday,Pelicans,2015-16,G,28.2005291005291,1776.6333333333332
Jrue Holiday,Pelicans,2016-17,G,32.68582089552238,2189.95
Jrue Holiday,Pelicans,2017-18,G,36.13333333333333,2926.8
Jrue Holiday,Pelicans,2018-19,F,26.983333333333334,26.983333333333334
Jrue Holiday,Pelicans,2018-19,G,35.98434343434344,2374.9666666666667
Jrue Holiday,Pelicans,2019-20,F,35.234722222222224,422.81666666666666
Jrue Holiday,Pelicans,2019-20,G,34.57108843537415,1693.9833333333333
Juan Toscano-Anderson,Jazz,2022-23,F,15.236363636363636,335.2
Juan Toscano-Anderson,Kings,2023-24,F,4.787878787878788,52.666666666666664
Juan Toscano-Anderson,Lakers,2022-23,F,12.162777777777778,364.8833333333333
Juan Toscano-Anderson,Warriors,2019-20,C,20.4,20.4
Juan Toscano-Anderson,Warriors,2019-20,F,20.974999999999998,251.7
Juan Toscano-Anderson,Warriors,2020-21,C,22.816666666666666,45.63333333333333
Juan Toscano-Anderson,Warriors,2020-21,F,20.82124183006536,1061.8833333333334
Juan Toscano-Anderson,Warriors,2021-22,C,9.116666666666667,18.233333333333334
Juan Toscano-Anderson,Warriors,2021-22,F,13.745539906103286,975.9333333333333
Juancho Hernangomez,Celtics,2021-22,F,5.3240740740740735,95.83333333333333
Juancho Hernangomez,Jazz,2021-22,F,17.537254901960782,298.1333333333333
Juancho Hernangomez,Nuggets,2016-17,F,13.579301075268816,841.9166666666666
Juancho Hernangomez,Nuggets,2017-18,F,11.083333333333332,277.0833333333333
Juancho Hernangomez,Nuggets,2018-19,F,19.402380952380952,1358.1666666666667
Juancho Hernangomez,Nuggets,2019-20,F,12.41764705882353,422.2
Juancho Hernangomez,Raptors,2022-23,C,20.030555555555555,240.36666666666667
Juancho Hernangomez,Raptors,2022-23,F,12.754861111111111,306.1166666666667
Juancho Hernangomez,Raptors,2022-23,G,11.169444444444444,67.01666666666667
Juancho Hernangomez,Spurs,2021-22,F,10.120000000000001,50.6
Juancho Hernangomez,Timberwolves,2019-20,F,29.38095238095238,411.3333333333333
Juancho Hernangomez,Timberwolves,2020-21,F,17.308653846153845,900.05
Julian Champagnie,76ers,2022-23,F,3.333333333333333,6.666666666666666
Julian Champagnie,Spurs,2022-23,F,20.897777777777776,313.46666666666664
Julian Champagnie,Spurs,2023-24,F,19.71455399061033,1399.7333333333333
Julian Champagnie,Spurs,2023-24,G,22.71111111111111,68.13333333333333
Julian Washburn,Grizzlies,2018-19,F,14.103703703703705,253.86666666666667
Julian Wright,Raptors,2010-11,F,14.729807692307693,765.95
Julius Randle,Knicks,2019-20,F,32.50703125,2080.45
Julius Randle,Knicks,2020-21,F,37.56009389671361,2666.7666666666664
Julius Randle,Knicks,2021-22,F,35.331944444444446,2543.9
Julius Randle,Knicks,2022-23,F,35.54891774891775,2737.266666666667
Julius Randle,Knicks,2023-24,F,35.436956521739134,1630.1000000000001
Julius Randle,Lakers,2014-15,F,13.566666666666666,13.566666666666666
Julius Randle,Lakers,2015-16,C,24.8,24.8
Julius Randle,Lakers,2015-16,F,28.26770833333333,2261.4166666666665
Julius Randle,Lakers,2016-17,C,20.075,40.15
Julius Randle,Lakers,2016-17,F,29.05486111111111,2091.95
Julius Randle,Lakers,2017-18,C,26.28,131.4
Julius Randle,Lakers,2017-18,F,26.740476190476194,2059.016666666667
Julius Randle,Pelicans,2018-19,C,30.735034013605443,1506.0166666666667
Julius Randle,Pelicans,2018-19,F,30.235416666666666,725.65
Julyan Stone,Hornets,2017-18,G,7.5978260869565215,174.75
Julyan Stone,Nuggets,2011-12,F,9.586666666666668,47.93333333333334
Julyan Stone,Nuggets,2011-12,G,7.736274509803921,131.51666666666665
Julyan Stone,Nuggets,2012-13,G,6.95,27.8
Julyan Stone,Raptors,2013-14,F,5.717460317460318,120.06666666666666
Justin Anderson,76ers,2016-17,F,21.572222222222223,517.7333333333333
Justin Anderson,76ers,2017-18,F,13.661842105263156,519.15
Justin Anderson,Cavaliers,2021-22,F,15.533333333333331,46.599999999999994
Justin Anderson,Hawks,2018-19,F,9.656597222222222,463.51666666666665
Justin Anderson,Mavericks,2015-16,F,11.916981132075472,631.6
Justin Anderson,Mavericks,2015-16,G,7.666666666666666,15.333333333333332
Justin Anderson,Mavericks,2016-17,F,13.767375886524825,647.0666666666667
Justin Anderson,Mavericks,2016-17,G,15.616666666666667,62.46666666666667
Justin Anderson,Nets,2019-20,F,10.733333333333333,107.33333333333333
Justin Anderson,Pacers,2021-22,F,20.71282051282051,269.26666666666665
Justin Champagnie,Celtics,2022-23,F,11.683333333333334,23.366666666666667
Justin Champagnie,Raptors,2021-22,F,7.80138888888889,280.85
Justin Champagnie,Raptors,2022-23,F,3.638888888888889,10.916666666666666
Justin Champagnie,Wizards,2023-24,F,15.656666666666666,234.85
Justin Hamilton,Bobcats,2013-14,C,3.7333333333333334,3.7333333333333334
Justin Hamilton,Heat,2013-14,C,11.311111111111112,67.86666666666667
Justin Hamilton,Heat,2013-14,F,0.55,0.55
Justin Hamilton,Heat,2014-15,C,11.598333333333333,231.96666666666667
Justin Hamilton,Heat,2014-15,F,14.283333333333333,57.13333333333333
Justin Hamilton,Nets,2016-17,C,17.951851851851853,646.2666666666667
Justin Hamilton,Nets,2016-17,F,18.939285714285713,530.3
Justin Hamilton,Timberwolves,2014-15,C,26.241666666666664,314.9
Justin Hamilton,Timberwolves,2014-15,F,21.71333333333333,108.56666666666666
Justin Holiday,76ers,2012-13,F,15.777777777777779,142.0
Justin Holiday,Bulls,2015-16,F,16.831481481481482,151.48333333333335
Justin Holiday,Bulls,2015-16,G,19.921296296296294,358.5833333333333
Justin Holiday,Bulls,2017-18,F,28.633333333333336,687.2
Justin Holiday,Bulls,2017-18,G,32.86944444444445,1577.7333333333333
Justin Holiday,Bulls,2018-19,F,34.85877192982456,1324.6333333333334
Justin Holiday,Grizzlies,2018-19,F,30.20059523809524,845.6166666666667
Justin Holiday,Grizzlies,2018-19,G,27.275,436.4
Justin Holiday,Hawks,2015-16,F,10.096794871794872,262.51666666666665
Justin Holiday,Hawks,2022-23,F,14.670833333333334,410.78333333333336
Justin Holiday,Kings,2021-22,G,25.636666666666667,640.9166666666666
Justin Holiday,Knicks,2016-17,F,20.02777777777778,1381.9166666666667
Justin Holiday,Knicks,2016-17,G,19.783333333333335,257.18333333333334
Justin Holiday,Mavericks,2022-23,F,16.408333333333335,295.35
Justin Holiday,Nuggets,2023-24,F,13.587356321839081,394.03333333333336
Justin Holiday,Nuggets,2023-24,G,16.137931034482758,468.0
Justin Holiday,Pacers,2019-20,F,24.905357142857145,1394.7
Justin Holiday,Pacers,2019-20,G,25.351960784313725,430.98333333333335
Justin Holiday,Pacers,2020-21,F,29.836734693877553,1462.0
Justin Holiday,Pacers,2020-21,G,31.361594202898548,721.3166666666666
Justin Holiday,Pacers,2021-22,F,29.145289855072466,1340.6833333333334
Justin Holiday,Pacers,2021-22,G,25.061111111111114,75.18333333333334
Justin Holiday,Warriors,2014-15,F,10.316666666666666,196.01666666666665
Justin Holiday,Warriors,2014-15,G,11.535833333333333,461.43333333333334
Justin Jackson,Bucks,2020-21,F,32.61666666666667,32.61666666666667
Justin Jackson,Celtics,2021-22,F,1.95,1.95
Justin Jackson,Celtics,2022-23,F,4.671014492753623,107.43333333333334
Justin Jackson,Kings,2017-18,F,22.15122549019608,1506.2833333333333
Justin Jackson,Kings,2018-19,F,20.98725490196078,1070.35
Justin Jackson,Kings,2018-19,G,12.316666666666666,12.316666666666666
Justin Jackson,Mavericks,2018-19,F,18.297701149425286,530.6333333333333
Justin Jackson,Mavericks,2019-20,F,16.07128205128205,1044.6333333333332
Justin Jackson,Suns,2021-22,G,5.752777777777777,34.516666666666666
Justin Jackson,Thunder,2020-21,F,15.745698924731183,488.1166666666667
Justin Jackson,Thunder,2020-21,G,28.075000000000003,56.150000000000006
Justin Jackson,Timberwolves,2023-24,F,0.35833333333333334,0.7166666666666667
Justin Minaya,Trail Blazers,2022-23,F,22.2125,88.85
Justin Minaya,Trail Blazers,2023-24,F,11.205392156862745,380.98333333333335
Justin Patton,76ers,2018-19,C,6.866666666666666,20.599999999999998
Justin Patton,Rockets,2020-21,C,18.98076923076923,246.75
Justin Patton,Thunder,2019-20,C,4.85,24.25
Justin Patton,Timberwolves,2017-18,C,3.7333333333333334,3.7333333333333334
Justise Winslow,Clippers,2021-22,F,12.96081081081081,479.55
Justise Winslow,Grizzlies,2020-21,F,19.503205128205128,507.0833333333333
Justise Winslow,Heat,2015-16,F,28.22748538011696,1608.9666666666667
Justise Winslow,Heat,2015-16,G,29.675396825396824,623.1833333333333
Justise Winslow,Heat,2016-17,F,34.92745098039216,593.7666666666667
Justise Winslow,Heat,2016-17,G,31.55,31.55
Justise Winslow,Heat,2017-18,F,24.529166666666665,1471.75
Justise Winslow,Heat,2017-18,G,26.089583333333334,208.71666666666667
Justise Winslow,Heat,2018-19,F,28.39702380952381,795.1166666666667
Justise Winslow,Heat,2018-19,G,30.642543859649123,1164.4166666666667
Justise Winslow,Heat,2019-20,F,31.645833333333332,253.16666666666666
Justise Winslow,Heat,2019-20,G,33.02777777777778,99.08333333333334
Justise Winslow,Trail Blazers,2021-22,F,27.53666666666667,275.3666666666667
Justise Winslow,Trail Blazers,2021-22,G,19.766666666666666,19.766666666666666
Justise Winslow,Trail Blazers,2022-23,F,23.758333333333336,142.55
Justise Winslow,Trail Blazers,2022-23,G,27.531159420289857,633.2166666666667
Jusuf Nurkic,Nuggets,2014-15,C,17.79516129032258,1103.3
Jusuf Nurkic,Nuggets,2015-16,C,17.096354166666668,547.0833333333334
Jusuf Nurkic,Nuggets,2016-17,C,17.940740740740743,807.3333333333334
Jusuf Nurkic,Suns,2023-24,C,27.34298245614035,2078.0666666666666
Jusuf Nurkic,Trail Blazers,2016-17,C,29.18416666666667,583.6833333333334
Jusuf Nurkic,Trail Blazers,2017-18,C,26.43227848101266,2088.15
Jusuf Nurkic,Trail Blazers,2018-19,C,27.410185185185185,1973.5333333333333
Jusuf Nurkic,Trail Blazers,2019-20,C,31.643749999999997,253.14999999999998
Jusuf Nurkic,Trail Blazers,2020-21,C,23.787387387387387,880.1333333333333
Jusuf Nurkic,Trail Blazers,2021-22,C,28.18720238095238,1578.4833333333333
Jusuf Nurkic,Trail Blazers,2022-23,C,26.75769230769231,1391.4
Juwan Howard,Heat,2010-11,F,10.378070175438596,591.55
Juwan Howard,Heat,2011-12,F,6.793452380952381,190.21666666666667
Juwan Howard,Heat,2012-13,F,7.238095238095238,50.666666666666664
KJ Martin,76ers,2023-24,F,12.329885057471264,715.1333333333333
KJ Martin,Clippers,2023-24,F,15.683333333333334,31.366666666666667
KJ McDaniels,76ers,2014-15,F,29.208333333333336,58.41666666666667
KJ McDaniels,76ers,2014-15,G,25.218000000000004,1260.9
KJ McDaniels,Nets,2016-17,F,14.674166666666668,293.48333333333335
KJ McDaniels,Rockets,2014-15,F,3.2583333333333337,32.583333333333336
KJ McDaniels,Rockets,2015-16,F,6.35990990990991,235.31666666666666
KJ McDaniels,Rockets,2016-17,F,7.310919540229886,212.01666666666668
KZ Okpala,Heat,2019-20,C,1.0,2.0
KZ Okpala,Heat,2019-20,F,7.9944444444444445,23.983333333333334
KZ Okpala,Heat,2020-21,C,10.494444444444445,94.45
KZ Okpala,Heat,2020-21,F,12.591071428571428,352.55
KZ Okpala,Heat,2021-22,C,10.525925925925925,94.73333333333333
KZ Okpala,Heat,2021-22,F,12.444444444444445,149.33333333333334
KZ Okpala,Kings,2022-23,F,7.0876190476190475,248.06666666666666
Kadeem Allen,Celtics,2017-18,G,5.955555555555556,107.2
Kadeem Allen,Knicks,2018-19,G,21.871929824561402,415.56666666666666
Kadeem Allen,Knicks,2019-20,G,11.705,117.05
Karl-Anthony Towns,Timberwolves,2015-16,C,31.982067510548525,2526.5833333333335
Karl-Anthony Towns,Timberwolves,2015-16,F,33.31111111111111,99.93333333333334
Karl-Anthony Towns,Timberwolves,2016-17,C,36.93600823045267,2991.8166666666666
Karl-Anthony Towns,Timberwolves,2016-17,F,38.516666666666666,38.516666666666666
Karl-Anthony Towns,Timberwolves,2017-18,C,35.5880081300813,2918.2166666666667
Karl-Anthony Towns,Timberwolves,2018-19,C,33.04805194805195,2544.7
Karl-Anthony Towns,Timberwolves,2019-20,C,33.91619047619047,1187.0666666666666
Karl-Anthony Towns,Timberwolves,2020-21,C,33.778333333333336,1688.9166666666667
Karl-Anthony Towns,Timberwolves,2021-22,C,33.45225225225225,2475.4666666666667
Karl-Anthony Towns,Timberwolves,2022-23,C,34.175,68.35
Karl-Anthony Towns,Timberwolves,2022-23,F,32.915432098765436,888.7166666666667
Karl-Anthony Towns,Timberwolves,2023-24,C,40.31666666666667,80.63333333333334
Karl-Anthony Towns,Timberwolves,2023-24,F,32.41555555555556,1944.9333333333334
Kawhi Leonard,Clippers,2019-20,F,32.07592592592592,1732.1
Kawhi Leonard,Clippers,2019-20,G,38.672222222222224,116.01666666666668
Kawhi Leonard,Clippers,2020-21,F,34.08557692307692,1772.45
Kawhi Leonard,Clippers,2022-23,F,33.46560283687943,1572.8833333333332
Kawhi Leonard,Clippers,2022-23,G,34.92666666666666,174.63333333333333
Kawhi Leonard,Clippers,2023-24,F,34.26544117647059,2330.05
Kawhi Leonard,Raptors,2018-19,F,34.00333333333334,2040.2
Kawhi Leonard,Spurs,2011-12,F,23.258333333333336,1116.4
Kawhi Leonard,Spurs,2011-12,G,26.126041666666666,418.01666666666665
Kawhi Leonard,Spurs,2012-13,F,31.20948275862069,1810.15
Kawhi Leonard,Spurs,2013-14,F,29.22,1899.3
Kawhi Leonard,Spurs,2013-14,G,23.316666666666666,23.316666666666666
Kawhi Leonard,Spurs,2014-15,F,31.764322916666668,2032.9166666666667
Kawhi Leonard,Spurs,2015-16,F,33.049537037037034,2379.5666666666666
Kawhi Leonard,Spurs,2016-17,F,33.439189189189186,2474.5
Kawhi Leonard,Spurs,2017-18,F,23.31851851851852,209.86666666666667
Keegan Murray,Kings,2022-23,F,29.771458333333335,2381.7166666666667
Keegan Murray,Kings,2023-24,F,33.61796536796537,2588.5833333333335
Keifer Sykes,Pacers,2021-22,G,17.700520833333332,566.4166666666666
Keita Bates-Diop,Nets,2023-24,F,4.827380952380952,67.58333333333333
Keita Bates-Diop,Nuggets,2019-20,F,14.002380952380951,98.01666666666667
Keita Bates-Diop,Spurs,2020-21,F,7.788461538461538,202.5
Keita Bates-Diop,Spurs,2020-21,G,10.545833333333334,42.18333333333334
Keita Bates-Diop,Spurs,2021-22,F,16.008024691358028,864.4333333333334
Keita Bates-Diop,Spurs,2021-22,G,18.43,92.15
Keita Bates-Diop,Spurs,2022-23,F,21.08502824858757,1244.0166666666667
Keita Bates-Diop,Spurs,2022-23,G,26.075,208.6
Keita Bates-Diop,Suns,2023-24,F,15.307692307692308,597.0
Keita Bates-Diop,Timberwolves,2018-19,F,16.779999999999998,503.4
Keita Bates-Diop,Timberwolves,2019-20,F,17.468018018018018,646.3166666666667
Keith Bogans,Bulls,2010-11,G,17.821341463414633,1461.35
Keith Bogans,Celtics,2013-14,G,9.202777777777778,55.21666666666667
Keith Bogans,Nets,2011-12,G,18.73,93.65
Keith Bogans,Nets,2012-13,F,17.626851851851853,951.85
Keith Bogans,Nets,2012-13,G,22.81083333333333,456.21666666666664
Kelan Martin,Celtics,2021-22,F,1.8888888888888886,5.666666666666666
Kelan Martin,Pacers,2020-21,F,9.216666666666667,322.5833333333333
Kelan Martin,Pacers,2021-22,F,16.446913580246914,444.06666666666666
Kelan Martin,Timberwolves,2019-20,F,15.964516129032257,494.9
Keldon Johnson,Spurs,2019-20,F,17.68235294117647,300.6
Keldon Johnson,Spurs,2020-21,F,28.518840579710144,1967.8
Keldon Johnson,Spurs,2021-22,F,31.908219178082195,2329.3
Keldon Johnson,Spurs,2021-22,G,31.200000000000003,62.400000000000006
Keldon Johnson,Spurs,2022-23,F,32.62722222222222,1957.6333333333332
Keldon Johnson,Spurs,2022-23,G,35.22777777777778,105.68333333333334
Keldon Johnson,Spurs,2023-24,F,29.565591397849463,1833.0666666666666
Keldon Johnson,Spurs,2023-24,G,29.33095238095238,205.31666666666666
Keljin Blevins,Trail Blazers,2020-21,F,4.4068627450980395,74.91666666666667
Keljin Blevins,Trail Blazers,2021-22,F,11.26989247311828,349.3666666666667
Kelly Olynyk,Celtics,2013-14,C,20.06693548387097,1244.15
Kelly Olynyk,Celtics,2013-14,F,19.479166666666668,155.83333333333334
Kelly Olynyk,Celtics,2014-15,C,22.350277777777777,1341.0166666666667
Kelly Olynyk,Celtics,2014-15,F,20.620833333333334,82.48333333333333
Kelly Olynyk,Celtics,2015-16,C,19.493939393939396,1072.1666666666667
Kelly Olynyk,Celtics,2015-16,F,23.048809523809524,322.68333333333334
Kelly Olynyk,Celtics,2016-17,C,20.228855721393035,1355.3333333333333
Kelly Olynyk,Celtics,2016-17,F,22.87708333333333,183.01666666666665
Kelly Olynyk,Heat,2017-18,C,23.734313725490196,403.48333333333335
Kelly Olynyk,Heat,2017-18,F,23.308474576271188,1375.2
Kelly Olynyk,Heat,2018-19,C,19.28333333333333,57.849999999999994
Kelly Olynyk,Heat,2018-19,F,23.084868421052633,1754.45
Kelly Olynyk,Heat,2019-20,C,18.983333333333334,170.85
Kelly Olynyk,Heat,2019-20,F,19.473275862068967,1129.45
Kelly Olynyk,Heat,2020-21,C,32.7625,131.05
Kelly Olynyk,Heat,2020-21,F,26.30128205128205,1025.75
Kelly Olynyk,Jazz,2022-23,C,26.62222222222222,79.86666666666666
Kelly Olynyk,Jazz,2022-23,F,28.642051282051284,1861.7333333333333
Kelly Olynyk,Jazz,2023-24,C,21.32857142857143,149.3
Kelly Olynyk,Jazz,2023-24,F,20.23217054263566,869.9833333333333
Kelly Olynyk,Pistons,2021-22,C,18.232499999999998,364.65
Kelly Olynyk,Pistons,2021-22,F,19.955833333333334,399.1166666666667
Kelly Olynyk,Raptors,2023-24,C,27.191666666666666,652.6
Kelly Olynyk,Raptors,2023-24,F,21.71666666666667,86.86666666666667
Kelly Olynyk,Rockets,2020-21,C,29.865151515151513,328.51666666666665
Kelly Olynyk,Rockets,2020-21,F,31.976041666666667,511.6166666666667
Kelly Oubre Jr.,76ers,2023-24,F,29.935185185185183,1347.0833333333333
Kelly Oubre Jr.,76ers,2023-24,G,30.793478260869566,708.25
Kelly Oubre Jr.,Hornets,2021-22,F,25.23235294117647,428.95
Kelly Oubre Jr.,Hornets,2021-22,G,26.614406779661017,1570.25
Kelly Oubre Jr.,Hornets,2022-23,F,32.52272727272727,357.75
Kelly Oubre Jr.,Hornets,2022-23,G,32.1554054054054,1189.75
Kelly Oubre Jr.,Suns,2018-19,F,29.499583333333334,1179.9833333333333
Kelly Oubre Jr.,Suns,2019-20,F,34.52440476190476,1933.3666666666666
Kelly Oubre Jr.,Warriors,2020-21,F,31.461111111111112,94.38333333333334
Kelly Oubre Jr.,Warriors,2020-21,G,30.637820512820515,1593.1666666666667
Kelly Oubre Jr.,Wizards,2015-16,F,10.656613756613757,671.3666666666667
Kelly Oubre Jr.,Wizards,2016-17,F,20.319620253164558,1605.25
Kelly Oubre Jr.,Wizards,2017-18,F,27.539300411522635,2230.6833333333334
Kelly Oubre Jr.,Wizards,2018-19,F,26.02873563218391,754.8333333333334
Kemba Walker,Bobcats,2011-12,G,27.152272727272727,1792.05
Kemba Walker,Bobcats,2012-13,G,34.86219512195122,2858.7
Kemba Walker,Bobcats,2013-14,G,35.80753424657534,2613.95
Kemba Walker,Celtics,2019-20,G,31.114583333333336,1742.4166666666667
Kemba Walker,Celtics,2020-21,G,31.84612403100775,1369.3833333333332
Kemba Walker,Hornets,2014-15,G,34.171236559139786,2118.616666666667
Kemba Walker,Hornets,2015-16,G,35.61913580246914,2885.15
Kemba Walker,Hornets,2016-17,G,34.674894514767935,2739.3166666666666
Kemba Walker,Hornets,2017-18,G,34.198541666666664,2735.883333333333
Kemba Walker,Hornets,2018-19,G,34.91036585365854,2862.65
Kemba Walker,Knicks,2021-22,G,25.613513513513514,947.7
Kemba Walker,Mavericks,2022-23,G,15.988888888888889,143.9
Kendall Marshall,76ers,2015-16,G,13.321666666666665,399.65
Kendall Marshall,Bucks,2014-15,G,14.909523809523808,417.46666666666664
Kendall Marshall,Lakers,2013-14,G,28.960802469135803,1563.8833333333334
Kendall Marshall,Suns,2012-13,G,14.63263888888889,702.3666666666667
Kendrick Nunn,Heat,2019-20,G,29.290547263681592,1962.4666666666667
Kendrick Nunn,Heat,2020-21,G,29.468154761904763,1650.2166666666667
Kendrick Nunn,Lakers,2022-23,G,13.534615384615385,527.85
Kendrick Nunn,Wizards,2022-23,G,14.051075268817204,435.5833333333333
Kendrick Perkins,Cavaliers,2014-15,C,9.834313725490196,167.18333333333334
Kendrick Perkins,Cavaliers,2017-18,C,14.533333333333333,14.533333333333333
Kendrick Perkins,Celtics,2010-11,C,26.083333333333332,313.0
Kendrick Perkins,Pelicans,2015-16,C,14.649099099099098,542.0166666666667
Kendrick Perkins,Thunder,2010-11,C,25.23725490196078,429.0333333333333
Kendrick Perkins,Thunder,2011-12,C,26.82589743589744,1743.6833333333334
Kendrick Perkins,Thunder,2012-13,C,25.05491452991453,1954.2833333333333
Kendrick Perkins,Thunder,2013-14,C,19.461021505376344,1206.5833333333333
Kendrick Perkins,Thunder,2014-15,C,19.237581699346407,981.1166666666667
Kenneth Faried,Nets,2018-19,F,9.8125,117.75
Kenneth Faried,Nuggets,2011-12,F,22.55,1037.3
Kenneth Faried,Nuggets,2012-13,F,28.095416666666665,2247.633333333333
Kenneth Faried,Nuggets,2013-14,F,27.226041666666667,2178.0833333333335
Kenneth Faried,Nuggets,2014-15,C,28.826851851851853,518.8833333333333
Kenneth Faried,Nuggets,2014-15,F,27.492105263157892,1567.05
Kenneth Faried,Nuggets,2015-16,C,24.944444444444443,74.83333333333333
Kenneth Faried,Nuggets,2015-16,F,25.306770833333335,1619.6333333333334
Kenneth Faried,Nuggets,2016-17,C,17.875,35.75
Kenneth Faried,Nuggets,2016-17,F,21.3590395480226,1260.1833333333334
Kenneth Faried,Nuggets,2017-18,C,13.455555555555556,40.36666666666667
Kenneth Faried,Nuggets,2017-18,F,14.495977011494253,420.3833333333333
Kenneth Faried,Rockets,2018-19,C,25.420833333333334,508.4166666666667
Kenneth Faried,Rockets,2018-19,F,20.403333333333332,102.01666666666667
Kenneth Lofton Jr.,76ers,2023-24,C,4.408333333333333,8.816666666666666
Kenneth Lofton Jr.,Grizzlies,2022-23,C,7.33125,175.95
Kenneth Lofton Jr.,Grizzlies,2023-24,C,6.587777777777777,98.81666666666666
Kenneth Lofton Jr.,Jazz,2023-24,C,22.666666666666664,90.66666666666666
Kenrich Williams,Pelicans,2018-19,F,23.46159420289855,1079.2333333333333
Kenrich Williams,Pelicans,2019-20,F,21.33034188034188,831.8833333333333
Kenrich Williams,Thunder,2020-21,C,20.61212121212121,226.73333333333332
Kenrich Williams,Thunder,2020-21,F,21.84,982.8
Kenrich Williams,Thunder,2020-21,G,21.65833333333333,216.58333333333331
Kenrich Williams,Thunder,2021-22,C,20.26,303.90000000000003
Kenrich Williams,Thunder,2021-22,F,22.541666666666668,676.25
Kenrich Williams,Thunder,2021-22,G,23.05,92.2
Kenrich Williams,Thunder,2022-23,C,24.324358974358976,316.2166666666667
Kenrich Williams,Thunder,2022-23,F,22.490322580645163,697.2
Kenrich Williams,Thunder,2022-23,G,21.4,192.6
Kenrich Williams,Thunder,2023-24,C,16.298148148148147,293.3666666666667
Kenrich Williams,Thunder,2023-24,F,14.604065040650406,598.7666666666667
Kenrich Williams,Thunder,2023-24,G,13.686666666666667,136.86666666666667
Kent Bazemore,Hawks,2014-15,F,19.92345679012346,537.9333333333334
Kent Bazemore,Hawks,2014-15,G,16.366319444444446,785.5833333333334
Kent Bazemore,Hawks,2015-16,F,28.096376811594205,1938.65
Kent Bazemore,Hawks,2015-16,G,24.025000000000002,144.15
Kent Bazemore,Hawks,2016-17,F,25.987333333333332,649.6833333333333
Kent Bazemore,Hawks,2016-17,G,27.35729166666667,1313.15
Kent Bazemore,Hawks,2017-18,G,27.53,1789.45
Kent Bazemore,Hawks,2018-19,F,22.14761904761905,310.06666666666666
Kent Bazemore,Hawks,2018-19,G,25.157232704402514,1333.3333333333333
Kent Bazemore,Kings,2019-20,F,23.075333333333333,576.8833333333333
Kent Bazemore,Lakers,2013-14,F,27.75530303030303,610.6166666666667
Kent Bazemore,Lakers,2013-14,G,32.766666666666666,32.766666666666666
Kent Bazemore,Lakers,2021-22,F,12.988709677419354,402.65
Kent Bazemore,Lakers,2021-22,G,17.74375,141.95
Kent Bazemore,Trail Blazers,2019-20,F,25.834108527131786,1110.8666666666668
Kent Bazemore,Warriors,2012-13,F,4.583333333333333,41.25
Kent Bazemore,Warriors,2012-13,G,4.338782051282052,225.61666666666667
Kent Bazemore,Warriors,2013-14,F,9.966666666666667,39.86666666666667
Kent Bazemore,Warriors,2013-14,G,5.6987499999999995,227.95
Kent Bazemore,Warriors,2020-21,F,18.870833333333334,75.48333333333333
Kent Bazemore,Warriors,2020-21,G,19.96931216931217,1258.0666666666666
Kentavious Caldwell-Pope,Lakers,2017-18,F,26.788888888888888,80.36666666666666
Kentavious Caldwell-Pope,Lakers,2017-18,G,33.48661971830986,2377.55
Kentavious Caldwell-Pope,Lakers,2018-19,F,27.2,27.2
Kentavious Caldwell-Pope,Lakers,2018-19,G,24.78991769547325,2007.9833333333333
Kentavious Caldwell-Pope,Lakers,2019-20,F,22.225,88.9
Kentavious Caldwell-Pope,Lakers,2019-20,G,25.739487179487178,1673.0666666666666
Kentavious Caldwell-Pope,Lakers,2020-21,G,28.387810945273632,1901.9833333333333
Kentavious Caldwell-Pope,Nuggets,2022-23,G,31.331798245614035,2381.2166666666667
Kentavious Caldwell-Pope,Nuggets,2023-24,G,31.60219298245614,2401.7666666666664
Kentavious Caldwell-Pope,Pistons,2013-14,G,19.782083333333333,1582.5666666666666
Kentavious Caldwell-Pope,Pistons,2014-15,G,31.546951219512195,2586.85
Kentavious Caldwell-Pope,Pistons,2015-16,G,36.69385964912281,2788.733333333333
Kentavious Caldwell-Pope,Pistons,2016-17,G,33.26973684210526,2528.5
Kentavious Caldwell-Pope,Wizards,2021-22,F,30.111711711711713,2228.266666666667
Kentavious Caldwell-Pope,Wizards,2021-22,G,33.5,100.5
Kenyon Martin,Bucks,2014-15,F,9.460606060606061,104.06666666666666
Kenyon Martin,Clippers,2011-12,F,22.378174603174603,939.8833333333333
Kenyon Martin,Knicks,2012-13,C,26.296666666666663,262.96666666666664
Kenyon Martin,Knicks,2012-13,F,21.041666666666668,168.33333333333334
Kenyon Martin,Knicks,2013-14,C,13.037500000000001,52.150000000000006
Kenyon Martin,Knicks,2013-14,F,20.742261904761904,580.7833333333333
Kenyon Martin,Nuggets,2010-11,F,25.691319444444446,1233.1833333333334
Kenyon Martin Jr.,Rockets,2020-21,C,31.741666666666667,63.483333333333334
Kenyon Martin Jr.,Rockets,2020-21,F,23.3531007751938,1004.1833333333333
Kenyon Martin Jr.,Rockets,2021-22,C,15.008333333333333,30.016666666666666
Kenyon Martin Jr.,Rockets,2021-22,F,21.12121212121212,1626.3333333333333
Kenyon Martin Jr.,Rockets,2022-23,F,27.953252032520325,2292.1666666666665
Keon Ellis,Kings,2022-23,G,4.429166666666666,70.86666666666666
Keon Ellis,Kings,2023-24,G,17.166666666666668,978.5
Keon Johnson,Clippers,2021-22,G,8.974444444444446,134.61666666666667
Keon Johnson,Nets,2023-24,G,12.28,61.4
Keon Johnson,Trail Blazers,2021-22,G,25.528787878787877,561.6333333333333
Keon Johnson,Trail Blazers,2022-23,G,10.409166666666668,416.3666666666667
Kessler Edwards,Kings,2022-23,F,0.016666666666666666,0.016666666666666666
Kessler Edwards,Kings,2022-23,G,14.584920634920636,306.28333333333336
Kessler Edwards,Kings,2023-24,F,11.516666666666666,34.55
Kessler Edwards,Kings,2023-24,G,4.7101307189542485,240.21666666666667
Kessler Edwards,Nets,2021-22,F,20.56701388888889,987.2166666666667
Kessler Edwards,Nets,2022-23,F,5.679761904761905,79.51666666666667
Kevin Durant,Nets,2020-21,F,33.05047619047619,1156.7666666666667
Kevin Durant,Nets,2021-22,F,37.22545454545455,2047.4
Kevin Durant,Nets,2022-23,F,35.96196581196581,1402.5166666666667
Kevin Durant,Suns,2022-23,F,33.65208333333334,269.2166666666667
Kevin Durant,Suns,2023-24,F,37.208,2790.6
Kevin Durant,Thunder,2010-11,F,38.94423076923077,3037.65
Kevin Durant,Thunder,2011-12,F,38.5810606060606,2546.35
Kevin Durant,Thunder,2012-13,F,38.504526748971195,3118.866666666667
Kevin Durant,Thunder,2013-14,F,38.53971193415638,3121.7166666666667
Kevin Durant,Thunder,2014-15,F,33.80123456790123,912.6333333333333
Kevin Durant,Thunder,2015-16,F,35.80046296296296,2577.633333333333
Kevin Durant,Warriors,2016-17,F,33.39301075268818,2070.366666666667
Kevin Durant,Warriors,2017-18,F,34.192647058823525,2325.1
Kevin Durant,Warriors,2018-19,F,34.63504273504274,2701.5333333333333
Kevin Garnett,Celtics,2010-11,F,31.264319248826293,2219.766666666667
Kevin Garnett,Celtics,2011-12,C,31.523148148148145,1134.8333333333333
Kevin Garnett,Celtics,2011-12,F,30.389583333333334,729.35
Kevin Garnett,Celtics,2012-13,C,29.776344086021506,1846.1333333333334
Kevin Garnett,Celtics,2012-13,F,29.355555555555554,176.13333333333333
Kevin Garnett,Nets,2013-14,C,19.25,616.0
Kevin Garnett,Nets,2013-14,F,22.388636363636365,492.55
Kevin Garnett,Nets,2014-15,C,21.125,42.25
Kevin Garnett,Nets,2014-15,F,20.30125,812.05
Kevin Garnett,Timberwolves,2014-15,F,19.636666666666667,98.18333333333334
Kevin Garnett,Timberwolves,2015-16,F,14.62236842105263,555.65
Kevin Huerter,Hawks,2018-19,F,27.930833333333332,558.6166666666667
Kevin Huerter,Hawks,2018-19,G,27.08939393939394,1489.9166666666667
Kevin Huerter,Hawks,2019-20,F,31.816666666666663,63.633333333333326
Kevin Huerter,Hawks,2019-20,G,31.421913580246912,1696.7833333333333
Kevin Huerter,Hawks,2020-21,F,30.82456140350877,585.6666666666666
Kevin Huerter,Hawks,2020-21,G,30.806666666666665,1540.3333333333333
Kevin Huerter,Hawks,2021-22,F,28.402941176470588,482.84999999999997
Kevin Huerter,Hawks,2021-22,G,29.9233918128655,1705.6333333333334
Kevin Huerter,Kings,2022-23,F,34.166666666666664,34.166666666666664
Kevin Huerter,Kings,2022-23,G,29.305855855855853,2168.633333333333
Kevin Huerter,Kings,2023-24,F,27.02,135.1
Kevin Huerter,Kings,2023-24,G,24.188700564971754,1427.1333333333334
Kevin Knox II,Hawks,2021-22,F,6.559803921568627,111.51666666666667
Kevin Knox II,Knicks,2018-19,F,29.22060185185185,2103.883333333333
Kevin Knox II,Knicks,2018-19,G,18.016666666666666,54.05
Kevin Knox II,Knicks,2019-20,F,18.06723163841808,1065.9666666666667
Kevin Knox II,Knicks,2019-20,G,16.691666666666666,100.15
Kevin Knox II,Knicks,2020-21,F,10.511711711711712,388.93333333333334
Kevin Knox II,Knicks,2020-21,G,15.096666666666668,75.48333333333333
Kevin Knox II,Knicks,2021-22,F,8.535897435897436,110.96666666666667
Kevin Knox II,Pistons,2022-23,F,14.122222222222222,593.1333333333333
Kevin Knox II,Pistons,2023-24,F,18.072580645161292,560.25
Kevin Knox II,Trail Blazers,2022-23,F,17.075396825396826,358.5833333333333
Kevin Love,Cavaliers,2014-15,C,39.0,39.0
Kevin Love,Cavaliers,2014-15,F,33.68671171171171,2492.8166666666666
Kevin Love,Cavaliers,2015-16,C,16.3,16.3
Kevin Love,Cavaliers,2015-16,F,31.686184210526317,2408.15
Kevin Love,Cavaliers,2016-17,F,31.410555555555554,1884.6333333333332
Kevin Love,Cavaliers,2017-18,C,27.85763888888889,1337.1666666666667
Kevin Love,Cavaliers,2017-18,F,28.534848484848485,313.8833333333333
Kevin Love,Cavaliers,2018-19,C,19.008333333333333,38.016666666666666
Kevin Love,Cavaliers,2018-19,F,27.99583333333333,559.9166666666666
Kevin Love,Cavaliers,2019-20,C,34.608333333333334,69.21666666666667
Kevin Love,Cavaliers,2019-20,F,31.67993827160494,1710.7166666666667
Kevin Love,Cavaliers,2020-21,C,22.73,113.65
Kevin Love,Cavaliers,2020-21,F,25.425833333333333,508.51666666666665
Kevin Love,Cavaliers,2021-22,C,22.85909090909091,251.45
Kevin Love,Cavaliers,2021-22,F,22.435185185185187,1413.4166666666667
Kevin Love,Cavaliers,2022-23,C,15.00277777777778,90.01666666666668
Kevin Love,Cavaliers,2022-23,F,20.881904761904764,730.8666666666667
Kevin Love,Heat,2022-23,F,19.933333333333334,418.6
Kevin Love,Heat,2023-24,F,16.805454545454545,924.3
Kevin Love,Timberwolves,2010-11,C,40.983333333333334,40.983333333333334
Kevin Love,Timberwolves,2010-11,F,35.68888888888889,2569.6
Kevin Love,Timberwolves,2011-12,C,39.971428571428575,279.8
Kevin Love,Timberwolves,2011-12,F,38.86840277777778,1865.6833333333334
Kevin Love,Timberwolves,2012-13,F,34.33148148148148,617.9666666666667
Kevin Love,Timberwolves,2013-14,C,35.50555555555556,106.51666666666668
Kevin Love,Timberwolves,2013-14,F,36.351351351351354,2690.0
Kevin Martin,Rockets,2010-11,G,32.53208333333333,2602.5666666666666
Kevin Martin,Rockets,2011-12,G,31.589999999999996,1263.6
Kevin Martin,Spurs,2015-16,G,16.285416666666666,260.56666666666666
Kevin Martin,Thunder,2012-13,G,27.743506493506494,2136.25
Kevin Martin,Timberwolves,2013-14,G,32.01397058823529,2176.95
Kevin Martin,Timberwolves,2014-15,F,37.46666666666667,37.46666666666667
Kevin Martin,Timberwolves,2014-15,G,33.28947368421053,1265.0
Kevin Martin,Timberwolves,2015-16,G,21.395299145299145,834.4166666666666
Kevin Pangos,Cavaliers,2021-22,G,6.91736111111111,166.01666666666665
Kevin Porter Jr.,Cavaliers,2019-20,F,22.85659722222222,1097.1166666666666
Kevin Porter Jr.,Cavaliers,2019-20,G,32.3,64.6
Kevin Porter Jr.,Rockets,2020-21,G,32.13461538461539,835.5
Kevin Porter Jr.,Rockets,2021-22,G,31.26502732240437,1907.1666666666667
Kevin Porter Jr.,Rockets,2022-23,G,34.30310734463277,2023.8833333333334
Kevin Seraphin,Knicks,2015-16,F,10.967708333333334,526.45
Kevin Seraphin,Pacers,2016-17,F,11.414625850340137,559.3166666666667
Kevin Seraphin,Wizards,2010-11,C,10.516666666666667,494.28333333333336
Kevin Seraphin,Wizards,2010-11,F,12.757575757575758,140.33333333333334
Kevin Seraphin,Wizards,2011-12,C,21.68923611111111,1041.0833333333333
Kevin Seraphin,Wizards,2011-12,F,14.974074074074073,134.76666666666665
Kevin Seraphin,Wizards,2012-13,C,21.502864583333334,1376.1833333333334
Kevin Seraphin,Wizards,2012-13,F,22.98,344.7
Kevin Seraphin,Wizards,2013-14,C,10.02520325203252,411.03333333333336
Kevin Seraphin,Wizards,2013-14,F,13.950000000000001,167.4
Kevin Seraphin,Wizards,2014-15,C,15.070646766169155,1009.7333333333333
Kevin Seraphin,Wizards,2014-15,F,18.78611111111111,225.43333333333334
Kevon Looney,Warriors,2015-16,C,4.119999999999999,20.599999999999998
Kevon Looney,Warriors,2016-17,C,7.880333333333333,394.01666666666665
Kevon Looney,Warriors,2016-17,F,17.666666666666668,53.0
Kevon Looney,Warriors,2017-18,C,13.61058201058201,857.4666666666667
Kevon Looney,Warriors,2017-18,F,17.561111111111114,52.68333333333334
Kevon Looney,Warriors,2018-19,C,18.54789029535865,1465.2833333333333
Kevon Looney,Warriors,2018-19,F,16.083333333333332,16.083333333333332
Kevon Looney,Warriors,2019-20,C,13.129411764705882,223.2
Kevon Looney,Warriors,2019-20,F,12.805555555555555,38.416666666666664
Kevon Looney,Warriors,2020-21,C,19.027595628415302,1160.6833333333334
Kevon Looney,Warriors,2021-22,C,21.12662601626016,1732.3833333333332
Kevon Looney,Warriors,2022-23,C,23.8739837398374,1957.6666666666667
Kevon Looney,Warriors,2023-24,C,16.14144144144144,1194.4666666666667
Keyon Dooling,Bucks,2010-11,G,21.9575,1756.6
Keyon Dooling,Celtics,2011-12,G,14.381521739130434,661.55
Keyon Dooling,Grizzlies,2012-13,G,11.671428571428573,81.7
Keyonte George,Jazz,2023-24,G,26.967555555555556,2022.5666666666666
Khem Birch,Magic,2017-18,C,10.733333333333334,203.93333333333334
Khem Birch,Magic,2017-18,F,16.281884057971016,374.48333333333335
Khem Birch,Magic,2018-19,C,12.646428571428572,354.1
Khem Birch,Magic,2018-19,F,13.125757575757575,288.76666666666665
Khem Birch,Magic,2019-20,C,20.942028985507246,481.6666666666667
Khem Birch,Magic,2019-20,F,17.615333333333332,440.3833333333333
Khem Birch,Magic,2020-21,C,19.410185185185185,349.3833333333333
Khem Birch,Magic,2020-21,F,20.081666666666667,602.45
Khem Birch,Raptors,2020-21,C,30.389473684210525,577.4
Khem Birch,Raptors,2021-22,C,18.352830188679246,972.7
Khem Birch,Raptors,2021-22,F,9.241666666666667,18.483333333333334
Khem Birch,Raptors,2022-23,C,8.0925,161.85
Khris Middleton,Bucks,2013-14,F,30.410173160173162,2341.5833333333335
Khris Middleton,Bucks,2013-14,G,23.77,118.85
Khris Middleton,Bucks,2014-15,F,23.427272727272726,515.4
Khris Middleton,Bucks,2014-15,G,32.67982456140351,1862.75
Khris Middleton,Bucks,2015-16,F,35.02407407407408,315.2166666666667
Khris Middleton,Bucks,2015-16,G,36.239761904761906,2536.7833333333333
Khris Middleton,Bucks,2016-17,F,31.110714285714288,871.1
Khris Middleton,Bucks,2016-17,G,17.95,17.95
Khris Middleton,Bucks,2017-18,F,36.36565040650406,2981.983333333333
Khris Middleton,Bucks,2018-19,F,30.960222222222217,2322.0166666666664
Khris Middleton,Bucks,2018-19,G,35.66666666666667,71.33333333333334
Khris Middleton,Bucks,2019-20,F,30.098055555555558,1805.8833333333334
Khris Middleton,Bucks,2019-20,G,23.391666666666666,46.78333333333333
Khris Middleton,Bucks,2020-21,F,33.27985074626866,2229.75
Khris Middleton,Bucks,2020-21,G,38.86666666666667,38.86666666666667
Khris Middleton,Bucks,2021-22,F,32.444191919191915,2141.3166666666666
Khris Middleton,Bucks,2022-23,F,24.79247311827957,768.5666666666667
Khris Middleton,Bucks,2022-23,G,16.108333333333334,32.21666666666667
Khris Middleton,Bucks,2023-24,F,27.04151515151515,1487.2833333333333
Khris Middleton,Pistons,2012-13,G,17.608024691358025,475.4166666666667
Khyri Thomas,Pistons,2018-19,G,7.517948717948718,195.46666666666667
Khyri Thomas,Pistons,2019-20,G,7.65,61.2
Khyri Thomas,Rockets,2020-21,G,30.586666666666666,152.93333333333334
Killian Hayes,Pistons,2020-21,G,25.777564102564103,670.2166666666667
Killian Hayes,Pistons,2021-22,G,24.954545454545453,1647.0
Killian Hayes,Pistons,2022-23,G,28.337061403508773,2153.616666666667
Killian Hayes,Pistons,2023-24,F,32.78333333333333,32.78333333333333
Killian Hayes,Pistons,2023-24,G,23.778861788617885,974.9333333333333
Killian Tillie,Grizzlies,2020-21,F,10.098148148148148,181.76666666666665
Killian Tillie,Grizzlies,2021-22,F,12.794907407407408,460.6166666666667
Kirk Hinrich,Bulls,2012-13,G,29.40611111111111,1764.3666666666666
Kirk Hinrich,Bulls,2013-14,G,28.992237442922374,2116.4333333333334
Kirk Hinrich,Bulls,2014-15,G,24.39368686868687,1609.9833333333333
Kirk Hinrich,Bulls,2015-16,G,15.858571428571427,555.05
Kirk Hinrich,Hawks,2010-11,G,28.58888888888889,686.1333333333333
Kirk Hinrich,Hawks,2011-12,G,25.764930555555555,1236.7166666666667
Kirk Hinrich,Hawks,2015-16,G,6.906060606060606,75.96666666666667
Kirk Hinrich,Wizards,2010-11,F,25.222222222222225,75.66666666666667
Kirk Hinrich,Wizards,2010-11,G,30.99777777777778,1394.9
Klay Thompson,Warriors,2011-12,F,19.4,19.4
Klay Thompson,Warriors,2011-12,G,24.436153846153843,1588.35
Klay Thompson,Warriors,2012-13,G,35.80467479674797,2935.983333333333
Klay Thompson,Warriors,2013-14,G,35.40493827160494,2867.8
Klay Thompson,Warriors,2014-15,G,31.87813852813853,2454.616666666667
Klay Thompson,Warriors,2015-16,G,33.33020833333333,2666.4166666666665
Klay Thompson,Warriors,2016-17,G,33.96260683760684,2649.0833333333335
Klay Thompson,Warriors,2017-18,G,34.30456621004566,2504.233333333333
Klay Thompson,Warriors,2018-19,G,34.004273504273506,2652.3333333333335
Klay Thompson,Warriors,2021-22,F,20.566666666666666,20.566666666666666
Klay Thompson,Warriors,2021-22,G,29.687096774193552,920.3000000000001
Klay Thompson,Warriors,2022-23,F,34.40925925925926,309.68333333333334
Klay Thompson,Warriors,2022-23,G,32.82055555555556,1969.2333333333333
Klay Thompson,Warriors,2023-24,F,30.576666666666664,611.5333333333333
Klay Thompson,Warriors,2023-24,G,29.344736842105263,1672.65
Kobe Bryant,Lakers,2010-11,G,33.88638211382114,2778.6833333333334
Kobe Bryant,Lakers,2011-12,G,38.48649425287356,2232.2166666666667
Kobe Bryant,Lakers,2012-13,F,41.63888888888889,499.6666666666667
Kobe Bryant,Lakers,2012-13,G,38.07449494949495,2512.9166666666665
Kobe Bryant,Lakers,2013-14,G,29.54722222222222,177.28333333333333
Kobe Bryant,Lakers,2014-15,F,27.783333333333335,27.783333333333335
Kobe Bryant,Lakers,2014-15,G,34.67892156862745,1179.0833333333333
Kobe Bryant,Lakers,2015-16,F,28.280512820512822,1838.2333333333333
Kobe Bryant,Lakers,2015-16,G,25.083333333333332,25.083333333333332
Kobi Simmons,Cavaliers,2018-19,G,1.8,1.8
Kobi Simmons,Grizzlies,2017-18,G,20.096354166666668,643.0833333333334
Kobi Simmons,Hornets,2022-23,G,5.553333333333333,27.766666666666666
Kobi Simmons,Raptors,2023-24,G,16.858333333333334,67.43333333333334
Kosta Koufos,Grizzlies,2013-14,C,17.20865800865801,1325.0666666666666
Kosta Koufos,Grizzlies,2013-14,F,8.116666666666667,24.35
Kosta Koufos,Grizzlies,2014-15,C,16.31981981981982,1207.6666666666667
Kosta Koufos,Grizzlies,2014-15,F,20.09047619047619,140.63333333333333
Kosta Koufos,Kings,2015-16,C,18.65251141552511,1361.6333333333332
Kosta Koufos,Kings,2015-16,F,24.156666666666666,120.78333333333333
Kosta Koufos,Kings,2016-17,C,19.81388888888889,1307.7166666666667
Kosta Koufos,Kings,2016-17,F,22.336666666666666,111.68333333333334
Kosta Koufos,Kings,2017-18,C,19.53358208955224,1308.75
Kosta Koufos,Kings,2017-18,F,20.583333333333332,82.33333333333333
Kosta Koufos,Kings,2018-19,C,11.847560975609756,485.75
Kosta Koufos,Kings,2018-19,F,15.816666666666666,15.816666666666666
Kosta Koufos,Nuggets,2010-11,C,6.875925925925926,61.88333333333333
Kosta Koufos,Nuggets,2010-11,F,18.041666666666668,36.083333333333336
Kosta Koufos,Nuggets,2011-12,C,16.676984126984127,700.4333333333333
Kosta Koufos,Nuggets,2011-12,F,15.180555555555557,91.08333333333334
Kosta Koufos,Nuggets,2012-13,C,22.433333333333334,1817.1
Kosta Koufos,Timberwolves,2010-11,C,8.607264957264958,335.68333333333334
Kostas Papanikolaou,Nuggets,2015-16,F,11.308333333333334,294.01666666666665
Kostas Papanikolaou,Rockets,2014-15,F,18.498837209302323,795.4499999999999
Kris Dunn,Bulls,2017-18,F,28.37222222222222,85.11666666666666
Kris Dunn,Bulls,2017-18,G,29.381972789115647,1439.7166666666667
Kris Dunn,Bulls,2018-19,F,25.833333333333332,25.833333333333332
Kris Dunn,Bulls,2018-19,G,30.3,1363.5
Kris Dunn,Bulls,2019-20,F,26.4640350877193,1005.6333333333333
Kris Dunn,Bulls,2019-20,G,20.233333333333334,263.03333333333336
Kris Dunn,Hawks,2020-21,F,11.354166666666666,45.416666666666664
Kris Dunn,Jazz,2022-23,G,25.796969696969697,567.5333333333333
Kris Dunn,Jazz,2023-24,G,18.92676767676768,1249.1666666666667
Kris Dunn,Timberwolves,2016-17,G,17.08974358974359,1333.0
Kris Dunn,Trail Blazers,2021-22,G,24.025000000000002,336.35
Kris Humphries,Celtics,2013-14,C,19.921078431372546,1354.6333333333332
Kris Humphries,Celtics,2013-14,F,21.183333333333334,21.183333333333334
Kris Humphries,Hawks,2015-16,C,14.245238095238095,199.43333333333334
Kris Humphries,Hawks,2015-16,F,13.657142857142857,95.6
Kris Humphries,Hawks,2016-17,C,12.242857142857144,342.8
Kris Humphries,Hawks,2016-17,F,12.351785714285715,345.85
Kris Humphries,Nets,2010-11,F,27.8490990990991,2060.8333333333335
Kris Humphries,Nets,2011-12,F,34.86801075268817,2161.8166666666666
Kris Humphries,Nets,2012-13,F,18.325641025641026,1191.1666666666667
Kris Humphries,Suns,2015-16,F,18.558333333333334,74.23333333333333
Kris Humphries,Wizards,2014-15,F,21.015104166666667,1344.9666666666667
Kris Humphries,Wizards,2015-16,F,16.625595238095237,465.51666666666665
Kris Murray,Trail Blazers,2023-24,F,20.738364779874217,1099.1333333333334
Kris Murray,Trail Blazers,2023-24,G,27.685185185185183,249.16666666666666
Kristaps Porzingis,Celtics,2023-24,C,29.794642857142858,1668.5
Kristaps Porzingis,Celtics,2023-24,F,21.483333333333334,21.483333333333334
Kristaps Porzingis,Knicks,2015-16,F,28.424074074074074,2046.5333333333333
Kristaps Porzingis,Knicks,2016-17,C,32.46458333333333,259.71666666666664
Kristaps Porzingis,Knicks,2016-17,F,32.839080459770116,1904.6666666666667
Kristaps Porzingis,Knicks,2017-18,C,27.233333333333334,27.233333333333334
Kristaps Porzingis,Knicks,2017-18,F,32.46666666666667,1525.9333333333334
Kristaps Porzingis,Mavericks,2019-20,C,31.39761904761905,659.35
Kristaps Porzingis,Mavericks,2019-20,F,32.06805555555556,1154.45
Kristaps Porzingis,Mavericks,2020-21,C,31.680729166666666,1013.7833333333333
Kristaps Porzingis,Mavericks,2020-21,F,28.433333333333334,312.76666666666665
Kristaps Porzingis,Mavericks,2021-22,C,26.322916666666668,210.58333333333334
Kristaps Porzingis,Mavericks,2021-22,F,30.42820512820513,791.1333333333333
Kristaps Porzingis,Wizards,2021-22,C,28.169607843137253,478.8833333333333
Kristaps Porzingis,Wizards,2022-23,C,33.01285714285714,1155.45
Kristaps Porzingis,Wizards,2022-23,F,32.135555555555555,964.0666666666667
Kurt Thomas,Bulls,2010-11,C,22.668000000000003,1133.4
Kurt Thomas,Bulls,2010-11,F,22.383333333333333,44.766666666666666
Kurt Thomas,Knicks,2012-13,C,16.727777777777778,50.18333333333334
Kurt Thomas,Knicks,2012-13,F,9.507407407407406,342.26666666666665
Kurt Thomas,Trail Blazers,2011-12,C,15.325000000000001,429.1
Kurt Thomas,Trail Blazers,2011-12,F,14.937999999999999,373.45
Kwame Brown,76ers,2012-13,C,12.248484848484848,269.46666666666664
Kwame Brown,Bobcats,2010-11,C,25.973232323232324,1714.2333333333333
Kwame Brown,Warriors,2011-12,C,20.775925925925925,186.98333333333332
Ky Bowman,Warriors,2019-20,G,22.56037037037037,1015.2166666666667
Kyle Anderson,Grizzlies,2018-19,F,29.803100775193798,1281.5333333333333
Kyle Anderson,Grizzlies,2019-20,F,19.849004975124377,1329.8833333333332
Kyle Anderson,Grizzlies,2020-21,F,27.353140096618358,1887.3666666666668
Kyle Anderson,Grizzlies,2021-22,F,21.5024154589372,1483.6666666666667
Kyle Anderson,Spurs,2014-15,F,11.152083333333334,356.8666666666667
Kyle Anderson,Spurs,2014-15,G,1.2,1.2
Kyle Anderson,Spurs,2015-16,C,19.377777777777776,58.13333333333333
Kyle Anderson,Spurs,2015-16,F,15.712328767123287,1147.0
Kyle Anderson,Spurs,2015-16,G,19.96666666666667,39.93333333333334
Kyle Anderson,Spurs,2016-17,F,12.976881720430107,804.5666666666666
Kyle Anderson,Spurs,2016-17,G,21.561666666666667,215.61666666666667
Kyle Anderson,Spurs,2017-18,F,26.735135135135135,1978.4
Kyle Anderson,Timberwolves,2022-23,C,24.116666666666667,24.116666666666667
Kyle Anderson,Timberwolves,2022-23,F,28.30771144278607,1896.6166666666666
Kyle Anderson,Timberwolves,2022-23,G,35.85,35.85
Kyle Anderson,Timberwolves,2023-24,C,20.825000000000003,41.650000000000006
Kyle Anderson,Timberwolves,2023-24,F,22.600649350649352,1740.25
Kyle Collinsworth,Mavericks,2017-18,G,14.986458333333333,479.56666666666666
Kyle Korver,Bucks,2019-20,F,16.551724137931036,960.0
Kyle Korver,Bulls,2010-11,F,20.16708333333333,806.6833333333333
Kyle Korver,Bulls,2010-11,G,20.05873015873016,842.4666666666667
Kyle Korver,Bulls,2011-12,F,22.16197916666667,709.1833333333334
Kyle Korver,Bulls,2011-12,G,23.038888888888888,760.2833333333333
Kyle Korver,Cavaliers,2016-17,F,26.316666666666666,52.63333333333333
Kyle Korver,Cavaliers,2016-17,G,24.425252525252525,806.0333333333333
Kyle Korver,Cavaliers,2017-18,F,17.729999999999997,88.64999999999999
Kyle Korver,Cavaliers,2017-18,G,21.84166666666667,1485.2333333333333
Kyle Korver,Cavaliers,2018-19,F,18.966666666666665,18.966666666666665
Kyle Korver,Cavaliers,2018-19,G,15.486666666666668,232.3
Kyle Korver,Hawks,2012-13,F,29.821052631578947,1133.2
Kyle Korver,Hawks,2012-13,G,31.264351851851853,1125.5166666666667
Kyle Korver,Hawks,2013-14,F,30.933333333333334,216.53333333333333
Kyle Korver,Hawks,2013-14,G,34.24921875,2191.95
Kyle Korver,Hawks,2014-15,F,13.55,13.55
Kyle Korver,Hawks,2014-15,G,32.490315315315314,2404.2833333333333
Kyle Korver,Hawks,2015-16,F,30.916666666666664,61.83333333333333
Kyle Korver,Hawks,2015-16,G,29.98611111111111,2338.9166666666665
Kyle Korver,Hawks,2016-17,F,28.116666666666664,84.35
Kyle Korver,Hawks,2016-17,G,27.933908045977013,810.0833333333334
Kyle Korver,Jazz,2018-19,F,20.04876543209877,1082.6333333333334
Kyle Kuzma,Lakers,2017-18,F,31.18095238095238,2400.9333333333334
Kyle Kuzma,Lakers,2018-19,C,34.56111111111111,103.68333333333334
Kyle Kuzma,Lakers,2018-19,F,32.984328358208955,2209.95
Kyle Kuzma,Lakers,2019-20,F,24.859604519774013,1466.7166666666667
Kyle Kuzma,Lakers,2019-20,G,29.741666666666667,59.483333333333334
Kyle Kuzma,Lakers,2020-21,F,28.858201058201058,1818.0666666666666
Kyle Kuzma,Lakers,2020-21,G,27.24,136.2
Kyle Kuzma,Wizards,2021-22,F,33.39772727272727,2204.25
Kyle Kuzma,Wizards,2022-23,F,34.98203125,2238.85
Kyle Kuzma,Wizards,2023-24,C,33.43888888888889,200.63333333333333
Kyle Kuzma,Wizards,2023-24,F,32.50833333333333,2080.5333333333333
Kyle Lowry,76ers,2023-24,G,28.378985507246377,652.7166666666667
Kyle Lowry,Heat,2021-22,G,33.85978835978836,2133.1666666666665
Kyle Lowry,Heat,2022-23,G,31.23151515151515,1717.7333333333333
Kyle Lowry,Heat,2023-24,G,28.029279279279276,1037.0833333333333
Kyle Lowry,Raptors,2012-13,G,29.708823529411767,2020.2
Kyle Lowry,Raptors,2013-14,G,36.22700421940928,2861.9333333333334
Kyle Lowry,Raptors,2014-15,G,34.49142857142857,2414.4
Kyle Lowry,Raptors,2015-16,G,37.02813852813853,2851.1666666666665
Kyle Lowry,Raptors,2016-17,G,37.400555555555556,2244.0333333333333
Kyle Lowry,Raptors,2017-18,G,32.174786324786325,2509.633333333333
Kyle Lowry,Raptors,2018-19,G,34.050769230769234,2213.3
Kyle Lowry,Raptors,2019-20,G,36.17816091954023,2098.3333333333335
Kyle Lowry,Raptors,2020-21,G,34.815579710144924,1601.5166666666667
Kyle Lowry,Rockets,2010-11,G,34.17622222222222,2563.2166666666667
Kyle Lowry,Rockets,2011-12,G,32.12730496453901,1509.9833333333333
Kyle O'Quinn,76ers,2019-20,C,10.780459770114943,312.6333333333333
Kyle O'Quinn,Knicks,2015-16,C,11.240517241379312,651.95
Kyle O'Quinn,Knicks,2015-16,F,16.05,112.35
Kyle O'Quinn,Knicks,2016-17,C,15.45810810810811,1143.9
Kyle O'Quinn,Knicks,2016-17,F,17.056666666666665,85.28333333333333
Kyle O'Quinn,Knicks,2017-18,C,18.30892018779343,1299.9333333333334
Kyle O'Quinn,Knicks,2017-18,F,14.450000000000001,86.7
Kyle O'Quinn,Magic,2012-13,C,12.337878787878788,271.43333333333334
Kyle O'Quinn,Magic,2012-13,F,10.469999999999999,366.45
Kyle O'Quinn,Magic,2013-14,C,16.860416666666666,269.76666666666665
Kyle O'Quinn,Magic,2013-14,F,17.326100628930817,918.2833333333333
Kyle O'Quinn,Magic,2014-15,C,18.78030303030303,206.58333333333334
Kyle O'Quinn,Magic,2014-15,F,15.432916666666667,617.3166666666667
Kyle O'Quinn,Pacers,2018-19,C,8.238888888888889,370.75
Kyle Singler,Pistons,2012-13,F,27.568333333333335,1102.7333333333333
Kyle Singler,Pistons,2012-13,G,28.33888888888889,1190.2333333333333
Kyle Singler,Pistons,2013-14,F,25.091666666666665,802.9333333333333
Kyle Singler,Pistons,2013-14,G,30.69,1534.5
Kyle Singler,Pistons,2014-15,F,23.9536231884058,1101.8666666666668
Kyle Singler,Pistons,2014-15,G,23.18125,185.45
Kyle Singler,Thunder,2014-15,F,17.550641025641024,456.31666666666666
Kyle Singler,Thunder,2015-16,F,14.369607843137254,977.1333333333333
Kyle Singler,Thunder,2016-17,F,12.0390625,385.25
Kyle Singler,Thunder,2017-18,F,4.902777777777778,58.833333333333336
Kyrie Irving,Cavaliers,2011-12,G,30.546078431372546,1557.85
Kyrie Irving,Cavaliers,2012-13,G,34.70960451977401,2047.8666666666666
Kyrie Irving,Cavaliers,2013-14,G,35.15070422535211,2495.7
Kyrie Irving,Cavaliers,2014-15,G,36.39866666666667,2729.9
Kyrie Irving,Cavaliers,2015-16,G,31.460062893081762,1667.3833333333334
Kyrie Irving,Cavaliers,2016-17,G,35.06435185185185,2524.633333333333
Kyrie Irving,Celtics,2017-18,G,32.19138888888889,1931.4833333333333
Kyrie Irving,Celtics,2018-19,G,33.04328358208955,2213.9
Kyrie Irving,Mavericks,2022-23,G,38.130833333333335,762.6166666666667
Kyrie Irving,Mavericks,2023-24,G,34.9933908045977,2029.6166666666666
Kyrie Irving,Nets,2019-20,G,32.89833333333333,657.9666666666667
Kyrie Irving,Nets,2020-21,G,34.930864197530866,1886.2666666666667
Kyrie Irving,Nets,2021-22,G,37.63908045977011,1091.5333333333333
Kyrie Irving,Nets,2022-23,G,36.94916666666667,1477.9666666666667
Kyrylo Fesenko,Jazz,2010-11,C,8.603144654088052,455.9666666666667
Kyrylo Fesenko,Pacers,2011-12,C,5.661111111111111,16.983333333333334
LaMarcus Aldridge,Nets,2020-21,C,26.04666666666667,130.23333333333335
LaMarcus Aldridge,Nets,2021-22,C,22.34255319148936,1050.1
LaMarcus Aldridge,Spurs,2015-16,C,31.155555555555555,93.46666666666667
LaMarcus Aldridge,Spurs,2015-16,F,30.52746478873239,2167.45
LaMarcus Aldridge,Spurs,2016-17,F,32.43101851851852,2335.0333333333333
LaMarcus Aldridge,Spurs,2017-18,C,32.275,387.3
LaMarcus Aldridge,Spurs,2017-18,F,33.67169312169312,2121.3166666666666
LaMarcus Aldridge,Spurs,2018-19,C,32.14056603773585,1703.45
LaMarcus Aldridge,Spurs,2018-19,F,35.11488095238095,983.2166666666667
LaMarcus Aldridge,Spurs,2019-20,C,37.53333333333333,75.06666666666666
LaMarcus Aldridge,Spurs,2019-20,F,32.91895424836601,1678.8666666666666
LaMarcus Aldridge,Spurs,2020-21,C,26.62280701754386,505.8333333333333
LaMarcus Aldridge,Spurs,2020-21,F,19.15833333333333,38.31666666666666
LaMarcus Aldridge,Trail Blazers,2010-11,C,39.65277777777778,475.8333333333333
LaMarcus Aldridge,Trail Blazers,2010-11,F,39.64685990338164,2735.633333333333
LaMarcus Aldridge,Trail Blazers,2011-12,C,37.21666666666667,37.21666666666667
LaMarcus Aldridge,Trail Blazers,2011-12,F,36.24444444444445,1957.2
LaMarcus Aldridge,Trail Blazers,2012-13,C,40.875,81.75
LaMarcus Aldridge,Trail Blazers,2012-13,F,37.614583333333336,2708.25
LaMarcus Aldridge,Trail Blazers,2013-14,F,36.216183574879224,2498.9166666666665
LaMarcus Aldridge,Trail Blazers,2014-15,F,35.37511737089202,2511.633333333333
LaMelo Ball,Hornets,2020-21,G,28.796732026143793,1468.6333333333334
LaMelo Ball,Hornets,2021-22,G,32.294666666666664,2422.1
LaMelo Ball,Hornets,2022-23,G,35.21527777777778,1267.75
LaMelo Ball,Hornets,2023-24,G,32.33409090909091,711.35
Lamar Odom,Clippers,2012-13,F,19.70731707317073,1616.0
Lamar Odom,Lakers,2010-11,F,32.17906504065041,2638.6833333333334
Lamar Odom,Mavericks,2011-12,F,20.540666666666667,1027.0333333333333
Lamar Stevens,Cavaliers,2020-21,C,11.616666666666667,11.616666666666667
Lamar Stevens,Cavaliers,2020-21,F,13.433333333333334,416.43333333333334
Lamar Stevens,Cavaliers,2020-21,G,8.841666666666667,70.73333333333333
Lamar Stevens,Cavaliers,2021-22,C,22.358333333333334,44.71666666666667
Lamar Stevens,Cavaliers,2021-22,F,14.824305555555554,711.5666666666666
Lamar Stevens,Cavaliers,2021-22,G,19.892307692307693,258.6
Lamar Stevens,Cavaliers,2022-23,C,14.316666666666666,28.633333333333333
Lamar Stevens,Cavaliers,2022-23,F,18.669999999999998,1026.85
Lamar Stevens,Cavaliers,2022-23,G,13.003333333333334,65.01666666666667
Lamar Stevens,Celtics,2023-24,C,6.4149122807017545,121.88333333333334
Lamar Stevens,Grizzlies,2023-24,C,19.045833333333334,76.18333333333334
Lamar Stevens,Grizzlies,2023-24,F,24.064444444444444,360.96666666666664
Lance Stephenson,Clippers,2015-16,F,16.36239316239316,638.1333333333333
Lance Stephenson,Clippers,2015-16,G,10.554166666666667,42.21666666666667
Lance Stephenson,Grizzlies,2015-16,F,25.519166666666667,510.3833333333333
Lance Stephenson,Grizzlies,2015-16,G,30.266666666666666,181.6
Lance Stephenson,Hawks,2021-22,F,11.583333333333334,69.5
Lance Stephenson,Hornets,2014-15,F,25.19074074074074,226.71666666666667
Lance Stephenson,Hornets,2014-15,G,25.89455128205128,1346.5166666666667
Lance Stephenson,Lakers,2018-19,F,16.511029411764707,1122.75
Lance Stephenson,Pacers,2010-11,G,9.558333333333332,114.69999999999999
Lance Stephenson,Pacers,2011-12,G,10.521825396825397,441.9166666666667
Lance Stephenson,Pacers,2012-13,G,29.206623931623934,2278.116666666667
Lance Stephenson,Pacers,2013-14,G,35.28311965811966,2752.0833333333335
Lance Stephenson,Pacers,2016-17,G,21.96666666666667,131.8
Lance Stephenson,Pacers,2017-18,G,22.56178861788618,1850.0666666666666
Lance Stephenson,Pacers,2021-22,G,18.611666666666668,744.4666666666667
Lance Stephenson,Pelicans,2016-17,G,27.072222222222223,162.43333333333334
Lance Stephenson,Timberwolves,2016-17,G,11.230555555555556,67.38333333333334
Lance Thomas,Hornets,2011-12,F,14.988095238095237,629.5
Lance Thomas,Hornets,2012-13,F,10.952259887005651,646.1833333333334
Lance Thomas,Knicks,2014-15,F,26.00541666666667,1040.2166666666667
Lance Thomas,Knicks,2015-16,F,22.26129943502825,1313.4166666666667
Lance Thomas,Knicks,2016-17,F,21.03623188405797,967.6666666666666
Lance Thomas,Knicks,2017-18,F,18.535159817351598,1353.0666666666666
Lance Thomas,Knicks,2018-19,F,17.02934782608696,783.35
Lance Thomas,Nets,2019-20,C,14.633333333333333,14.633333333333333
Lance Thomas,Nets,2019-20,F,13.855555555555554,83.13333333333333
Lance Thomas,Pelicans,2013-14,F,8.446666666666667,42.233333333333334
Lance Thomas,Thunder,2014-15,F,19.884126984126983,417.56666666666666
Lance Thomas,Thunder,2014-15,G,32.88333333333333,32.88333333333333
Landry Fields,Knicks,2010-11,F,32.7,32.7
Landry Fields,Knicks,2010-11,G,30.97119341563786,2508.6666666666665
Landry Fields,Knicks,2011-12,F,27.019444444444446,486.35
Landry Fields,Knicks,2011-12,G,29.320138888888888,1407.3666666666666
Landry Fields,Raptors,2012-13,F,20.93740740740741,942.1833333333334
Landry Fields,Raptors,2012-13,G,15.75,94.5
Landry Fields,Raptors,2013-14,F,10.802873563218391,313.28333333333336
Landry Fields,Raptors,2013-14,G,8.916666666666666,8.916666666666666
Landry Fields,Raptors,2014-15,F,4.613888888888889,83.05
Landry Fields,Raptors,2014-15,G,16.677083333333332,133.41666666666666
Landry Shamet,76ers,2018-19,F,19.287179487179486,250.73333333333332
Landry Shamet,76ers,2018-19,G,20.910569105691057,857.3333333333334
Landry Shamet,Clippers,2018-19,F,27.002083333333335,432.03333333333336
Landry Shamet,Clippers,2018-19,G,29.08888888888889,261.8
Landry Shamet,Clippers,2019-20,F,24.4140350877193,463.8666666666667
Landry Shamet,Clippers,2019-20,G,29.062254901960785,988.1166666666667
Landry Shamet,Nets,2020-21,G,22.99398907103825,1402.6333333333332
Landry Shamet,Suns,2021-22,G,20.831159420289854,1437.35
Landry Shamet,Suns,2022-23,G,20.173750000000002,806.95
Landry Shamet,Wizards,2023-24,G,15.793478260869565,726.5
Langston Galloway,Bucks,2021-22,G,16.166666666666668,48.5
Langston Galloway,Kings,2016-17,G,19.723684210526315,374.75
Langston Galloway,Knicks,2014-15,G,32.38703703703704,1457.4166666666667
Langston Galloway,Knicks,2015-16,G,24.796138211382114,2033.2833333333333
Langston Galloway,Nets,2021-22,G,14.55,58.2
Langston Galloway,Pelicans,2016-17,G,20.35818181818182,1119.7
Langston Galloway,Pistons,2017-18,F,14.149583333333334,565.9833333333333
Langston Galloway,Pistons,2017-18,G,16.52592592592593,297.4666666666667
Langston Galloway,Pistons,2018-19,F,22.34673202614379,1139.6833333333334
Langston Galloway,Pistons,2018-19,G,20.88103448275862,605.55
Langston Galloway,Pistons,2019-20,F,26.692460317460316,1121.0833333333333
Langston Galloway,Pistons,2019-20,G,24.21597222222222,581.1833333333333
Langston Galloway,Suns,2020-21,G,10.941666666666666,437.6666666666667
Larry Drew II,76ers,2014-15,G,18.258333333333333,219.1
Larry Drew II,76ers,2017-18,G,4.861111111111112,14.583333333333334
Larry Drew II,Pelicans,2017-18,G,7.923809523809524,55.46666666666667
Larry Nance Jr.,Cavaliers,2017-18,C,23.056666666666665,230.56666666666666
Larry Nance Jr.,Cavaliers,2017-18,F,19.15952380952381,268.23333333333335
Larry Nance Jr.,Cavaliers,2018-19,C,26.607499999999998,532.15
Larry Nance Jr.,Cavaliers,2018-19,F,26.878723404255318,1263.3
Larry Nance Jr.,Cavaliers,2019-20,C,29.11060606060606,320.21666666666664
Larry Nance Jr.,Cavaliers,2019-20,F,25.59851851851852,1151.9333333333334
Larry Nance Jr.,Cavaliers,2020-21,C,27.558333333333334,110.23333333333333
Larry Nance Jr.,Cavaliers,2020-21,F,31.653225806451612,981.25
Larry Nance Jr.,Lakers,2015-16,C,20.166666666666668,40.333333333333336
Larry Nance Jr.,Lakers,2015-16,F,20.088524590163935,1225.4
Larry Nance Jr.,Lakers,2016-17,C,28.133333333333336,281.33333333333337
Larry Nance Jr.,Lakers,2016-17,F,21.895911949685534,1160.4833333333333
Larry Nance Jr.,Lakers,2017-18,C,18.170833333333334,72.68333333333334
Larry Nance Jr.,Lakers,2017-18,F,22.34385964912281,849.0666666666667
Larry Nance Jr.,Pelicans,2021-22,C,24.105555555555554,72.31666666666666
Larry Nance Jr.,Pelicans,2021-22,F,18.205555555555552,109.23333333333332
Larry Nance Jr.,Pelicans,2022-23,C,20.792380952380952,727.7333333333333
Larry Nance Jr.,Pelicans,2022-23,F,21.77111111111111,653.1333333333333
Larry Nance Jr.,Pelicans,2023-24,C,19.645652173913042,451.84999999999997
Larry Nance Jr.,Pelicans,2023-24,F,20.114473684210527,764.35
Larry Nance Jr.,Trail Blazers,2021-22,C,22.961111111111112,413.3
Larry Nance Jr.,Trail Blazers,2021-22,F,23.431578947368422,445.2
Larry Sanders,Bucks,2010-11,C,14.104166666666666,733.4166666666666
Larry Sanders,Bucks,2010-11,F,17.34166666666667,138.73333333333335
Larry Sanders,Bucks,2011-12,C,12.144565217391303,558.65
Larry Sanders,Bucks,2011-12,F,13.997222222222222,83.98333333333333
Larry Sanders,Bucks,2012-13,C,27.30563725490196,1856.7833333333333
Larry Sanders,Bucks,2012-13,F,26.894444444444446,80.68333333333334
Larry Sanders,Bucks,2013-14,C,25.41014492753623,584.4333333333333
Larry Sanders,Bucks,2014-15,C,21.688271604938272,585.5833333333334
Larry Sanders,Cavaliers,2016-17,C,2.54,12.7
Lauri Markkanen,Bulls,2017-18,F,29.70686274509804,2020.0666666666666
Lauri Markkanen,Bulls,2018-19,F,32.34871794871795,1682.1333333333334
Lauri Markkanen,Bulls,2019-20,C,29.333333333333332,29.333333333333332
Lauri Markkanen,Bulls,2019-20,F,29.84251700680272,1462.2833333333333
Lauri Markkanen,Bulls,2020-21,F,25.832026143790852,1317.4333333333334
Lauri Markkanen,Cavaliers,2021-22,F,30.779781420765026,1877.5666666666666
Lauri Markkanen,Jazz,2022-23,F,34.43156565656565,2272.483333333333
Lauri Markkanen,Jazz,2023-24,C,34.56666666666666,103.69999999999999
Lauri Markkanen,Jazz,2023-24,F,33.00096153846154,1716.05
Lavoy Allen,76ers,2011-12,C,14.869270833333333,475.81666666666666
Lavoy Allen,76ers,2011-12,F,16.477777777777778,148.3
Lavoy Allen,76ers,2012-13,C,20.912820512820513,1359.3333333333333
Lavoy Allen,76ers,2012-13,F,22.103571428571428,309.45
Lavoy Allen,76ers,2013-14,C,18.055392156862744,613.8833333333333
Lavoy Allen,76ers,2013-14,F,20.356862745098038,346.06666666666666
Lavoy Allen,Pacers,2013-14,F,7.96547619047619,111.51666666666667
Lavoy Allen,Pacers,2014-15,C,22.7,22.7
Lavoy Allen,Pacers,2014-15,F,16.892473118279568,1047.3333333333333
Lavoy Allen,Pacers,2015-16,C,26.183333333333334,26.183333333333334
Lavoy Allen,Pacers,2015-16,F,20.16217948717949,1572.65
Lavoy Allen,Pacers,2016-17,F,14.284153005464482,871.3333333333334
LeBron James,Cavaliers,2014-15,F,36.136714975845415,2493.4333333333334
LeBron James,Cavaliers,2015-16,F,35.63881578947369,2708.55
LeBron James,Cavaliers,2016-17,F,37.76463963963964,2794.5833333333335
LeBron James,Cavaliers,2017-18,F,36.838125000000005,2947.05
LeBron James,Cavaliers,2017-18,G,39.30833333333334,78.61666666666667
LeBron James,Heat,2010-11,F,38.77236286919831,3063.0166666666664
LeBron James,Heat,2011-12,F,37.51065573770492,2288.15
LeBron James,Heat,2011-12,G,38.06666666666667,38.06666666666667
LeBron James,Heat,2012-13,F,37.85592105263158,2877.05
LeBron James,Heat,2013-14,F,37.686580086580086,2901.866666666667
LeBron James,Lakers,2018-19,F,35.22606060606061,1937.4333333333334
LeBron James,Lakers,2019-20,F,34.571641791044776,2316.3
LeBron James,Lakers,2020-21,F,33.415925925925926,1503.7166666666667
LeBron James,Lakers,2021-22,C,36.95595238095238,517.3833333333333
LeBron James,Lakers,2021-22,F,37.30912698412698,1566.9833333333333
LeBron James,Lakers,2022-23,F,35.526060606060604,1953.9333333333334
LeBron James,Lakers,2023-24,F,35.29520202020202,2329.483333333333
LeBron James,Lakers,2023-24,G,34.85333333333333,174.26666666666665
Leaky Black,Hornets,2023-24,F,10.926923076923078,284.1
Leandro Barbosa,Celtics,2012-13,G,12.507723577235774,512.8166666666667
Leandro Barbosa,Pacers,2011-12,G,19.825,436.15
Leandro Barbosa,Raptors,2010-11,G,24.045114942528738,1394.6166666666668
Leandro Barbosa,Raptors,2011-12,G,22.514285714285716,945.6
Leandro Barbosa,Suns,2013-14,G,18.380833333333335,367.6166666666667
Leandro Barbosa,Suns,2016-17,G,14.379353233830845,963.4166666666666
Leandro Barbosa,Warriors,2014-15,G,14.881565656565657,982.1833333333334
Leandro Barbosa,Warriors,2015-16,G,15.870588235294118,1079.2
Leandro Bolmaro,Jazz,2022-23,G,4.891666666666667,68.48333333333333
Leandro Bolmaro,Timberwolves,2021-22,G,6.884285714285714,240.95
Leon Powe,Cavaliers,2010-11,C,12.642307692307693,164.35
Leon Powe,Cavaliers,2010-11,F,22.566666666666666,22.566666666666666
Leon Powe,Grizzlies,2010-11,C,8.801041666666666,140.81666666666666
Linas Kleiza,Raptors,2010-11,F,26.46153846153846,1032.0
Linas Kleiza,Raptors,2011-12,F,21.57278911564626,1057.0666666666666
Linas Kleiza,Raptors,2012-13,F,18.798333333333332,375.96666666666664
Lindell Wigginton,Bucks,2021-22,G,10.480701754385965,199.13333333333333
Lindell Wigginton,Bucks,2022-23,G,12.38095238095238,86.66666666666666
Lindell Wigginton,Bucks,2023-24,G,2.5444444444444443,7.633333333333333
Lindy Waters III,Thunder,2021-22,G,18.61,465.25
Lindy Waters III,Thunder,2022-23,G,12.946747967479675,530.8166666666667
Lindy Waters III,Thunder,2023-24,G,7.374122807017543,280.21666666666664
Lonnie Walker IV,Lakers,2022-23,F,22.559756097560978,924.95
Lonnie Walker IV,Lakers,2022-23,G,24.806666666666665,372.09999999999997
Lonnie Walker IV,Nets,2023-24,F,17.43362068965517,1011.15
Lonnie Walker IV,Spurs,2018-19,F,8.216666666666667,41.083333333333336
Lonnie Walker IV,Spurs,2018-19,G,6.393055555555556,76.71666666666667
Lonnie Walker IV,Spurs,2019-20,F,18.272727272727273,402.0
Lonnie Walker IV,Spurs,2019-20,G,15.033760683760685,586.3166666666667
Lonnie Walker IV,Spurs,2020-21,F,23.479629629629628,211.31666666666666
Lonnie Walker IV,Spurs,2020-21,G,25.696732026143792,1310.5333333333333
Lonnie Walker IV,Spurs,2021-22,F,23.2425,464.85
Lonnie Walker IV,Spurs,2021-22,G,22.95,1147.5
Lonzo Ball,Bulls,2021-22,G,34.63809523809524,1212.3333333333333
Lonzo Ball,Lakers,2017-18,G,34.23205128205128,1780.0666666666666
Lonzo Ball,Lakers,2018-19,G,30.26631205673759,1422.5166666666667
Lonzo Ball,Pelicans,2019-20,F,27.116666666666667,54.233333333333334
Lonzo Ball,Pelicans,2019-20,G,32.31120218579235,1970.9833333333333
Lonzo Ball,Pelicans,2020-21,G,31.76818181818182,1747.25
Lorenzo Brown,76ers,2013-14,G,8.605128205128207,223.73333333333335
Lorenzo Brown,Raptors,2017-18,G,9.896428571428572,138.55
Lorenzo Brown,Raptors,2018-19,G,8.160897435897436,212.18333333333334
Lorenzo Brown,Suns,2015-16,G,7.591666666666667,60.733333333333334
Lorenzo Brown,Timberwolves,2014-15,G,18.917816091954023,548.6166666666667
Lou Amundson,Bulls,2012-13,F,1.6833333333333333,1.6833333333333333
Lou Amundson,Bulls,2013-14,F,1.0666666666666667,1.0666666666666667
Lou Amundson,Cavaliers,2014-15,F,6.613888888888888,79.36666666666666
Lou Amundson,Hornets,2012-13,C,11.58425925925926,208.51666666666668
Lou Amundson,Knicks,2014-15,F,20.924390243902437,857.9
Lou Amundson,Knicks,2015-16,F,7.049425287356322,204.43333333333334
Lou Amundson,Pacers,2011-12,C,12.543055555555556,752.5833333333334
Lou Amundson,Pelicans,2013-14,C,10.2,183.6
Lou Amundson,Timberwolves,2012-13,C,8.061666666666666,161.23333333333332
Lou Amundson,Warriors,2010-11,C,15.423529411764704,262.2
Lou Amundson,Warriors,2010-11,F,14.790229885057473,428.9166666666667
Lou Williams,76ers,2010-11,G,23.297777777777778,1747.3333333333333
Lou Williams,76ers,2011-12,G,26.277604166666666,1681.7666666666667
Lou Williams,Clippers,2017-18,F,32.46388888888889,194.78333333333333
Lou Williams,Clippers,2017-18,G,32.79954337899544,2394.366666666667
Lou Williams,Clippers,2018-19,F,26.008333333333333,104.03333333333333
Lou Williams,Clippers,2018-19,G,26.60023474178404,1888.6166666666668
Lou Williams,Clippers,2019-20,F,25.830000000000002,129.15
Lou Williams,Clippers,2019-20,G,28.910555555555558,1734.6333333333334
Lou Williams,Clippers,2020-21,F,22.883333333333336,68.65
Lou Williams,Clippers,2020-21,G,21.773504273504273,849.1666666666666
Lou Williams,Hawks,2012-13,G,28.693162393162392,1119.0333333333333
Lou Williams,Hawks,2013-14,G,24.077222222222222,1444.6333333333332
Lou Williams,Hawks,2020-21,G,21.047916666666666,505.15
Lou Williams,Hawks,2021-22,G,14.26577380952381,798.8833333333333
Lou Williams,Lakers,2015-16,G,28.458457711442787,1906.7166666666667
Lou Williams,Lakers,2016-17,G,24.185344827586206,1402.75
Lou Williams,Raptors,2014-15,G,25.194166666666668,2015.5333333333333
Lou Williams,Rockets,2016-17,G,25.679710144927537,590.6333333333333
Louis King,76ers,2022-23,F,28.8,28.8
Louis King,Kings,2020-21,F,14.216666666666669,85.30000000000001
Louis King,Kings,2021-22,F,10.36,103.6
Louis King,Pistons,2019-20,F,6.220000000000001,62.2
Luc Mbah a Moute,76ers,2014-15,F,28.57272727272727,1885.8
Luc Mbah a Moute,76ers,2014-15,G,30.583333333333332,30.583333333333332
Luc Mbah a Moute,Bucks,2010-11,C,39.208333333333336,78.41666666666667
Luc Mbah a Moute,Bucks,2010-11,F,26.164502164502167,2014.6666666666667
Luc Mbah a Moute,Bucks,2011-12,C,24.266666666666666,24.266666666666666
Luc Mbah a Moute,Bucks,2011-12,F,23.44047619047619,984.5
Luc Mbah a Moute,Bucks,2012-13,F,22.86580459770115,1326.2166666666667
Luc Mbah a Moute,Clippers,2015-16,F,16.98511111111111,1273.8833333333332
Luc Mbah a Moute,Clippers,2016-17,F,22.340833333333332,1787.2666666666667
Luc Mbah a Moute,Clippers,2018-19,F,15.25,61.0
Luc Mbah a Moute,Kings,2013-14,F,21.79074074074074,196.11666666666667
Luc Mbah a Moute,Rockets,2017-18,F,25.6448087431694,1564.3333333333333
Luc Mbah a Moute,Rockets,2019-20,F,8.2,24.599999999999998
Luc Mbah a Moute,Timberwolves,2013-14,F,14.67090909090909,806.9
Lucas Nogueira,Raptors,2014-15,C,1.7833333333333332,1.7833333333333332
Lucas Nogueira,Raptors,2014-15,F,4.253333333333333,21.266666666666666
Lucas Nogueira,Raptors,2015-16,C,10.957142857142857,76.7
Lucas Nogueira,Raptors,2015-16,F,6.729545454545455,148.05
Lucas Nogueira,Raptors,2016-17,C,18.068421052631578,343.3
Lucas Nogueira,Raptors,2016-17,F,19.604824561403507,744.9833333333333
Lucas Nogueira,Raptors,2017-18,C,11.294117647058824,192.0
Lucas Nogueira,Raptors,2017-18,F,7.057291666666667,225.83333333333334
Luguentz Dort,Thunder,2019-20,F,16.375,98.25
Luguentz Dort,Thunder,2019-20,G,24.069444444444446,722.0833333333334
Luguentz Dort,Thunder,2020-21,F,28.93010752688172,896.8333333333334
Luguentz Dort,Thunder,2020-21,G,30.780952380952378,646.4
Luguentz Dort,Thunder,2021-22,F,32.55744680851064,1530.2
Luguentz Dort,Thunder,2021-22,G,33.79166666666667,135.16666666666669
Luguentz Dort,Thunder,2022-23,F,30.732159624413143,2181.983333333333
Luguentz Dort,Thunder,2022-23,G,30.127777777777776,90.38333333333333
Luguentz Dort,Thunder,2023-24,F,28.430379746835442,2246.0
Luis Scola,Nets,2016-17,C,12.802314814814814,460.8833333333333
Luis Scola,Pacers,2013-14,F,17.06260162601626,1399.1333333333334
Luis Scola,Pacers,2014-15,F,20.48230452674897,1659.0666666666666
Luis Scola,Raptors,2015-16,F,21.52938596491228,1636.2333333333333
Luis Scola,Rockets,2010-11,C,18.95,18.95
Luis Scola,Rockets,2010-11,F,32.779908675799085,2392.9333333333334
Luis Scola,Rockets,2011-12,F,31.322222222222226,2067.266666666667
Luis Scola,Suns,2012-13,C,27.305833333333332,546.1166666666667
Luis Scola,Suns,2012-13,F,26.421774193548387,1638.15
Luka Doncic,Mavericks,2018-19,F,32.76060606060606,720.7333333333333
Luka Doncic,Mavericks,2018-19,G,31.94,1597.0
Luka Doncic,Mavericks,2019-20,F,33.55,33.55
Luka Doncic,Mavericks,2019-20,G,33.56166666666667,2013.7
Luka Doncic,Mavericks,2020-21,G,34.27828282828283,2262.366666666667
Luka Doncic,Mavericks,2021-22,G,35.39589743589743,2300.733333333333
Luka Doncic,Mavericks,2022-23,G,36.21969696969697,2390.5
Luka Doncic,Mavericks,2023-24,G,37.486666666666665,2624.0666666666666
Luka Garza,Pistons,2021-22,C,12.1546875,388.95
Luka Garza,Timberwolves,2022-23,C,8.693452380952381,243.41666666666666
Luka Garza,Timberwolves,2023-24,C,4.874,121.85
Luka Samanic,Jazz,2022-23,F,22.97142857142857,160.8
Luka Samanic,Jazz,2023-24,F,9.404651162790698,404.4
Luka Samanic,Spurs,2019-20,F,18.208333333333332,36.416666666666664
Luka Samanic,Spurs,2019-20,G,12.0,12.0
Luka Samanic,Spurs,2020-21,F,8.8640625,283.65
Luka Samanic,Spurs,2020-21,G,24.533333333333335,24.533333333333335
Luke Babbitt,Hawks,2017-18,F,15.410810810810812,570.2
Luke Babbitt,Heat,2016-17,F,15.661029411764707,1064.95
Luke Babbitt,Heat,2017-18,F,11.123076923076923,144.6
Luke Babbitt,Pelicans,2013-14,F,17.194000000000003,429.85
Luke Babbitt,Pelicans,2013-14,G,21.775,43.55
Luke Babbitt,Pelicans,2014-15,F,13.211559139784946,819.1166666666667
Luke Babbitt,Pelicans,2014-15,G,10.483333333333333,10.483333333333333
Luke Babbitt,Pelicans,2015-16,F,17.645075757575757,776.3833333333333
Luke Babbitt,Pelicans,2015-16,G,22.900000000000002,68.7
Luke Babbitt,Trail Blazers,2010-11,F,5.720833333333334,137.3
Luke Babbitt,Trail Blazers,2011-12,F,13.418333333333333,536.7333333333333
Luke Babbitt,Trail Blazers,2012-13,F,11.780913978494622,730.4166666666666
Luke Harangody,Cavaliers,2010-11,F,19.007142857142856,399.15
Luke Harangody,Cavaliers,2011-12,F,10.989682539682539,230.78333333333333
Luke Harangody,Celtics,2010-11,F,8.624404761904762,241.48333333333332
Luke Kennard,Clippers,2020-21,F,22.897222222222222,137.38333333333333
Luke Kennard,Clippers,2020-21,G,19.207894736842103,1094.85
Luke Kennard,Clippers,2021-22,F,24.71904761904762,173.03333333333333
Luke Kennard,Clippers,2021-22,G,27.715873015873015,1746.1
Luke Kennard,Clippers,2022-23,F,24.941666666666666,149.65
Luke Kennard,Clippers,2022-23,G,19.842528735632186,575.4333333333334
Luke Kennard,Grizzlies,2022-23,F,28.4625,113.85
Luke Kennard,Grizzlies,2022-23,G,23.809166666666666,476.18333333333334
Luke Kennard,Grizzlies,2023-24,F,21.870833333333334,87.48333333333333
Luke Kennard,Grizzlies,2023-24,G,26.044285714285714,911.55
Luke Kennard,Pistons,2017-18,F,18.096969696969698,199.06666666666666
Luke Kennard,Pistons,2017-18,G,20.383064516129032,1263.75
Luke Kennard,Pistons,2018-19,F,22.162820512820513,288.1166666666667
Luke Kennard,Pistons,2018-19,G,22.971,1148.55
Luke Kennard,Pistons,2019-20,F,30.03333333333333,60.06666666666666
Luke Kennard,Pistons,2019-20,G,33.14871794871795,861.8666666666667
Luke Kornet,Bucks,2021-22,C,3.0,3.0
Luke Kornet,Bulls,2019-20,C,15.515740740740739,558.5666666666666
Luke Kornet,Bulls,2020-21,C,7.216666666666667,93.81666666666666
Luke Kornet,Cavaliers,2021-22,C,7.433333333333333,14.866666666666665
Luke Kornet,Celtics,2020-21,C,14.09074074074074,253.63333333333333
Luke Kornet,Celtics,2021-22,C,7.122222222222223,85.46666666666667
Luke Kornet,Celtics,2022-23,C,11.653864734299518,804.1166666666667
Luke Kornet,Celtics,2023-24,C,15.60846560846561,983.3333333333334
Luke Kornet,Knicks,2017-18,C,19.33,289.95
Luke Kornet,Knicks,2017-18,F,7.306666666666667,36.53333333333333
Luke Kornet,Knicks,2018-19,C,15.147916666666667,484.73333333333335
Luke Kornet,Knicks,2018-19,F,21.37738095238095,299.2833333333333
Luke Ridnour,Bobcats,2013-14,G,15.112666666666666,377.81666666666666
Luke Ridnour,Bucks,2013-14,G,21.186574074074073,762.7166666666667
Luke Ridnour,Magic,2014-15,G,14.531205673758866,682.9666666666667
Luke Ridnour,Timberwolves,2010-11,G,30.410798122065724,2159.1666666666665
Luke Ridnour,Timberwolves,2011-12,G,33.01446540880503,1749.7666666666667
Luke Ridnour,Timberwolves,2012-13,G,30.172764227642276,2474.1666666666665
Luol Deng,Bulls,2010-11,F,39.12134146341463,3207.95
Luol Deng,Bulls,2011-12,F,39.425617283950615,2128.983333333333
Luol Deng,Bulls,2012-13,F,38.70511111111111,2902.883333333333
Luol Deng,Bulls,2013-14,F,37.38478260869565,859.85
Luol Deng,Cavaliers,2013-14,F,33.82083333333333,1352.8333333333333
Luol Deng,Heat,2014-15,F,33.61921296296296,2420.5833333333335
Luol Deng,Heat,2015-16,F,32.350675675675674,2393.95
Luol Deng,Lakers,2016-17,F,26.53392857142857,1485.9
Luol Deng,Lakers,2017-18,F,13.133333333333333,13.133333333333333
Luol Deng,Timberwolves,2018-19,F,17.828787878787878,392.23333333333335
Luther Head,Kings,2010-11,G,16.266203703703706,585.5833333333334
Maalik Wayns,76ers,2012-13,G,7.852380952380953,164.9
Maalik Wayns,Clippers,2012-13,G,6.177777777777777,37.06666666666666
Maalik Wayns,Clippers,2013-14,G,4.683333333333334,9.366666666666667
Malachi Flynn,Knicks,2023-24,G,4.3238095238095235,60.53333333333333
Malachi Flynn,Pistons,2023-24,G,14.255555555555555,342.1333333333333
Malachi Flynn,Raptors,2020-21,G,19.73510638297872,927.55
Malachi Flynn,Raptors,2021-22,G,12.205681818181818,537.05
Malachi Flynn,Raptors,2022-23,G,13.033962264150942,690.8
Malachi Flynn,Raptors,2023-24,G,15.298924731182796,474.26666666666665
Malachi Richardson,Kings,2016-17,F,9.00530303030303,198.11666666666667
Malachi Richardson,Kings,2017-18,F,12.745333333333333,318.6333333333333
Malachi Richardson,Raptors,2017-18,F,4.7,4.7
Malachi Richardson,Raptors,2018-19,F,4.701515151515152,103.43333333333334
Malaki Branham,Spurs,2022-23,F,26.061111111111114,78.18333333333334
Malaki Branham,Spurs,2022-23,G,23.356084656084658,1471.4333333333334
Malaki Branham,Spurs,2023-24,F,19.008333333333333,38.016666666666666
Malaki Branham,Spurs,2023-24,G,21.31917808219178,1556.3
Malcolm Brogdon,Bucks,2016-17,G,26.432,1982.3999999999999
Malcolm Brogdon,Bucks,2017-18,F,41.25,41.25
Malcolm Brogdon,Bucks,2017-18,G,29.675531914893618,1394.75
Malcolm Brogdon,Bucks,2018-19,G,28.618489583333332,1831.5833333333333
Malcolm Brogdon,Celtics,2022-23,G,26.027114427860695,1743.8166666666666
Malcolm Brogdon,Pacers,2019-20,G,30.8570987654321,1666.2833333333333
Malcolm Brogdon,Pacers,2020-21,G,34.45625,1929.55
Malcolm Brogdon,Pacers,2021-22,F,32.41666666666667,64.83333333333334
Malcolm Brogdon,Pacers,2021-22,G,33.57058823529412,1141.4
Malcolm Brogdon,Trail Blazers,2023-24,G,28.738888888888887,1120.8166666666666
Malcolm Delaney,Hawks,2016-17,G,17.08972602739726,1247.55
Malcolm Delaney,Hawks,2017-18,G,18.781172839506173,1014.1833333333333
Malcolm Lee,76ers,2014-15,G,2.0166666666666666,2.0166666666666666
Malcolm Lee,Timberwolves,2011-12,G,12.789473684210526,243.0
Malcolm Lee,Timberwolves,2012-13,G,18.040625,288.65
Malcolm Miller,Raptors,2017-18,F,9.130952380952381,63.916666666666664
Malcolm Miller,Raptors,2017-18,G,7.729166666666667,61.833333333333336
Malcolm Miller,Raptors,2018-19,F,7.513333333333334,37.56666666666667
Malcolm Miller,Raptors,2018-19,G,5.906666666666667,29.533333333333335
Malcolm Miller,Raptors,2019-20,F,5.778888888888889,86.68333333333334
Malcolm Miller,Raptors,2019-20,G,5.787179487179487,75.23333333333333
Malik Beasley,Bucks,2023-24,F,24.73888888888889,74.21666666666667
Malik Beasley,Bucks,2023-24,G,29.778508771929822,2263.1666666666665
Malik Beasley,Jazz,2022-23,F,26.872592592592593,1209.2666666666667
Malik Beasley,Jazz,2022-23,G,26.294999999999998,262.95
Malik Beasley,Lakers,2022-23,G,23.88076923076923,620.9
Malik Beasley,Nuggets,2016-17,G,7.495454545454546,164.9
Malik Beasley,Nuggets,2017-18,G,9.399193548387096,582.75
Malik Beasley,Nuggets,2018-19,G,23.1940329218107,1878.7166666666667
Malik Beasley,Nuggets,2019-20,G,18.18943089430894,745.7666666666667
Malik Beasley,Timberwolves,2019-20,G,33.06904761904762,462.9666666666667
Malik Beasley,Timberwolves,2020-21,F,27.191666666666666,54.38333333333333
Malik Beasley,Timberwolves,2020-21,G,33.133809523809525,1159.6833333333334
Malik Beasley,Timberwolves,2021-22,F,27.854166666666664,222.83333333333331
Malik Beasley,Timberwolves,2021-22,G,24.6962441314554,1753.4333333333334
Malik Monk,Hornets,2017-18,G,13.547883597883597,853.5166666666667
Malik Monk,Hornets,2018-19,G,17.234703196347034,1258.1333333333334
Malik Monk,Hornets,2019-20,G,21.256969696969698,1169.1333333333334
Malik Monk,Hornets,2020-21,G,20.914285714285715,878.4
Malik Monk,Kings,2022-23,G,22.328138528138528,1719.2666666666667
Malik Monk,Kings,2023-24,G,26.00509259259259,1872.3666666666666
Malik Monk,Lakers,2021-22,F,27.580107526881722,854.9833333333333
Malik Monk,Lakers,2021-22,G,28.521851851851853,1283.4833333333333
Malik Williams,Raptors,2023-24,C,15.216666666666667,106.51666666666667
Mamadi Diakite,Bucks,2020-21,C,28.122222222222224,84.36666666666667
Mamadi Diakite,Bucks,2020-21,F,5.153030303030303,56.68333333333334
Mamadi Diakite,Cavaliers,2022-23,F,7.994696969696969,175.88333333333333
Mamadi Diakite,Knicks,2023-24,C,2.8277777777777775,8.483333333333333
Mamadi Diakite,Spurs,2023-24,C,5.316666666666666,15.95
Mamadi Diakite,Thunder,2021-22,C,14.437179487179488,187.68333333333334
Manny Harris,Cavaliers,2010-11,G,17.284259259259258,933.35
Manny Harris,Cavaliers,2011-12,G,17.522435897435898,455.5833333333333
Manny Harris,Lakers,2013-14,G,19.96851851851852,179.71666666666667
Manny Harris,Mavericks,2016-17,G,6.1875,24.75
Manu Ginobili,Spurs,2010-11,G,30.318958333333335,2425.516666666667
Manu Ginobili,Spurs,2011-12,G,23.302450980392155,792.2833333333333
Manu Ginobili,Spurs,2012-13,G,23.220555555555556,1393.2333333333333
Manu Ginobili,Spurs,2013-14,G,22.800735294117647,1550.45
Manu Ginobili,Spurs,2014-15,G,22.669761904761906,1586.8833333333334
Manu Ginobili,Spurs,2015-16,G,19.553448275862067,1134.1
Manu Ginobili,Spurs,2016-17,G,18.71666666666667,1291.45
Manu Ginobili,Spurs,2017-18,G,19.983333333333334,1298.9166666666667
Maozinha Pereira,Grizzlies,2023-24,F,17.376190476190477,121.63333333333333
MarJon Beauchamp,Bucks,2022-23,F,14.927222222222222,447.81666666666666
MarJon Beauchamp,Bucks,2022-23,G,11.526515151515152,253.58333333333334
MarJon Beauchamp,Bucks,2023-24,F,13.055357142857144,365.55
MarJon Beauchamp,Bucks,2023-24,G,12.1075,242.15
MarShon Brooks,Celtics,2013-14,G,7.325,73.25
MarShon Brooks,Grizzlies,2017-18,F,26.927777777777777,80.78333333333333
MarShon Brooks,Grizzlies,2017-18,G,27.95,111.8
MarShon Brooks,Grizzlies,2018-19,F,10.313333333333333,103.13333333333333
MarShon Brooks,Grizzlies,2018-19,G,14.928947368421051,283.65
MarShon Brooks,Lakers,2013-14,G,12.664814814814815,227.96666666666667
MarShon Brooks,Nets,2011-12,F,31.9,159.5
MarShon Brooks,Nets,2011-12,G,29.19313725490196,1488.85
MarShon Brooks,Nets,2012-13,G,12.489954337899544,911.7666666666667
MarShon Brooks,Warriors,2013-14,G,2.2,15.4
Marc Gasol,Grizzlies,2010-11,C,31.931893004115224,2586.483333333333
Marc Gasol,Grizzlies,2011-12,C,36.42994791666667,2331.516666666667
Marc Gasol,Grizzlies,2011-12,F,38.86666666666667,38.86666666666667
Marc Gasol,Grizzlies,2012-13,C,34.95125,2796.1
Marc Gasol,Grizzlies,2013-14,C,33.393785310734465,1970.2333333333333
Marc Gasol,Grizzlies,2014-15,C,33.17345679012346,2687.05
Marc Gasol,Grizzlies,2015-16,C,34.44326923076923,1791.05
Marc Gasol,Grizzlies,2016-17,C,34.20315315315315,2531.0333333333333
Marc Gasol,Grizzlies,2017-18,C,32.93842592592593,2371.5666666666666
Marc Gasol,Grizzlies,2017-18,F,36.78333333333333,36.78333333333333
Marc Gasol,Grizzlies,2018-19,C,33.744025157232706,1788.4333333333334
Marc Gasol,Lakers,2020-21,C,19.098397435897436,993.1166666666667
Marc Gasol,Raptors,2018-19,C,24.906410256410254,647.5666666666666
Marc Gasol,Raptors,2019-20,C,26.389772727272728,1161.15
Marcelo Huertas,Lakers,2015-16,G,16.392767295597487,868.8166666666667
Marcelo Huertas,Lakers,2016-17,G,10.285507246376811,236.56666666666666
Marcin Gortat,Clippers,2018-19,C,15.967375886524824,750.4666666666667
Marcin Gortat,Magic,2010-11,C,15.857999999999999,396.45
Marcin Gortat,Suns,2010-11,C,29.65895061728395,1601.5833333333333
Marcin Gortat,Suns,2010-11,F,34.88333333333333,34.88333333333333
Marcin Gortat,Suns,2011-12,C,32.031313131313134,2114.0666666666666
Marcin Gortat,Suns,2012-13,C,30.74945355191257,1875.7166666666667
Marcin Gortat,Wizards,2013-14,C,32.778395061728396,2655.05
Marcin Gortat,Wizards,2014-15,C,29.91219512195122,2452.8
Marcin Gortat,Wizards,2015-16,C,30.07911111111111,2255.9333333333334
Marcin Gortat,Wizards,2016-17,C,31.165040650406503,2555.5333333333333
Marcin Gortat,Wizards,2017-18,C,25.29857723577236,2074.4833333333336
Marco Belinelli,76ers,2017-18,G,26.33511904761905,737.3833333333333
Marco Belinelli,Bulls,2012-13,F,22.3625,89.45
Marco Belinelli,Bulls,2012-13,G,25.972946859903384,1792.1333333333334
Marco Belinelli,Hawks,2017-18,G,23.256410256410255,1209.3333333333333
Marco Belinelli,Hornets,2010-11,G,24.464791666666667,1957.1833333333334
Marco Belinelli,Hornets,2011-12,F,37.28333333333333,37.28333333333333
Marco Belinelli,Hornets,2011-12,G,29.66923076923077,1928.5
Marco Belinelli,Hornets,2016-17,G,24.021846846846845,1777.6166666666666
Marco Belinelli,Kings,2015-16,G,24.583333333333336,1671.6666666666667
Marco Belinelli,Spurs,2013-14,F,25.281372549019608,429.78333333333336
Marco Belinelli,Spurs,2013-14,G,25.175396825396824,1586.05
Marco Belinelli,Spurs,2014-15,F,23.675,473.5
Marco Belinelli,Spurs,2014-15,G,21.78214285714286,914.85
Marco Belinelli,Spurs,2018-19,F,23.66231884057971,544.2333333333333
Marco Belinelli,Spurs,2018-19,G,22.698809523809526,1271.1333333333334
Marco Belinelli,Spurs,2019-20,F,14.353846153846153,186.6
Marco Belinelli,Spurs,2019-20,G,15.836742424242424,696.8166666666666
Marcus Camby,Knicks,2012-13,C,8.003333333333334,40.016666666666666
Marcus Camby,Knicks,2012-13,F,11.074561403508772,210.41666666666666
Marcus Camby,Rockets,2011-12,C,24.107894736842105,458.05
Marcus Camby,Trail Blazers,2010-11,C,26.10847457627119,1540.4
Marcus Camby,Trail Blazers,2011-12,C,22.338749999999997,893.55
Marcus Morris Sr.,76ers,2023-24,C,13.623809523809523,190.73333333333332
Marcus Morris Sr.,76ers,2023-24,F,19.395652173913046,446.1
Marcus Morris Sr.,Cavaliers,2023-24,F,15.012500000000001,180.15
Marcus Morris Sr.,Celtics,2017-18,C,21.208333333333336,42.41666666666667
Marcus Morris Sr.,Celtics,2017-18,F,26.916025641025637,1399.6333333333332
Marcus Morris Sr.,Celtics,2018-19,C,27.01111111111111,81.03333333333333
Marcus Morris Sr.,Celtics,2018-19,F,27.909953703703703,2009.5166666666667
Marcus Morris Sr.,Clippers,2019-20,F,28.88859649122807,548.8833333333333
Marcus Morris Sr.,Clippers,2020-21,F,26.349122807017544,1501.9
Marcus Morris Sr.,Clippers,2021-22,F,28.96851851851852,1564.3
Marcus Morris Sr.,Clippers,2022-23,F,28.078974358974357,1825.1333333333332
Marcus Morris Sr.,Knicks,2019-20,C,36.36666666666667,36.36666666666667
Marcus Morris Sr.,Knicks,2019-20,F,32.168253968253964,1351.0666666666666
Marcus Morris Sr.,Pistons,2015-16,F,35.70604166666667,2856.4833333333336
Marcus Morris Sr.,Pistons,2016-17,F,32.365800865800864,2492.1666666666665
Marcus Morris Sr.,Pistons,2016-17,G,36.46666666666667,72.93333333333334
Marcus Morris Sr.,Rockets,2011-12,F,7.388235294117647,125.6
Marcus Morris Sr.,Rockets,2012-13,F,21.378395061728398,1154.4333333333334
Marcus Morris Sr.,Suns,2012-13,F,16.065942028985507,369.51666666666665
Marcus Morris Sr.,Suns,2013-14,F,21.950609756097563,1799.95
Marcus Morris Sr.,Suns,2014-15,F,25.24753086419753,2045.05
Marcus Sasser,Pistons,2023-24,G,19.030046948356805,1351.1333333333332
Marcus Smart,Celtics,2014-15,G,26.989303482587065,1808.2833333333333
Marcus Smart,Celtics,2015-16,F,27.76111111111111,83.28333333333333
Marcus Smart,Celtics,2015-16,G,27.30258620689655,1583.55
Marcus Smart,Celtics,2016-17,F,32.55,260.4
Marcus Smart,Celtics,2016-17,G,30.125586854460092,2138.9166666666665
Marcus Smart,Celtics,2017-18,G,29.88148148148148,1613.6
Marcus Smart,Celtics,2018-19,F,23.5,47.0
Marcus Smart,Celtics,2018-19,G,27.600641025641025,2152.85
Marcus Smart,Celtics,2019-20,G,31.98861111111111,1919.3166666666666
Marcus Smart,Celtics,2020-21,G,32.94305555555555,1581.2666666666667
Marcus Smart,Celtics,2021-22,G,32.335915492957746,2295.85
Marcus Smart,Celtics,2022-23,G,32.07786885245902,1956.75
Marcus Smart,Grizzlies,2023-24,F,32.28055555555556,193.68333333333334
Marcus Smart,Grizzlies,2023-24,G,29.36785714285714,411.15
Marcus Thornton,Celtics,2014-15,F,16.412393162393162,640.0833333333334
Marcus Thornton,Hornets,2010-11,F,16.202536231884057,745.3166666666666
Marcus Thornton,Kings,2010-11,G,38.16481481481482,1030.45
Marcus Thornton,Kings,2011-12,F,39.05833333333334,156.23333333333335
Marcus Thornton,Kings,2011-12,G,34.54184397163121,1623.4666666666667
Marcus Thornton,Kings,2012-13,F,16.116666666666667,32.233333333333334
Marcus Thornton,Kings,2012-13,G,24.20261904761905,1694.1833333333334
Marcus Thornton,Kings,2013-14,F,24.116666666666667,24.116666666666667
Marcus Thornton,Kings,2013-14,G,24.377777777777776,1097.0
Marcus Thornton,Nets,2013-14,F,23.82948717948718,619.5666666666667
Marcus Thornton,Rockets,2015-16,F,18.819858156028367,884.5333333333333
Marcus Thornton,Suns,2014-15,F,8.944444444444445,80.5
Marcus Thornton,Wizards,2015-16,G,15.966666666666667,223.53333333333333
Marcus Thornton,Wizards,2016-17,G,17.414646464646463,574.6833333333333
Mario Chalmers,Grizzlies,2015-16,G,22.78,1252.9
Mario Chalmers,Grizzlies,2017-18,G,21.536111111111108,1421.3833333333332
Mario Chalmers,Heat,2010-11,G,22.562142857142856,1579.35
Mario Chalmers,Heat,2011-12,G,28.516666666666666,1825.0666666666666
Mario Chalmers,Heat,2012-13,G,26.85108225108225,2067.5333333333333
Mario Chalmers,Heat,2013-14,G,29.83789954337899,2178.1666666666665
Mario Chalmers,Heat,2014-15,G,29.605,2368.4
Mario Chalmers,Heat,2015-16,G,19.974999999999998,119.85
Mario Hezonja,Knicks,2018-19,F,20.560062893081763,1089.6833333333334
Mario Hezonja,Knicks,2018-19,G,23.32,116.6
Mario Hezonja,Magic,2015-16,F,16.88948717948718,1097.8166666666666
Mario Hezonja,Magic,2015-16,G,22.504761904761903,315.06666666666666
Mario Hezonja,Magic,2016-17,F,14.663157894736841,835.8
Mario Hezonja,Magic,2016-17,G,15.5625,124.5
Mario Hezonja,Magic,2017-18,F,22.035,1542.45
Mario Hezonja,Magic,2017-18,G,22.92666666666667,114.63333333333334
Mario Hezonja,Trail Blazers,2019-20,F,16.441509433962263,871.4
Mario West,Nets,2010-11,F,18.391666666666666,73.56666666666666
Mario West,Nets,2010-11,G,21.2,42.4
Mark Williams,Hornets,2022-23,C,19.255038759689924,827.9666666666667
Mark Williams,Hornets,2023-24,C,26.757894736842104,508.4
Markel Brown,Nets,2014-15,G,16.625886524822693,781.4166666666666
Markel Brown,Nets,2015-16,G,15.84462365591398,982.3666666666667
Markel Brown,Rockets,2017-18,G,7.870833333333334,31.483333333333334
Markelle Fultz,76ers,2017-18,G,18.070238095238093,252.98333333333332
Markelle Fultz,76ers,2018-19,G,22.46578947368421,426.85
Markelle Fultz,Magic,2019-20,G,27.721759259259258,1995.9666666666667
Markelle Fultz,Magic,2020-21,G,26.9,215.2
Markelle Fultz,Magic,2021-22,G,19.985185185185188,359.73333333333335
Markelle Fultz,Magic,2022-23,G,29.63277777777778,1777.9666666666667
Markelle Fultz,Magic,2023-24,G,21.160852713178294,909.9166666666666
Markieff Morris,Heat,2021-22,F,17.550980392156863,298.3666666666667
Markieff Morris,Lakers,2019-20,F,14.235714285714284,199.29999999999998
Markieff Morris,Lakers,2020-21,C,18.444444444444443,55.33333333333333
Markieff Morris,Lakers,2020-21,F,19.738218390804597,1144.8166666666666
Markieff Morris,Mavericks,2022-23,C,8.702083333333334,69.61666666666667
Markieff Morris,Mavericks,2023-24,C,8.322435897435897,216.38333333333333
Markieff Morris,Nets,2022-23,F,10.572222222222221,285.45
Markieff Morris,Pistons,2019-20,F,22.459848484848486,988.2333333333333
Markieff Morris,Suns,2011-12,C,25.9,25.9
Markieff Morris,Suns,2011-12,F,19.37258064516129,1201.1
Markieff Morris,Suns,2012-13,C,24.516666666666666,24.516666666666666
Markieff Morris,Suns,2012-13,F,22.3761316872428,1812.4666666666667
Markieff Morris,Suns,2013-14,C,23.958333333333332,47.916666666666664
Markieff Morris,Suns,2013-14,F,26.64831223628692,2105.2166666666667
Markieff Morris,Suns,2014-15,C,28.549999999999997,57.099999999999994
Markieff Morris,Suns,2014-15,F,31.545416666666664,2523.633333333333
Markieff Morris,Suns,2015-16,F,24.77927927927928,916.8333333333334
Markieff Morris,Thunder,2018-19,F,16.14236111111111,387.4166666666667
Markieff Morris,Wizards,2015-16,F,26.371604938271602,712.0333333333333
Markieff Morris,Wizards,2016-17,F,31.241447368421053,2374.35
Markieff Morris,Wizards,2017-18,F,26.95570776255708,1967.7666666666667
Markieff Morris,Wizards,2018-19,F,25.974509803921567,883.1333333333333
Markus Howard,Nuggets,2020-21,G,5.539189189189189,204.95
Markus Howard,Nuggets,2021-22,G,5.693548387096774,176.5
Marques Bolden,Bucks,2023-24,C,1.4833333333333332,2.9666666666666663
Marques Bolden,Cavaliers,2019-20,C,2.8166666666666664,2.8166666666666664
Marques Bolden,Cavaliers,2020-21,C,4.772222222222222,28.633333333333333
Marques Bolden,Hornets,2023-24,C,13.146296296296295,118.31666666666666
Marquese Chriss,Cavaliers,2018-19,C,14.280000000000001,285.6
Marquese Chriss,Cavaliers,2018-19,F,15.652380952380952,109.56666666666666
Marquese Chriss,Mavericks,2021-22,C,10.166666666666666,345.66666666666663
Marquese Chriss,Rockets,2018-19,F,6.477083333333333,103.63333333333333
Marquese Chriss,Suns,2016-17,C,20.883333333333333,62.65
Marquese Chriss,Suns,2016-17,F,21.275105485232068,1680.7333333333333
Marquese Chriss,Suns,2017-18,C,28.9962962962963,260.9666666666667
Marquese Chriss,Suns,2017-18,F,20.094179894179895,1265.9333333333334
Marquese Chriss,Warriors,2019-20,C,20.340064102564103,1057.6833333333334
Marquese Chriss,Warriors,2019-20,F,19.783333333333335,138.48333333333335
Marquese Chriss,Warriors,2020-21,C,13.358333333333334,26.71666666666667
Marquis Daniels,Bucks,2012-13,F,18.39180790960452,1085.1166666666666
Marquis Daniels,Celtics,2010-11,F,19.149319727891157,938.3166666666667
Marquis Daniels,Celtics,2011-12,F,12.726315789473684,483.6
Marquis Teague,Bulls,2012-13,G,8.164930555555555,391.9166666666667
Marquis Teague,Bulls,2013-14,G,12.728947368421052,241.85
Marquis Teague,Grizzlies,2017-18,G,24.594444444444445,73.78333333333333
Marquis Teague,Nets,2013-14,G,9.552380952380952,200.6
Marreese Speights,76ers,2010-11,C,12.871428571428572,270.3
Marreese Speights,76ers,2010-11,F,10.774031007751937,463.2833333333333
Marreese Speights,Cavaliers,2012-13,C,18.494444444444444,721.2833333333333
Marreese Speights,Clippers,2016-17,C,15.382051282051282,199.96666666666667
Marreese Speights,Clippers,2016-17,F,15.737439613526568,1085.8833333333332
Marreese Speights,Grizzlies,2011-12,C,22.125,44.25
Marreese Speights,Grizzlies,2011-12,F,22.422988505747124,1300.5333333333333
Marreese Speights,Grizzlies,2012-13,C,5.35,5.35
Marreese Speights,Grizzlies,2012-13,F,14.701709401709403,573.3666666666667
Marreese Speights,Magic,2017-18,F,12.981410256410255,675.0333333333333
Marreese Speights,Warriors,2013-14,C,11.63,755.95
Marreese Speights,Warriors,2013-14,F,16.16785714285714,226.35
Marreese Speights,Warriors,2014-15,C,16.144776119402987,1081.7
Marreese Speights,Warriors,2014-15,F,13.920370370370371,125.28333333333333
Marreese Speights,Warriors,2015-16,C,11.886338797814208,725.0666666666667
Marreese Speights,Warriors,2015-16,F,9.757575757575758,107.33333333333333
Marshall Plumlee,Bucks,2017-18,F,6.470833333333333,51.766666666666666
Marshall Plumlee,Knicks,2016-17,F,8.103968253968254,170.18333333333334
Martell Webster,Timberwolves,2010-11,G,23.793115942028987,1094.4833333333333
Martell Webster,Timberwolves,2011-12,G,24.245744680851065,1139.55
Martell Webster,Wizards,2012-13,F,28.99703196347032,2116.7833333333333
Martell Webster,Wizards,2012-13,G,27.777777777777782,83.33333333333334
Martell Webster,Wizards,2013-14,F,27.596929824561403,2097.366666666667
Martell Webster,Wizards,2013-14,G,29.883333333333333,59.766666666666666
Martell Webster,Wizards,2014-15,F,10.988541666666666,351.6333333333333
Marvin Bagley III,Kings,2018-19,C,24.883333333333333,99.53333333333333
Marvin Bagley III,Kings,2018-19,F,25.310344827586206,1468.0
Marvin Bagley III,Kings,2019-20,C,27.74285714285714,194.2
Marvin Bagley III,Kings,2019-20,F,23.288888888888888,139.73333333333332
Marvin Bagley III,Kings,2020-21,C,23.23888888888889,69.71666666666667
Marvin Bagley III,Kings,2020-21,F,26.0525,1042.1
Marvin Bagley III,Kings,2021-22,F,21.868333333333332,656.05
Marvin Bagley III,Pistons,2021-22,C,29.86111111111111,268.75
Marvin Bagley III,Pistons,2021-22,F,24.583333333333332,221.25
Marvin Bagley III,Pistons,2022-23,C,21.584567901234568,582.7833333333333
Marvin Bagley III,Pistons,2022-23,F,27.17888888888889,407.68333333333334
Marvin Bagley III,Pistons,2023-24,C,19.49772727272727,428.95
Marvin Bagley III,Pistons,2023-24,F,12.3625,49.45
Marvin Bagley III,Wizards,2023-24,C,23.95763888888889,574.9833333333333
Marvin Williams,Bucks,2019-20,F,18.897058823529413,321.25
Marvin Williams,Hawks,2010-11,F,28.42175141242938,1676.8833333333334
Marvin Williams,Hawks,2010-11,G,31.277777777777775,187.66666666666666
Marvin Williams,Hawks,2011-12,F,26.353869047619046,1475.8166666666666
Marvin Williams,Hawks,2011-12,G,23.683333333333334,23.683333333333334
Marvin Williams,Hornets,2014-15,F,26.08568376068376,2034.6833333333334
Marvin Williams,Hornets,2015-16,F,28.86604938271605,2338.15
Marvin Williams,Hornets,2016-17,F,30.191447368421056,2294.55
Marvin Williams,Hornets,2017-18,F,25.71602564102564,2005.85
Marvin Williams,Hornets,2018-19,F,28.44355555555556,2133.266666666667
Marvin Williams,Hornets,2019-20,F,19.69959349593496,807.6833333333333
Marvin Williams,Jazz,2012-13,F,23.66027397260274,1727.2
Marvin Williams,Jazz,2013-14,F,25.357070707070704,1673.5666666666666
Mason Jones,76ers,2020-21,G,4.533333333333333,27.2
Mason Jones,Kings,2023-24,G,5.536666666666667,27.683333333333334
Mason Jones,Lakers,2021-22,G,12.645833333333334,50.583333333333336
Mason Jones,Rockets,2020-21,G,11.817948717948717,307.26666666666665
Mason Plumlee,Clippers,2022-23,C,19.870289855072464,457.01666666666665
Mason Plumlee,Clippers,2023-24,C,14.650362318840578,673.9166666666666
Mason Plumlee,Hornets,2021-22,C,24.555479452054794,1792.55
Mason Plumlee,Hornets,2022-23,C,28.499107142857145,1595.95
Mason Plumlee,Nets,2013-14,C,18.24828431372549,1240.8833333333334
Mason Plumlee,Nets,2013-14,F,16.941666666666666,33.88333333333333
Mason Plumlee,Nets,2014-15,C,20.728169014084507,1471.7
Mason Plumlee,Nets,2014-15,F,24.63333333333333,270.96666666666664
Mason Plumlee,Nuggets,2016-17,C,20.19736842105263,383.75
Mason Plumlee,Nuggets,2016-17,F,31.0125,248.1
Mason Plumlee,Nuggets,2017-18,C,19.717361111111114,1419.65
Mason Plumlee,Nuggets,2017-18,F,9.908333333333335,19.81666666666667
Mason Plumlee,Nuggets,2018-19,C,20.738194444444446,1493.15
Mason Plumlee,Nuggets,2018-19,F,23.783333333333335,237.83333333333334
Mason Plumlee,Nuggets,2019-20,C,17.41141975308642,940.2166666666667
Mason Plumlee,Nuggets,2019-20,F,16.73095238095238,117.11666666666666
Mason Plumlee,Pistons,2020-21,C,26.761011904761904,1498.6166666666666
Mason Plumlee,Trail Blazers,2015-16,C,25.290416666666665,2023.2333333333333
Mason Plumlee,Trail Blazers,2015-16,F,30.166666666666668,60.333333333333336
Mason Plumlee,Trail Blazers,2016-17,C,28.069135802469138,1515.7333333333333
Matisse Thybulle,76ers,2019-20,F,20.16006289308176,1068.4833333333333
Matisse Thybulle,76ers,2019-20,G,18.247222222222224,218.96666666666667
Matisse Thybulle,76ers,2020-21,F,19.039430894308943,780.6166666666667
Matisse Thybulle,76ers,2020-21,G,21.559027777777775,517.4166666666666
Matisse Thybulle,76ers,2021-22,F,25.853107344632768,1525.3333333333333
Matisse Thybulle,76ers,2021-22,G,22.85238095238095,159.96666666666667
Matisse Thybulle,76ers,2022-23,F,10.874761904761906,380.6166666666667
Matisse Thybulle,76ers,2022-23,G,15.025,210.35
Matisse Thybulle,Trail Blazers,2022-23,F,26.931578947368422,511.7
Matisse Thybulle,Trail Blazers,2022-23,G,32.59444444444444,97.78333333333333
Matisse Thybulle,Trail Blazers,2023-24,F,22.08641975308642,1192.6666666666667
Matisse Thybulle,Trail Blazers,2023-24,G,26.79242424242424,294.71666666666664
Matt Barnes,Clippers,2012-13,F,25.723958333333332,2057.9166666666665
Matt Barnes,Clippers,2013-14,F,27.544444444444444,1735.3
Matt Barnes,Clippers,2014-15,F,29.884429824561405,2271.2166666666667
Matt Barnes,Grizzlies,2015-16,F,28.818201754385967,2190.1833333333334
Matt Barnes,Kings,2016-17,F,25.30246913580247,1366.3333333333333
Matt Barnes,Lakers,2010-11,F,19.242767295597485,1019.8666666666667
Matt Barnes,Lakers,2011-12,F,22.85952380952381,1440.15
Matt Barnes,Warriors,2016-17,F,20.48,409.6
Matt Bonner,Spurs,2010-11,C,21.863333333333333,874.5333333333333
Matt Bonner,Spurs,2010-11,F,21.432051282051283,557.2333333333333
Matt Bonner,Spurs,2011-12,C,20.101219512195122,824.15
Matt Bonner,Spurs,2011-12,F,20.89375,501.45
Matt Bonner,Spurs,2012-13,C,13.527906976744188,581.7
Matt Bonner,Spurs,2012-13,F,13.075333333333333,326.8833333333333
Matt Bonner,Spurs,2013-14,C,10.02047619047619,350.71666666666664
Matt Bonner,Spurs,2013-14,F,13.052564102564103,339.3666666666667
Matt Bonner,Spurs,2014-15,C,14.144871794871793,735.5333333333333
Matt Bonner,Spurs,2014-15,F,9.997499999999999,199.95
Matt Bonner,Spurs,2015-16,C,5.3758333333333335,107.51666666666667
Matt Bonner,Spurs,2015-16,F,9.84,98.4
Matt Carroll,Bobcats,2010-11,F,10.256737588652483,482.06666666666666
Matt Carroll,Bobcats,2010-11,G,14.278571428571428,99.95
Matt Carroll,Bobcats,2011-12,F,9.999019607843136,339.96666666666664
Matt Carroll,Bobcats,2011-12,G,13.492982456140352,256.3666666666667
Matt Carroll,Bobcats,2012-13,F,5.85,5.85
Matt Ryan,Celtics,2021-22,F,5.25,5.25
Matt Ryan,Lakers,2022-23,F,10.763888888888891,129.16666666666669
Matt Ryan,Pelicans,2023-24,F,13.942857142857141,390.4
Matt Ryan,Timberwolves,2022-23,F,8.228030303030303,181.01666666666668
Matt Thomas,Bulls,2021-22,G,11.487916666666667,459.51666666666665
Matt Thomas,Jazz,2020-21,G,7.072807017543859,134.38333333333333
Matt Thomas,Raptors,2019-20,G,10.733333333333333,440.06666666666666
Matt Thomas,Raptors,2020-21,G,7.394871794871795,192.26666666666668
Matthew Dellavedova,Bucks,2016-17,G,26.13201754385965,1986.0333333333333
Matthew Dellavedova,Bucks,2017-18,G,18.75043859649123,712.5166666666667
Matthew Dellavedova,Bucks,2018-19,G,8.106944444444444,97.28333333333333
Matthew Dellavedova,Cavaliers,2013-14,F,19.25,57.75
Matthew Dellavedova,Cavaliers,2013-14,G,17.58478260869565,1213.35
Matthew Dellavedova,Cavaliers,2014-15,F,26.93333333333333,53.86666666666666
Matthew Dellavedova,Cavaliers,2014-15,G,20.405897435897437,1326.3833333333334
Matthew Dellavedova,Cavaliers,2015-16,F,24.566666666666666,49.13333333333333
Matthew Dellavedova,Cavaliers,2015-16,G,24.570945945945947,1818.25
Matthew Dellavedova,Cavaliers,2018-19,F,16.75,16.75
Matthew Dellavedova,Cavaliers,2018-19,G,19.947142857142858,698.15
Matthew Dellavedova,Cavaliers,2019-20,G,14.399999999999999,820.8
Matthew Dellavedova,Cavaliers,2020-21,G,17.23846153846154,224.1
Matthew Dellavedova,Kings,2022-23,G,6.650520833333333,212.81666666666666
Maurice Evans,Hawks,2010-11,F,15.083333333333334,196.08333333333334
Maurice Evans,Hawks,2010-11,G,18.851960784313725,640.9666666666667
Maurice Evans,Wizards,2010-11,F,26.943055555555556,646.6333333333333
Maurice Evans,Wizards,2010-11,G,32.61666666666667,65.23333333333333
Maurice Evans,Wizards,2011-12,F,14.704347826086956,338.2
Maurice Evans,Wizards,2011-12,G,4.683333333333334,4.683333333333334
Maurice Harkless,Clippers,2019-20,F,22.849999999999998,1096.8
Maurice Harkless,Clippers,2019-20,G,22.03333333333333,44.06666666666666
Maurice Harkless,Heat,2020-21,F,11.231818181818182,123.55
Maurice Harkless,Kings,2020-21,F,24.93653846153846,648.35
Maurice Harkless,Kings,2021-22,F,18.372340425531913,863.5
Maurice Harkless,Knicks,2019-20,F,23.82361111111111,285.8833333333333
Maurice Harkless,Magic,2012-13,C,35.36666666666667,35.36666666666667
Maurice Harkless,Magic,2012-13,F,25.52922374429224,1863.6333333333334
Maurice Harkless,Magic,2012-13,G,37.31666666666666,74.63333333333333
Maurice Harkless,Magic,2013-14,F,24.369999999999997,1949.6
Maurice Harkless,Magic,2014-15,F,14.983333333333333,674.25
Maurice Harkless,Trail Blazers,2015-16,F,18.680555555555554,1457.0833333333333
Maurice Harkless,Trail Blazers,2016-17,F,28.87142857142857,2223.1
Maurice Harkless,Trail Blazers,2017-18,F,21.420338983050847,1263.8
Maurice Harkless,Trail Blazers,2018-19,F,23.58638888888889,1415.1833333333334
Maurice Ndour,Knicks,2016-17,F,10.358333333333334,331.4666666666667
Max Christie,Lakers,2022-23,F,15.558333333333335,93.35000000000001
Max Christie,Lakers,2022-23,G,11.973809523809523,419.0833333333333
Max Christie,Lakers,2023-24,F,13.2,132.0
Max Christie,Lakers,2023-24,G,14.251461988304094,812.3333333333334
Max Strus,Bulls,2019-20,F,3.1166666666666667,6.233333333333333
Max Strus,Cavaliers,2023-24,F,31.443859649122803,1194.8666666666666
Max Strus,Cavaliers,2023-24,G,32.635416666666664,1044.3333333333333
Max Strus,Heat,2020-21,F,11.544166666666666,230.88333333333333
Max Strus,Heat,2020-21,G,14.50877192982456,275.66666666666663
Max Strus,Heat,2021-22,F,24.5518018018018,908.4166666666666
Max Strus,Heat,2021-22,G,21.893010752688173,678.6833333333334
Max Strus,Heat,2022-23,F,25.99108527131783,1117.6166666666666
Max Strus,Heat,2022-23,G,31.1990990990991,1154.3666666666668
Maxi Kleber,Mavericks,2017-18,C,12.9375,51.75
Maxi Kleber,Mavericks,2017-18,F,16.97622549019608,1154.3833333333334
Maxi Kleber,Mavericks,2018-19,C,20.925555555555555,313.8833333333333
Maxi Kleber,Mavericks,2018-19,F,21.21875,1188.25
Maxi Kleber,Mavericks,2019-20,C,29.351190476190478,410.9166666666667
Maxi Kleber,Mavericks,2019-20,F,24.647222222222222,1478.8333333333333
Maxi Kleber,Mavericks,2020-21,C,19.070833333333333,76.28333333333333
Maxi Kleber,Mavericks,2020-21,F,27.48949275362319,1264.5166666666667
Maxi Kleber,Mavericks,2021-22,C,19.544444444444444,117.26666666666667
Maxi Kleber,Mavericks,2021-22,F,25.143710691823898,1332.6166666666666
Maxi Kleber,Mavericks,2022-23,C,20.12666666666667,100.63333333333334
Maxi Kleber,Mavericks,2022-23,F,25.9109375,829.15
Maxi Kleber,Mavericks,2023-24,C,21.402083333333334,342.43333333333334
Maxi Kleber,Mavericks,2023-24,F,19.591975308641977,528.9833333333333
McKinley Wright IV,Mavericks,2022-23,G,12.40864197530864,335.0333333333333
McKinley Wright IV,Timberwolves,2021-22,G,3.7733333333333334,18.866666666666667
Mehmet Okur,Jazz,2010-11,C,12.956410256410257,168.43333333333334
Mehmet Okur,Nets,2011-12,C,26.689215686274512,453.7166666666667
Melvin Ely,Nuggets,2010-11,C,11.460493827160494,309.43333333333334
Melvin Ely,Nuggets,2010-11,F,19.016666666666666,57.05
Melvin Ely,Pelicans,2013-14,F,13.625,27.25
Metta World Peace,Knicks,2013-14,F,13.387931034482758,388.25
Metta World Peace,Lakers,2010-11,F,29.38719512195122,2409.75
Metta World Peace,Lakers,2011-12,F,26.877604166666668,1720.1666666666667
Metta World Peace,Lakers,2012-13,F,33.72888888888889,2529.6666666666665
Metta World Peace,Lakers,2015-16,F,16.853809523809524,589.8833333333333
Metta World Peace,Lakers,2016-17,F,5.3826086956521735,123.8
Metta World Peace,Lakers,2016-17,G,18.266666666666666,36.53333333333333
Meyers Leonard,Bucks,2022-23,C,12.63888888888889,113.75
Meyers Leonard,Heat,2019-20,C,20.273202614379088,1033.9333333333334
Meyers Leonard,Heat,2020-21,C,9.794444444444444,29.383333333333333
Meyers Leonard,Trail Blazers,2012-13,C,18.59404761904762,780.9499999999999
Meyers Leonard,Trail Blazers,2012-13,F,15.753086419753085,425.3333333333333
Meyers Leonard,Trail Blazers,2013-14,C,7.985416666666667,191.65
Meyers Leonard,Trail Blazers,2013-14,F,10.222916666666666,163.56666666666666
Meyers Leonard,Trail Blazers,2014-15,C,13.578333333333335,407.35
Meyers Leonard,Trail Blazers,2014-15,F,17.569333333333333,439.23333333333335
Meyers Leonard,Trail Blazers,2015-16,C,21.182291666666668,677.8333333333334
Meyers Leonard,Trail Blazers,2015-16,F,22.578735632183907,654.7833333333333
Meyers Leonard,Trail Blazers,2016-17,C,16.753846153846155,653.4
Meyers Leonard,Trail Blazers,2016-17,F,16.245238095238097,568.5833333333334
Meyers Leonard,Trail Blazers,2017-18,C,8.195098039215686,139.31666666666666
Meyers Leonard,Trail Blazers,2017-18,F,7.145833333333333,114.33333333333333
Meyers Leonard,Trail Blazers,2018-19,C,14.974404761904761,419.2833333333333
Meyers Leonard,Trail Blazers,2018-19,F,13.891414141414142,458.4166666666667
Michael Beasley,Bucks,2016-17,F,16.6875,934.5
Michael Beasley,Heat,2013-14,C,11.423809523809524,79.96666666666667
Michael Beasley,Heat,2013-14,F,15.655208333333334,751.45
Michael Beasley,Heat,2014-15,C,25.804166666666667,103.21666666666667
Michael Beasley,Heat,2014-15,F,20.080000000000002,401.6
Michael Beasley,Knicks,2017-18,F,22.344144144144146,1653.4666666666667
Michael Beasley,Lakers,2018-19,F,10.672435897435898,277.48333333333335
Michael Beasley,Rockets,2015-16,F,18.130000000000003,362.6
Michael Beasley,Suns,2012-13,F,20.720666666666666,1554.05
Michael Beasley,Timberwolves,2010-11,F,32.34885844748859,2361.4666666666667
Michael Beasley,Timberwolves,2011-12,F,23.131914893617022,1087.2
Michael Carter-Williams,76ers,2013-14,G,34.4847619047619,2413.9333333333334
Michael Carter-Williams,76ers,2014-15,G,33.93861788617886,1391.4833333333333
Michael Carter-Williams,Bucks,2014-15,G,30.33866666666667,758.4666666666667
Michael Carter-Williams,Bucks,2015-16,G,30.5429012345679,1649.3166666666666
Michael Carter-Williams,Bulls,2016-17,F,19.055555555555557,57.16666666666667
Michael Carter-Williams,Bulls,2016-17,G,18.792460317460318,789.2833333333333
Michael Carter-Williams,Hornets,2017-18,G,16.052884615384617,834.75
Michael Carter-Williams,Magic,2018-19,G,18.934722222222224,227.21666666666667
Michael Carter-Williams,Magic,2019-20,G,18.514814814814812,833.1666666666666
Michael Carter-Williams,Magic,2020-21,G,25.794623655913977,799.6333333333333
Michael Carter-Williams,Magic,2022-23,G,11.120833333333334,44.483333333333334
Michael Carter-Williams,Rockets,2018-19,F,9.054444444444444,135.81666666666666
Michael Carter-Williams,Rockets,2018-19,G,8.816666666666666,8.816666666666666
Michael Kidd-Gilchrist,Bobcats,2012-13,F,25.87186147186147,1992.1333333333334
Michael Kidd-Gilchrist,Bobcats,2012-13,G,32.65,32.65
Michael Kidd-Gilchrist,Bobcats,2013-14,F,24.226881720430107,1502.0666666666666
Michael Kidd-Gilchrist,Hornets,2014-15,F,28.862424242424243,1587.4333333333334
Michael Kidd-Gilchrist,Hornets,2015-16,F,29.25,204.75
Michael Kidd-Gilchrist,Hornets,2016-17,F,29.005555555555553,2349.45
Michael Kidd-Gilchrist,Hornets,2017-18,F,25.00382882882883,1850.2833333333333
Michael Kidd-Gilchrist,Hornets,2018-19,F,18.425520833333334,1179.2333333333333
Michael Kidd-Gilchrist,Hornets,2019-20,F,13.298611111111112,159.58333333333334
Michael Kidd-Gilchrist,Mavericks,2019-20,F,9.315384615384614,121.1
Michael Porter Jr.,Nuggets,2019-20,F,16.423333333333332,903.2833333333333
Michael Porter Jr.,Nuggets,2020-21,F,31.4433908045977,1823.7166666666667
Michael Porter Jr.,Nuggets,2020-21,G,29.53888888888889,88.61666666666667
Michael Porter Jr.,Nuggets,2021-22,F,29.450000000000003,265.05
Michael Porter Jr.,Nuggets,2022-23,F,28.998387096774195,1797.9
Michael Porter Jr.,Nuggets,2023-24,F,31.662345679012347,2564.65
Michael Redd,Bucks,2010-11,G,13.431666666666667,134.31666666666666
Michael Redd,Suns,2011-12,G,15.100653594771241,770.1333333333333
Mickael Gelabale,Timberwolves,2012-13,F,17.887500000000003,643.95
Mickael Pietrus,Celtics,2011-12,F,27.59047619047619,193.13333333333333
Mickael Pietrus,Celtics,2011-12,G,20.80047619047619,728.0166666666667
Mickael Pietrus,Magic,2010-11,F,21.976315789473684,417.55
Mickael Pietrus,Raptors,2012-13,F,20.333333333333336,386.33333333333337
Mickael Pietrus,Suns,2010-11,F,18.456521739130434,424.5
Mickael Pietrus,Suns,2010-11,G,17.657777777777778,264.8666666666667
Mickell Gladness,Heat,2011-12,C,3.54375,28.35
Mickell Gladness,Warriors,2011-12,C,12.428703703703704,223.71666666666667
Mikal Bridges,Nets,2022-23,G,34.18641975308642,923.0333333333333
Mikal Bridges,Nets,2023-24,F,34.13647798742139,1809.2333333333333
Mikal Bridges,Nets,2023-24,G,36.03563218390804,1045.0333333333333
Mikal Bridges,Suns,2018-19,F,30.531182795698925,1892.9333333333334
Mikal Bridges,Suns,2018-19,G,26.20916666666667,524.1833333333334
Mikal Bridges,Suns,2019-20,F,28.2271144278607,1891.2166666666667
Mikal Bridges,Suns,2019-20,G,25.155555555555555,150.93333333333334
Mikal Bridges,Suns,2020-21,F,32.58014705882353,2215.45
Mikal Bridges,Suns,2020-21,G,33.07083333333333,132.28333333333333
Mikal Bridges,Suns,2021-22,F,34.80934959349594,2854.366666666667
Mikal Bridges,Suns,2022-23,F,36.22280701754386,1376.4666666666667
Mikal Bridges,Suns,2022-23,G,36.87129629629629,663.6833333333333
Mike Bibby,Hawks,2010-11,G,29.88422619047619,1673.5166666666667
Mike Bibby,Heat,2010-11,G,26.43409090909091,581.55
Mike Bibby,Knicks,2011-12,G,14.279059829059829,556.8833333333333
Mike Bibby,Wizards,2010-11,G,14.675,29.35
Mike Conley,Grizzlies,2010-11,G,35.45411522633745,2871.7833333333333
Mike Conley,Grizzlies,2011-12,G,35.06639784946237,2174.116666666667
Mike Conley,Grizzlies,2012-13,G,34.457499999999996,2756.6
Mike Conley,Grizzlies,2013-14,G,33.50570776255707,2445.9166666666665
Mike Conley,Grizzlies,2014-15,G,31.784999999999997,2224.95
Mike Conley,Grizzlies,2015-16,G,31.4375,1760.5
Mike Conley,Grizzlies,2016-17,G,33.21521739130435,2291.85
Mike Conley,Grizzlies,2017-18,G,31.102777777777778,373.23333333333335
Mike Conley,Grizzlies,2018-19,G,33.454523809523806,2341.8166666666666
Mike Conley,Jazz,2019-20,G,29.006382978723405,1363.3
Mike Conley,Jazz,2020-21,G,29.36535947712418,1497.6333333333332
Mike Conley,Jazz,2021-22,G,28.584953703703704,2058.116666666667
Mike Conley,Jazz,2022-23,G,29.662403100775194,1275.4833333333333
Mike Conley,Timberwolves,2022-23,G,31.35763888888889,752.5833333333334
Mike Conley,Timberwolves,2023-24,G,28.86140350877193,2193.4666666666667
Mike Dunleavy,Bucks,2011-12,F,26.20133333333333,1310.0666666666666
Mike Dunleavy,Bucks,2011-12,G,26.93333333333333,134.66666666666666
Mike Dunleavy,Bucks,2012-13,F,25.817619047619047,1807.2333333333333
Mike Dunleavy,Bucks,2012-13,G,27.06666666666667,135.33333333333334
Mike Dunleavy,Bulls,2013-14,F,31.537974683544302,2491.5
Mike Dunleavy,Bulls,2013-14,G,30.755555555555556,92.26666666666667
Mike Dunleavy,Bulls,2014-15,F,29.22956989247312,1812.2333333333333
Mike Dunleavy,Bulls,2014-15,G,25.616666666666667,25.616666666666667
Mike Dunleavy,Bulls,2015-16,F,22.66559139784946,702.6333333333333
Mike Dunleavy,Cavaliers,2016-17,F,15.680833333333334,313.6166666666667
Mike Dunleavy,Cavaliers,2016-17,G,17.58888888888889,52.766666666666666
Mike Dunleavy,Hawks,2016-17,F,15.819444444444446,474.58333333333337
Mike Dunleavy,Pacers,2010-11,F,30.425,60.85
Mike Dunleavy,Pacers,2010-11,G,27.490112994350284,1621.9166666666667
Mike James,Bulls,2011-12,G,10.93030303030303,120.23333333333333
Mike James,Bulls,2013-14,G,7.010606060606062,77.11666666666667
Mike James,Mavericks,2012-13,G,19.151851851851852,861.8333333333334
Mike James,Nets,2020-21,G,18.153846153846153,236.0
Mike James,Pelicans,2017-18,G,4.483333333333333,17.933333333333334
Mike James,Suns,2017-18,G,20.8921875,668.55
Mike Miller,Cavaliers,2014-15,F,12.567083333333333,502.68333333333334
Mike Miller,Cavaliers,2014-15,G,16.541666666666668,198.5
Mike Miller,Grizzlies,2013-14,F,20.825,874.65
Mike Miller,Grizzlies,2013-14,G,20.79625,831.85
Mike Miller,Heat,2010-11,F,21.308333333333334,127.85
Mike Miller,Heat,2010-11,G,20.27952380952381,709.7833333333333
Mike Miller,Heat,2011-12,F,19.0375,76.15
Mike Miller,Heat,2011-12,G,19.32190476190476,676.2666666666667
Mike Miller,Heat,2012-13,F,17.683333333333334,123.78333333333333
Mike Miller,Heat,2012-13,G,14.920192307692307,775.85
Mike Miller,Nuggets,2015-16,F,7.93581560283688,372.98333333333335
Mike Miller,Nuggets,2016-17,F,7.527499999999999,150.54999999999998
Mike Muscala,76ers,2018-19,C,20.58888888888889,123.53333333333333
Mike Muscala,76ers,2018-19,F,22.38089430894309,917.6166666666667
Mike Muscala,Celtics,2022-23,C,10.96111111111111,32.88333333333333
Mike Muscala,Celtics,2022-23,F,17.070588235294117,290.2
Mike Muscala,Hawks,2013-14,C,11.123809523809525,77.86666666666667
Mike Muscala,Hawks,2013-14,F,10.546153846153846,137.1
Mike Muscala,Hawks,2014-15,C,14.530434782608696,334.2
Mike Muscala,Hawks,2014-15,F,9.87843137254902,167.93333333333334
Mike Muscala,Hawks,2015-16,C,9.420833333333334,263.78333333333336
Mike Muscala,Hawks,2015-16,F,9.410416666666666,301.1333333333333
Mike Muscala,Hawks,2016-17,C,16.82450980392157,572.0333333333333
Mike Muscala,Hawks,2016-17,F,18.46898148148148,664.8833333333333
Mike Muscala,Hawks,2017-18,C,19.326470588235296,328.55
Mike Muscala,Hawks,2017-18,F,20.319907407407406,731.5166666666667
Mike Muscala,Lakers,2018-19,F,15.570588235294117,264.7
Mike Muscala,Pistons,2023-24,F,13.167948717948718,171.18333333333334
Mike Muscala,Thunder,2019-20,C,11.418627450980393,388.23333333333335
Mike Muscala,Thunder,2019-20,F,14.117948717948718,183.53333333333333
Mike Muscala,Thunder,2020-21,C,17.6625,353.25
Mike Muscala,Thunder,2020-21,F,19.48,292.2
Mike Muscala,Thunder,2021-22,C,14.351149425287357,416.18333333333334
Mike Muscala,Thunder,2021-22,F,12.598809523809523,176.38333333333333
Mike Muscala,Thunder,2022-23,C,15.230459770114942,441.68333333333334
Mike Muscala,Thunder,2022-23,F,12.879761904761905,180.31666666666666
Mike Muscala,Thunder,2023-24,C,6.778571428571428,47.449999999999996
Mike Muscala,Thunder,2023-24,F,4.885185185185185,43.96666666666667
Mike Muscala,Wizards,2023-24,C,14.602380952380951,306.65
Mike Muscala,Wizards,2023-24,F,10.311111111111112,30.933333333333334
Mike Scott,76ers,2018-19,C,25.009999999999998,125.05
Mike Scott,76ers,2018-19,F,23.747727272727275,522.45
Mike Scott,76ers,2019-20,C,15.685897435897434,203.91666666666666
Mike Scott,76ers,2019-20,F,18.23909090909091,1003.15
Mike Scott,76ers,2020-21,C,17.542708333333334,280.68333333333334
Mike Scott,76ers,2020-21,F,16.313333333333333,570.9666666666667
Mike Scott,Clippers,2018-19,F,14.390384615384615,748.3
Mike Scott,Hawks,2012-13,C,11.595,115.95
Mike Scott,Hawks,2012-13,F,8.658888888888889,259.76666666666665
Mike Scott,Hawks,2013-14,C,16.51794871794872,214.73333333333335
Mike Scott,Hawks,2013-14,F,18.91218905472637,1267.1166666666668
Mike Scott,Hawks,2014-15,C,19.534615384615385,253.95
Mike Scott,Hawks,2014-15,F,15.801515151515153,869.0833333333334
Mike Scott,Hawks,2015-16,C,15.601754385964913,296.43333333333334
Mike Scott,Hawks,2015-16,F,15.17529761904762,849.8166666666667
Mike Scott,Hawks,2016-17,C,3.9916666666666663,7.9833333333333325
Mike Scott,Hawks,2016-17,F,11.686458333333334,186.98333333333335
Mike Scott,Wizards,2017-18,F,18.504605263157895,1406.35
Miles Bridges,Hornets,2018-19,F,21.203958333333333,1696.3166666666666
Miles Bridges,Hornets,2019-20,F,30.701538461538462,1995.6
Miles Bridges,Hornets,2020-21,F,29.27171717171717,1931.9333333333334
Miles Bridges,Hornets,2021-22,F,35.464166666666664,2837.133333333333
Miles Bridges,Hornets,2023-24,F,37.407487922705315,2581.116666666667
Miles McBride,Knicks,2021-22,G,9.305416666666668,372.2166666666667
Miles McBride,Knicks,2022-23,G,11.879947916666667,760.3166666666667
Miles McBride,Knicks,2023-24,G,19.525490196078433,1327.7333333333333
Miles Plumlee,Bucks,2014-15,C,9.968421052631578,189.4
Miles Plumlee,Bucks,2015-16,C,14.260655737704917,869.9
Miles Plumlee,Bucks,2016-17,C,9.7,310.4
Miles Plumlee,Hawks,2017-18,C,16.684848484848484,917.6666666666666
Miles Plumlee,Hawks,2018-19,C,9.606481481481481,172.91666666666666
Miles Plumlee,Hornets,2016-17,C,13.40128205128205,174.21666666666667
Miles Plumlee,Pacers,2012-13,C,3.9309523809523808,55.03333333333333
Miles Plumlee,Suns,2013-14,C,24.49873417721519,1935.4
Miles Plumlee,Suns,2013-14,F,28.316666666666666,28.316666666666666
Miles Plumlee,Suns,2014-15,C,18.659748427672955,988.9666666666667
Miles Plumlee,Suns,2014-15,F,15.9,15.9
Milos Teodosic,Clippers,2017-18,G,25.20185185185185,1134.0833333333333
Milos Teodosic,Clippers,2018-19,G,10.001111111111111,150.01666666666668
Mindaugas Kuzminskas,Knicks,2016-17,F,14.945833333333333,1016.3166666666666
Mindaugas Kuzminskas,Knicks,2017-18,F,1.85,1.85
Ming Yao,Rockets,2010-11,C,18.10333333333333,90.51666666666667
Miroslav Raduljica,Bucks,2013-14,C,9.678472222222222,464.56666666666666
Miroslav Raduljica,Timberwolves,2014-15,C,4.55,22.75
Mirza Teletovic,Bucks,2016-17,F,16.19095238095238,1133.3666666666666
Mirza Teletovic,Bucks,2017-18,F,15.916666666666666,159.16666666666666
Mirza Teletovic,Nets,2012-13,F,9.422955974842768,499.4166666666667
Mirza Teletovic,Nets,2013-14,F,19.38310185185185,1395.5833333333333
Mirza Teletovic,Nets,2014-15,F,22.308333333333334,892.3333333333334
Mirza Teletovic,Suns,2015-16,F,21.33565400843882,1685.5166666666667
Mitch McGary,Thunder,2014-15,F,15.1546875,484.95
Mitch McGary,Thunder,2015-16,F,3.6233333333333335,72.46666666666667
Mitchell Robinson,Knicks,2018-19,C,20.5989898989899,1359.5333333333333
Mitchell Robinson,Knicks,2019-20,C,23.152732240437157,1412.3166666666666
Mitchell Robinson,Knicks,2020-21,C,27.501612903225805,852.55
Mitchell Robinson,Knicks,2021-22,C,25.671759259259257,1848.3666666666666
Mitchell Robinson,Knicks,2022-23,C,26.929943502824862,1588.8666666666668
Mitchell Robinson,Knicks,2023-24,C,24.77795698924731,768.1166666666667
Miye Oni,Jazz,2019-20,F,10.908333333333333,109.08333333333333
Miye Oni,Jazz,2020-21,F,9.619135802469135,519.4333333333333
Miye Oni,Jazz,2021-22,F,2.7625,44.2
Mo Bamba,76ers,2023-24,C,12.989181286549707,740.3833333333333
Mo Bamba,Lakers,2022-23,C,9.751851851851852,87.76666666666667
Mo Bamba,Magic,2018-19,C,16.302482269503546,766.2166666666667
Mo Bamba,Magic,2019-20,C,14.166935483870969,878.35
Mo Bamba,Magic,2020-21,C,15.7518115942029,724.5833333333334
Mo Bamba,Magic,2021-22,C,25.686150234741785,1823.7166666666667
Mo Bamba,Magic,2022-23,C,17.016666666666666,680.6666666666666
Mo Williams,Cavaliers,2010-11,G,29.59537037037037,1065.4333333333334
Mo Williams,Cavaliers,2015-16,G,18.239430894308946,747.8166666666667
Mo Williams,Clippers,2010-11,G,32.86969696969697,723.1333333333333
Mo Williams,Clippers,2011-12,G,28.3025641025641,1471.7333333333333
Mo Williams,Hornets,2014-15,G,30.79135802469136,831.3666666666667
Mo Williams,Jazz,2012-13,G,30.821376811594202,1417.7833333333333
Mo Williams,Timberwolves,2014-15,G,28.01951219512195,1148.8
Mo Williams,Trail Blazers,2013-14,G,24.774774774774773,1833.3333333333333
Monta Ellis,Bucks,2011-12,G,35.95238095238095,755.0
Monta Ellis,Bucks,2012-13,G,37.517276422764226,3076.4166666666665
Monta Ellis,Mavericks,2013-14,G,36.861178861788616,3022.616666666667
Monta Ellis,Mavericks,2014-15,F,32.516666666666666,32.516666666666666
Monta Ellis,Mavericks,2014-15,G,33.75632911392405,2666.75
Monta Ellis,Pacers,2015-16,G,33.75308641975309,2734.0
Monta Ellis,Pacers,2016-17,G,26.99617117117117,1997.7166666666667
Monta Ellis,Warriors,2010-11,G,40.33333333333333,3226.6666666666665
Monta Ellis,Warriors,2011-12,G,36.90360360360361,1365.4333333333334
Monte Morris,Nuggets,2017-18,G,8.427777777777779,25.283333333333335
Monte Morris,Nuggets,2018-19,G,24.027032520325204,1970.2166666666667
Monte Morris,Nuggets,2019-20,G,22.41917808219178,1636.6
Monte Morris,Nuggets,2020-21,G,25.450000000000003,1196.15
Monte Morris,Nuggets,2021-22,G,29.852888888888888,2238.9666666666667
Monte Morris,Pistons,2023-24,G,11.372222222222222,68.23333333333333
Monte Morris,Timberwolves,2023-24,G,15.104938271604938,407.8333333333333
Monte Morris,Wizards,2022-23,G,27.356451612903225,1696.1
Montrezl Harrell,76ers,2022-23,C,11.948538011695907,681.0666666666667
Montrezl Harrell,Clippers,2017-18,C,17.231388888888887,1033.8833333333332
Montrezl Harrell,Clippers,2017-18,F,16.207291666666666,259.31666666666666
Montrezl Harrell,Clippers,2018-19,C,26.198222222222224,1964.8666666666668
Montrezl Harrell,Clippers,2018-19,F,27.616666666666667,193.31666666666666
Montrezl Harrell,Clippers,2019-20,C,27.73796296296296,1497.85
Montrezl Harrell,Clippers,2019-20,F,27.918518518518518,251.26666666666665
Montrezl Harrell,Hornets,2021-22,C,20.939333333333334,523.4833333333333
Montrezl Harrell,Lakers,2020-21,C,20.687037037037037,186.18333333333334
Montrezl Harrell,Lakers,2020-21,F,23.23611111111111,1394.1666666666667
Montrezl Harrell,Rockets,2015-16,C,9.563963963963964,353.8666666666667
Montrezl Harrell,Rockets,2015-16,F,12.399999999999999,24.799999999999997
Montrezl Harrell,Rockets,2016-17,C,18.33764367816092,1063.5833333333333
Montrezl Harrell,Wizards,2021-22,C,24.279710144927535,1116.8666666666666
Moritz Wagner,Celtics,2020-21,C,6.764814814814815,60.88333333333333
Moritz Wagner,Lakers,2018-19,C,10.21875,81.75
Moritz Wagner,Lakers,2018-19,F,10.412380952380952,364.43333333333334
Moritz Wagner,Magic,2020-21,C,8.516666666666667,8.516666666666667
Moritz Wagner,Magic,2020-21,F,27.706666666666667,277.06666666666666
Moritz Wagner,Magic,2021-22,C,14.640625,702.75
Moritz Wagner,Magic,2021-22,F,17.118888888888886,256.7833333333333
Moritz Wagner,Magic,2022-23,C,21.185470085470087,826.2333333333333
Moritz Wagner,Magic,2022-23,F,15.734259259259261,283.2166666666667
Moritz Wagner,Magic,2023-24,C,17.704464285714288,991.45
Moritz Wagner,Magic,2023-24,F,17.638194444444444,423.31666666666666
Moritz Wagner,Wizards,2019-20,C,18.563703703703705,835.3666666666667
Moritz Wagner,Wizards,2020-21,C,15.015333333333333,375.3833333333333
Moses Brown,Cavaliers,2021-22,C,12.542857142857143,175.6
Moses Brown,Clippers,2022-23,C,8.463235294117647,287.75
Moses Brown,Mavericks,2021-22,C,6.489743589743589,168.73333333333332
Moses Brown,Nets,2022-23,C,3.2,6.4
Moses Brown,Thunder,2020-21,C,21.400387596899225,920.2166666666667
Moses Brown,Trail Blazers,2019-20,C,3.6500000000000004,32.85
Moses Brown,Trail Blazers,2023-24,C,9.091666666666667,200.01666666666668
Moses Moody,Warriors,2021-22,F,11.855855855855856,438.6666666666667
Moses Moody,Warriors,2021-22,G,11.233333333333333,168.5
Moses Moody,Warriors,2022-23,F,13.173484848484849,579.6333333333333
Moses Moody,Warriors,2022-23,G,12.501754385964912,237.53333333333333
Moses Moody,Warriors,2023-24,F,17.83809523809524,874.0666666666667
Moses Moody,Warriors,2023-24,G,16.577450980392157,281.81666666666666
Moussa Diabate,Clippers,2022-23,C,8.885606060606062,195.48333333333335
Moussa Diabate,Clippers,2023-24,C,5.83939393939394,64.23333333333333
Mychal Mulder,Heat,2021-22,F,42.15,42.15
Mychal Mulder,Heat,2021-22,G,2.1333333333333333,2.1333333333333333
Mychal Mulder,Magic,2021-22,F,14.266666666666667,14.266666666666667
Mychal Mulder,Magic,2021-22,G,12.928571428571429,181.0
Mychal Mulder,Warriors,2019-20,G,29.097619047619048,203.68333333333334
Mychal Mulder,Warriors,2020-21,G,12.7625,765.75
Mychel Thompson,Cavaliers,2011-12,G,18.946666666666665,94.73333333333333
Myles Turner,Pacers,2015-16,C,17.614197530864196,475.5833333333333
Myles Turner,Pacers,2015-16,F,27.01818181818182,891.6
Myles Turner,Pacers,2016-17,C,31.370576131687244,2541.016666666667
Myles Turner,Pacers,2017-18,C,28.357552083333335,1814.8833333333334
Myles Turner,Pacers,2017-18,F,21.3,21.3
Myles Turner,Pacers,2018-19,C,28.632207207207205,2118.7833333333333
Myles Turner,Pacers,2019-20,C,29.45737704918033,1796.9
Myles Turner,Pacers,2019-20,F,28.916666666666668,28.916666666666668
Myles Turner,Pacers,2020-21,C,30.964893617021275,1455.35
Myles Turner,Pacers,2021-22,C,29.120430107526882,902.7333333333333
Myles Turner,Pacers,2021-22,F,30.181818181818183,332.0
Myles Turner,Pacers,2022-23,C,29.43924731182796,1825.2333333333333
Myles Turner,Pacers,2023-24,C,26.96666666666667,2076.4333333333334
Naji Marshall,Pelicans,2020-21,F,23.22948717948718,603.9666666666667
Naji Marshall,Pelicans,2020-21,G,15.955555555555556,95.73333333333333
Naji Marshall,Pelicans,2021-22,F,13.16938775510204,645.3
Naji Marshall,Pelicans,2021-22,G,15.047222222222222,90.28333333333333
Naji Marshall,Pelicans,2022-23,F,22.707650273224044,1385.1666666666667
Naji Marshall,Pelicans,2022-23,G,25.433333333333334,406.93333333333334
Naji Marshall,Pelicans,2023-24,F,18.994791666666668,911.75
Naji Marshall,Pelicans,2023-24,G,19.187962962962963,345.3833333333333
Nando De Colo,Raptors,2013-14,G,9.200793650793651,193.21666666666667
Nando De Colo,Spurs,2012-13,G,12.781944444444443,920.3
Nando De Colo,Spurs,2013-14,G,11.58397435897436,301.18333333333334
Nassir Little,Suns,2023-24,F,10.184814814814814,458.31666666666666
Nassir Little,Trail Blazers,2019-20,F,11.926736111111111,572.4833333333333
Nassir Little,Trail Blazers,2020-21,F,13.341666666666667,640.4
Nassir Little,Trail Blazers,2021-22,F,25.91388888888889,1088.3833333333334
Nassir Little,Trail Blazers,2022-23,F,18.075617283950617,976.0833333333333
Nate Robinson,Bulls,2012-13,G,25.442886178861787,2086.3166666666666
Nate Robinson,Celtics,2010-11,G,17.868787878787877,982.7833333333333
Nate Robinson,Clippers,2014-15,G,14.02037037037037,126.18333333333334
Nate Robinson,Nuggets,2013-14,G,19.68371212121212,866.0833333333334
Nate Robinson,Nuggets,2014-15,G,14.083838383838383,464.76666666666665
Nate Robinson,Pelicans,2015-16,G,11.65,23.3
Nate Robinson,Thunder,2010-11,G,7.620833333333334,30.483333333333334
Nate Robinson,Warriors,2011-12,G,23.37908496732026,1192.3333333333333
Nate Wolters,Bucks,2013-14,G,22.575287356321837,1309.3666666666666
Nate Wolters,Bucks,2014-15,G,12.877272727272727,141.65
Nate Wolters,Jazz,2017-18,G,3.7566666666666664,18.78333333333333
Nate Wolters,Pelicans,2014-15,G,10.503333333333334,105.03333333333333
Nathan Knight,Hawks,2020-21,C,8.447474747474747,278.76666666666665
Nathan Knight,Timberwolves,2021-22,C,7.225225225225225,267.3333333333333
Nathan Knight,Timberwolves,2022-23,C,7.651315789473684,290.75
Naz Reid,Timberwolves,2019-20,C,16.720689655172414,484.9
Naz Reid,Timberwolves,2019-20,F,10.583333333333334,10.583333333333334
Naz Reid,Timberwolves,2020-21,C,19.115364583333335,1223.3833333333334
Naz Reid,Timberwolves,2020-21,F,20.54722222222222,123.28333333333333
Naz Reid,Timberwolves,2021-22,C,16.034848484848485,1058.3
Naz Reid,Timberwolves,2021-22,F,14.272727272727273,157.0
Naz Reid,Timberwolves,2022-23,C,18.63625730994152,1062.2666666666667
Naz Reid,Timberwolves,2022-23,F,17.153030303030302,188.68333333333334
Naz Reid,Timberwolves,2023-24,C,23.385416666666664,1309.5833333333333
Naz Reid,Timberwolves,2023-24,F,26.17,654.25
Nazr Mohammed,Bobcats,2010-11,C,16.684640522875817,850.9166666666666
Nazr Mohammed,Bulls,2012-13,C,10.9989417989418,692.9333333333334
Nazr Mohammed,Bulls,2013-14,C,7.030416666666666,562.4333333333333
Nazr Mohammed,Bulls,2014-15,C,5.567391304347827,128.05
Nazr Mohammed,Thunder,2010-11,C,17.863194444444446,428.7166666666667
Nazr Mohammed,Thunder,2011-12,C,10.987037037037036,692.1833333333333
Nazr Mohammed,Thunder,2015-16,C,3.8933333333333335,19.46666666666667
Nemanja Bjelica,Heat,2020-21,F,14.19848484848485,156.18333333333334
Nemanja Bjelica,Kings,2018-19,C,27.272222222222222,81.81666666666666
Nemanja Bjelica,Kings,2018-19,F,23.056081081081082,1706.15
Nemanja Bjelica,Kings,2019-20,C,20.76111111111111,62.28333333333333
Nemanja Bjelica,Kings,2019-20,F,28.245410628019325,1948.9333333333334
Nemanja Bjelica,Kings,2020-21,C,24.066666666666666,24.066666666666666
Nemanja Bjelica,Kings,2020-21,F,16.597333333333335,414.93333333333334
Nemanja Bjelica,Timberwolves,2015-16,F,17.91444444444444,1074.8666666666666
Nemanja Bjelica,Timberwolves,2016-17,F,18.302820512820514,1189.6833333333334
Nemanja Bjelica,Timberwolves,2017-18,F,20.462935323383086,1371.0166666666667
Nemanja Bjelica,Warriors,2021-22,F,16.09037558685446,1142.4166666666667
Nenad Krstic,Celtics,2010-11,C,23.04236111111111,553.0166666666667
Nenad Krstic,Thunder,2010-11,C,21.66099290780142,1018.0666666666666
Nene Hilario,Nuggets,2010-11,C,30.543777777777777,2290.7833333333333
Nene Hilario,Nuggets,2011-12,C,25.494444444444444,152.96666666666667
Nene Hilario,Nuggets,2011-12,F,30.60151515151515,673.2333333333333
Nene Hilario,Rockets,2016-17,C,17.87686567164179,1197.75
Nene Hilario,Rockets,2017-18,C,14.584615384615384,758.4
Nene Hilario,Rockets,2018-19,C,12.995634920634922,545.8166666666667
Nene Hilario,Wizards,2011-12,C,30.180555555555557,181.08333333333334
Nene Hilario,Wizards,2011-12,F,20.5,102.5
Nene Hilario,Wizards,2012-13,F,27.201639344262293,1659.3
Nene Hilario,Wizards,2013-14,C,29.061111111111114,87.18333333333334
Nene Hilario,Wizards,2013-14,F,29.46366666666667,1473.1833333333334
Nene Hilario,Wizards,2014-15,C,26.1,26.1
Nene Hilario,Wizards,2014-15,F,25.26388888888889,1667.4166666666667
Nene Hilario,Wizards,2015-16,C,18.473333333333336,184.73333333333335
Nene Hilario,Wizards,2015-16,F,19.345035460992907,909.2166666666667
Nerlens Noel,76ers,2014-15,C,30.283962264150944,1605.05
Nerlens Noel,76ers,2014-15,F,32.1,706.2
Nerlens Noel,76ers,2015-16,C,29.95114942528736,868.5833333333334
Nerlens Noel,76ers,2015-16,F,28.860087719298246,1096.6833333333334
Nerlens Noel,76ers,2016-17,C,21.70294117647059,368.95
Nerlens Noel,76ers,2016-17,F,16.26527777777778,195.18333333333334
Nerlens Noel,Knicks,2020-21,C,24.165625,1546.6
Nerlens Noel,Knicks,2021-22,C,22.47866666666667,561.9666666666667
Nerlens Noel,Mavericks,2016-17,C,21.943181818181817,482.75
Nerlens Noel,Mavericks,2017-18,C,15.72,471.6
Nerlens Noel,Nets,2022-23,C,14.361111111111112,43.083333333333336
Nerlens Noel,Pistons,2022-23,C,10.828571428571427,151.6
Nerlens Noel,Thunder,2018-19,C,13.709740259740261,1055.65
Nerlens Noel,Thunder,2019-20,C,18.474590163934426,1126.95
Nic Claxton,Nets,2019-20,C,12.101190476190476,169.41666666666666
Nic Claxton,Nets,2019-20,F,17.433333333333334,17.433333333333334
Nic Claxton,Nets,2020-21,C,18.727956989247314,580.5666666666667
Nic Claxton,Nets,2020-21,F,13.633333333333333,13.633333333333333
Nic Claxton,Nets,2021-22,C,20.421481481481482,918.9666666666667
Nic Claxton,Nets,2021-22,F,27.55833333333333,55.11666666666666
Nic Claxton,Nets,2022-23,C,29.877631578947366,2270.7
Nic Claxton,Nets,2023-24,C,29.79859154929577,2115.7
Nick Calathes,Grizzlies,2013-14,G,16.515727699530515,1172.6166666666666
Nick Calathes,Grizzlies,2014-15,G,14.447413793103449,837.95
Nick Collison,Thunder,2010-11,C,21.611904761904764,907.7
Nick Collison,Thunder,2010-11,F,21.243678160919544,616.0666666666667
Nick Collison,Thunder,2011-12,C,21.018571428571427,735.65
Nick Collison,Thunder,2011-12,F,20.39761904761905,571.1333333333333
Nick Collison,Thunder,2012-13,C,19.32992424242424,850.5166666666667
Nick Collison,Thunder,2012-13,F,19.794594594594592,732.4
Nick Collison,Thunder,2013-14,C,17.990972222222222,863.5666666666667
Nick Collison,Thunder,2013-14,F,14.837878787878788,489.65
Nick Collison,Thunder,2014-15,C,16.036507936507935,673.5333333333333
Nick Collison,Thunder,2014-15,F,17.80138888888889,427.23333333333335
Nick Collison,Thunder,2015-16,C,10.88225806451613,337.35
Nick Collison,Thunder,2015-16,F,12.927380952380952,361.96666666666664
Nick Collison,Thunder,2016-17,C,7.1930555555555555,86.31666666666666
Nick Collison,Thunder,2016-17,F,5.18125,41.45
Nick Collison,Thunder,2017-18,C,5.064814814814815,45.583333333333336
Nick Collison,Thunder,2017-18,F,4.872222222222223,29.233333333333334
Nick Richards,Hornets,2020-21,C,3.4787037037037036,62.61666666666667
Nick Richards,Hornets,2021-22,C,7.343,367.15
Nick Richards,Hornets,2022-23,C,18.733846153846155,1217.7
Nick Richards,Hornets,2023-24,C,26.24950248756219,1758.7166666666667
Nick Young,76ers,2012-13,F,21.884999999999998,218.85
Nick Young,76ers,2012-13,G,24.33707482993197,1192.5166666666667
Nick Young,Clippers,2011-12,F,22.96333333333333,114.81666666666666
Nick Young,Clippers,2011-12,G,23.73725490196078,403.5333333333333
Nick Young,Lakers,2013-14,F,28.42028985507246,653.6666666666666
Nick Young,Lakers,2013-14,G,28.191463414634143,1155.85
Nick Young,Lakers,2014-15,F,24.13095238095238,168.91666666666666
Nick Young,Lakers,2014-15,G,23.75047619047619,831.2666666666667
Nick Young,Lakers,2015-16,F,19.45138888888889,233.41666666666666
Nick Young,Lakers,2015-16,G,19.047222222222224,799.9833333333333
Nick Young,Lakers,2016-17,F,28.583333333333332,28.583333333333332
Nick Young,Lakers,2016-17,G,25.892937853107345,1527.6833333333334
Nick Young,Nuggets,2018-19,G,9.283333333333333,37.13333333333333
Nick Young,Warriors,2017-18,G,17.414791666666666,1393.1833333333334
Nick Young,Wizards,2010-11,F,13.166666666666666,13.166666666666666
Nick Young,Wizards,2010-11,G,32.07275132275132,2020.5833333333333
Nick Young,Wizards,2011-12,G,30.27125,1210.85
Nickeil Alexander-Walker,Jazz,2021-22,G,9.921111111111111,148.81666666666666
Nickeil Alexander-Walker,Jazz,2022-23,G,14.669444444444444,528.1
Nickeil Alexander-Walker,Pelicans,2019-20,F,4.283333333333333,4.283333333333333
Nickeil Alexander-Walker,Pelicans,2019-20,G,12.75072463768116,586.5333333333333
Nickeil Alexander-Walker,Pelicans,2020-21,G,21.889855072463767,1006.9333333333333
Nickeil Alexander-Walker,Pelicans,2021-22,F,23.775,47.55
Nickeil Alexander-Walker,Pelicans,2021-22,G,26.447569444444444,1269.4833333333333
Nickeil Alexander-Walker,Timberwolves,2022-23,F,16.544117647058822,281.25
Nickeil Alexander-Walker,Timberwolves,2022-23,G,12.427777777777777,74.56666666666666
Nickeil Alexander-Walker,Timberwolves,2023-24,F,23.081132075471697,1223.3
Nickeil Alexander-Walker,Timberwolves,2023-24,G,24.057471264367816,697.6666666666666
Nico Mannion,Warriors,2020-21,G,12.130555555555556,363.9166666666667
Nicolas Batum,76ers,2023-24,F,25.885964912280702,1475.5
Nicolas Batum,Clippers,2020-21,F,27.385323383084575,1834.8166666666666
Nicolas Batum,Clippers,2021-22,F,24.790112994350284,1462.6166666666668
Nicolas Batum,Clippers,2022-23,F,21.917521367521367,1709.5666666666666
Nicolas Batum,Clippers,2023-24,F,18.038888888888888,54.11666666666667
Nicolas Batum,Hornets,2015-16,F,34.02098765432098,918.5666666666666
Nicolas Batum,Hornets,2015-16,G,35.55813953488372,1529.0
Nicolas Batum,Hornets,2016-17,G,33.990476190476194,2617.266666666667
Nicolas Batum,Hornets,2017-18,G,30.950520833333332,1980.8333333333333
Nicolas Batum,Hornets,2018-19,F,30.564207650273225,1864.4166666666667
Nicolas Batum,Hornets,2018-19,G,34.97261904761905,489.6166666666667
Nicolas Batum,Hornets,2019-20,F,26.202083333333334,209.61666666666667
Nicolas Batum,Hornets,2019-20,G,21.097619047619048,295.3666666666667
Nicolas Batum,Trail Blazers,2010-11,F,31.610548523206756,2497.2333333333336
Nicolas Batum,Trail Blazers,2010-11,G,24.616666666666667,24.616666666666667
Nicolas Batum,Trail Blazers,2011-12,F,29.63586956521739,1363.25
Nicolas Batum,Trail Blazers,2011-12,G,32.89871794871795,427.68333333333334
Nicolas Batum,Trail Blazers,2012-13,F,38.44611872146119,2806.5666666666666
Nicolas Batum,Trail Blazers,2013-14,F,36.048780487804876,2956.0
Nicolas Batum,Trail Blazers,2014-15,F,33.52276995305164,2380.116666666667
Nicolas Brussino,Hawks,2017-18,G,2.4791666666666665,9.916666666666666
Nicolas Brussino,Mavericks,2016-17,F,6.9766666666666675,104.65
Nicolas Brussino,Mavericks,2016-17,G,10.685470085470087,416.73333333333335
Nicolas Laprovittola,Spurs,2016-17,G,9.664814814814815,173.96666666666667
Nicolo Melli,Mavericks,2020-21,F,14.12463768115942,324.8666666666667
Nicolo Melli,Pelicans,2019-20,F,17.36888888888889,1042.1333333333334
Nicolo Melli,Pelicans,2020-21,F,10.967424242424242,241.28333333333333
Nik Stauskas,76ers,2015-16,F,23.203333333333333,116.01666666666667
Nik Stauskas,76ers,2015-16,G,24.897549019607844,1693.0333333333333
Nik Stauskas,76ers,2016-17,F,32.48888888888889,194.93333333333334
Nik Stauskas,76ers,2016-17,G,26.92972972972973,1992.8
Nik Stauskas,76ers,2017-18,G,7.48888888888889,44.93333333333334
Nik Stauskas,Cavaliers,2018-19,G,14.24861111111111,341.96666666666664
Nik Stauskas,Celtics,2021-22,G,2.513888888888889,15.083333333333334
Nik Stauskas,Heat,2021-22,G,11.850000000000001,23.700000000000003
Nik Stauskas,Kings,2014-15,F,17.5,87.5
Nik Stauskas,Kings,2014-15,G,15.280147058823529,1039.05
Nik Stauskas,Nets,2017-18,G,13.668095238095239,478.3833333333333
Nik Stauskas,Trail Blazers,2018-19,G,15.29280303030303,672.8833333333333
Nikola Jokic,Nuggets,2015-16,C,21.18018018018018,1567.3333333333333
Nikola Jokic,Nuggets,2015-16,F,27.53611111111111,165.21666666666667
Nikola Jokic,Nuggets,2016-17,C,28.540885416666665,1826.6166666666666
Nikola Jokic,Nuggets,2016-17,F,23.45740740740741,211.11666666666667
Nikola Jokic,Nuggets,2017-18,C,31.944940476190478,1788.9166666666667
Nikola Jokic,Nuggets,2017-18,F,34.40438596491228,653.6833333333333
Nikola Jokic,Nuggets,2018-19,C,30.837990196078437,2096.9833333333336
Nikola Jokic,Nuggets,2018-19,F,33.88472222222222,406.6166666666667
Nikola Jokic,Nuggets,2019-20,C,31.979166666666668,2302.5
Nikola Jokic,Nuggets,2019-20,F,32.95,32.95
Nikola Jokic,Nuggets,2020-21,C,34.586854460093896,2455.6666666666665
Nikola Jokic,Nuggets,2020-21,F,32.21666666666667,32.21666666666667
Nikola Jokic,Nuggets,2021-22,C,33.454279279279284,2475.616666666667
Nikola Jokic,Nuggets,2022-23,C,33.66690821256039,2323.0166666666664
Nikola Jokic,Nuggets,2023-24,C,34.639662447257386,2736.5333333333333
Nikola Jovic,Heat,2022-23,C,20.303333333333335,101.51666666666667
Nikola Jovic,Heat,2022-23,F,10.295,102.95
Nikola Jovic,Heat,2023-24,C,2.675,5.35
Nikola Jovic,Heat,2023-24,F,20.24772727272727,890.9
Nikola Mirotic,Bucks,2018-19,F,22.875,320.25
Nikola Mirotic,Bulls,2014-15,F,20.172154471544715,1654.1166666666666
Nikola Mirotic,Bulls,2015-16,F,24.940909090909088,1646.1
Nikola Mirotic,Bulls,2016-17,F,23.98452380952381,1678.9166666666667
Nikola Mirotic,Bulls,2017-18,F,24.863333333333333,621.5833333333334
Nikola Mirotic,Pelicans,2017-18,C,28.46153846153846,370.0
Nikola Mirotic,Pelicans,2017-18,F,29.553921568627448,502.41666666666663
Nikola Mirotic,Pelicans,2018-19,C,27.881111111111114,418.2166666666667
Nikola Mirotic,Pelicans,2018-19,F,29.81078431372549,506.78333333333336
Nikola Pekovic,Timberwolves,2010-11,C,13.652820512820512,887.4333333333333
Nikola Pekovic,Timberwolves,2011-12,C,26.892198581560287,1263.9333333333334
Nikola Pekovic,Timberwolves,2012-13,C,31.604032258064517,1959.45
Nikola Pekovic,Timberwolves,2013-14,C,30.80462962962963,1663.45
Nikola Pekovic,Timberwolves,2014-15,C,26.292473118279567,815.0666666666666
Nikola Pekovic,Timberwolves,2015-16,C,13.026388888888889,156.31666666666666
Nikola Vucevic,76ers,2011-12,C,15.913725490196079,811.6
Nikola Vucevic,Bulls,2020-21,C,32.603846153846156,847.7
Nikola Vucevic,Bulls,2021-22,C,33.099074074074075,2383.133333333333
Nikola Vucevic,Bulls,2021-22,F,34.43333333333333,34.43333333333333
Nikola Vucevic,Bulls,2022-23,C,33.49186991869919,2746.3333333333335
Nikola Vucevic,Bulls,2023-24,C,34.073059360730596,2487.3333333333335
Nikola Vucevic,Bulls,2023-24,F,40.72777777777778,122.18333333333334
Nikola Vucevic,Magic,2012-13,C,33.23549783549783,2559.133333333333
Nikola Vucevic,Magic,2013-14,C,31.794444444444444,1812.2833333333333
Nikola Vucevic,Magic,2014-15,C,34.17117117117117,2528.6666666666665
Nikola Vucevic,Magic,2015-16,C,31.336410256410257,2036.8666666666668
Nikola Vucevic,Magic,2016-17,C,28.83711111111111,2162.7833333333333
Nikola Vucevic,Magic,2017-18,C,29.528947368421054,1683.15
Nikola Vucevic,Magic,2018-19,C,31.377499999999998,2510.2
Nikola Vucevic,Magic,2019-20,C,32.22876344086021,1998.1833333333334
Nikola Vucevic,Magic,2020-21,C,34.10037878787879,1500.4166666666667
Noah Clowney,Nets,2023-24,C,16.064814814814817,144.58333333333334
Noah Clowney,Nets,2023-24,F,16.091666666666665,225.28333333333333
Noah Vonleh,Bulls,2017-18,C,19.391666666666666,38.78333333333333
Noah Vonleh,Bulls,2017-18,F,18.973684210526315,360.5
Noah Vonleh,Celtics,2022-23,C,7.461594202898551,171.61666666666667
Noah Vonleh,Hornets,2014-15,C,10.340666666666666,258.51666666666665
Noah Vonleh,Knicks,2018-19,C,24.366666666666667,341.1333333333333
Noah Vonleh,Knicks,2018-19,F,25.56604938271605,1380.5666666666666
Noah Vonleh,Nets,2020-21,C,2.6916666666666664,10.766666666666666
Noah Vonleh,Nuggets,2019-20,F,4.328571428571428,30.3
Noah Vonleh,Timberwolves,2019-20,F,11.98103448275862,347.45
Noah Vonleh,Trail Blazers,2015-16,F,15.04551282051282,1173.55
Noah Vonleh,Trail Blazers,2016-17,C,19.11111111111111,57.33333333333333
Noah Vonleh,Trail Blazers,2016-17,F,17.015023474178403,1208.0666666666666
Noah Vonleh,Trail Blazers,2017-18,F,14.435858585858586,476.3833333333333
Nolan Smith,Trail Blazers,2011-12,G,12.297348484848486,541.0833333333334
Nolan Smith,Trail Blazers,2012-13,G,7.190833333333333,287.6333333333333
Norman Powell,Clippers,2021-22,G,25.076666666666668,125.38333333333334
Norman Powell,Clippers,2022-23,G,26.11861111111111,1567.1166666666666
Norman Powell,Clippers,2023-24,G,26.189473684210526,1990.4
Norman Powell,Raptors,2015-16,F,14.797849462365592,458.73333333333335
Norman Powell,Raptors,2015-16,G,14.807407407407405,266.5333333333333
Norman Powell,Raptors,2016-17,F,16.610507246376812,764.0833333333334
Norman Powell,Raptors,2016-17,G,20.12,603.6
Norman Powell,Raptors,2017-18,F,15.462264150943396,819.5
Norman Powell,Raptors,2017-18,G,14.238235294117647,242.05
Norman Powell,Raptors,2018-19,F,19.009090909090908,627.3
Norman Powell,Raptors,2018-19,G,18.487654320987655,499.1666666666667
Norman Powell,Raptors,2019-20,F,25.502272727272725,561.05
Norman Powell,Raptors,2019-20,G,30.592777777777776,917.7833333333333
Norman Powell,Raptors,2020-21,F,31.325252525252527,1033.7333333333333
Norman Powell,Raptors,2020-21,G,27.072222222222223,243.65
Norman Powell,Trail Blazers,2020-21,F,33.734057971014494,775.8833333333333
Norman Powell,Trail Blazers,2020-21,G,38.0625,152.25
Norman Powell,Trail Blazers,2021-22,F,30.519871794871793,793.5166666666667
Norman Powell,Trail Blazers,2021-22,G,38.521428571428565,539.3
Norris Cole,Heat,2011-12,G,19.391794871794872,1260.4666666666667
Norris Cole,Heat,2012-13,G,19.877708333333334,1590.2166666666667
Norris Cole,Heat,2013-14,G,24.565650406504066,2014.3833333333334
Norris Cole,Heat,2014-15,G,24.429078014184398,1148.1666666666667
Norris Cole,Pelicans,2014-15,G,24.39345238095238,683.0166666666667
Norris Cole,Pelicans,2015-16,G,26.629629629629626,1198.3333333333333
Norris Cole,Thunder,2016-17,G,9.60897435897436,124.91666666666667
O.G. Anunoby,Raptors,2017-18,F,19.997260273972604,1459.8
O.G. Anunoby,Raptors,2017-18,G,21.65,21.65
O.G. Anunoby,Raptors,2018-19,F,20.06897435897436,1304.4833333333333
O.G. Anunoby,Raptors,2018-19,G,23.9,47.8
O.G. Anunoby,Raptors,2019-20,F,29.872388059701493,2001.45
O.G. Anunoby,Raptors,2019-20,G,32.108333333333334,64.21666666666667
O.G. Anunoby,Raptors,2020-21,F,33.31428571428572,1399.2
O.G. Anunoby,Raptors,2020-21,G,34.1,34.1
O.G. Anunoby,Raptors,2021-22,C,32.43333333333334,162.16666666666669
O.G. Anunoby,Raptors,2021-22,F,36.52791666666666,1461.1166666666666
O.G. Anunoby,Raptors,2021-22,G,35.01666666666667,105.05000000000001
O.G. Anunoby,Raptors,2022-23,F,35.58989898989899,2348.9333333333334
O.G. Anunoby,Raptors,2022-23,G,36.75,36.75
O.J. Mayo,Bucks,2013-14,G,25.886858974358972,1346.1166666666666
O.J. Mayo,Bucks,2014-15,G,23.906807511737092,1697.3833333333334
O.J. Mayo,Bucks,2015-16,G,26.577642276422765,1089.6833333333334
O.J. Mayo,Grizzlies,2010-11,G,26.32981220657277,1869.4166666666667
O.J. Mayo,Grizzlies,2011-12,G,26.832323232323233,1770.9333333333334
O.J. Mayo,Mavericks,2012-13,G,35.52703252032521,2913.2166666666667
OG Anunoby,Knicks,2023-24,F,34.86159420289855,801.8166666666666
OG Anunoby,Raptors,2023-24,F,33.052083333333336,528.8333333333334
OG Anunoby,Raptors,2023-24,G,33.76363636363636,371.4
Obi Toppin,Knicks,2020-21,F,11.01747311827957,683.0833333333334
Obi Toppin,Knicks,2021-22,F,17.080092592592592,1229.7666666666667
Obi Toppin,Knicks,2022-23,F,15.679850746268656,1050.55
Obi Toppin,Pacers,2023-24,F,21.10487804878049,1730.6
Ochai Agbaji,Jazz,2022-23,F,17.272222222222222,259.0833333333333
Ochai Agbaji,Jazz,2022-23,G,21.593939393939394,950.1333333333333
Ochai Agbaji,Jazz,2023-24,F,20.985555555555557,314.78333333333336
Ochai Agbaji,Jazz,2023-24,G,19.12824074074074,688.6166666666667
Ochai Agbaji,Raptors,2023-24,F,23.63827160493827,638.2333333333333
Okaro White,Heat,2016-17,F,13.461904761904762,471.1666666666667
Okaro White,Heat,2017-18,F,13.258333333333333,79.55
Okaro White,Wizards,2018-19,F,2.0944444444444446,6.283333333333333
Olivier Sarr,Thunder,2021-22,C,19.13030303030303,420.8666666666667
Olivier Sarr,Thunder,2022-23,C,12.627777777777778,113.65
Olivier Sarr,Thunder,2023-24,C,6.546666666666667,98.2
Olivier-Maxence Prosper,Mavericks,2023-24,F,8.405416666666666,336.21666666666664
Omari Spellman,Hawks,2018-19,C,22.388888888888886,67.16666666666666
Omari Spellman,Hawks,2018-19,F,17.148062015503875,737.3666666666667
Omari Spellman,Warriors,2019-20,C,17.604166666666668,563.3333333333334
Omari Spellman,Warriors,2019-20,F,18.97941176470588,322.65
Omer Asik,Bulls,2010-11,C,12.066666666666666,989.4666666666667
Omer Asik,Bulls,2011-12,C,14.718939393939394,971.45
Omer Asik,Bulls,2017-18,C,15.329166666666666,61.31666666666666
Omer Asik,Pelicans,2014-15,C,26.077192982456143,1981.8666666666668
Omer Asik,Pelicans,2015-16,C,17.328109452736317,1160.9833333333333
Omer Asik,Pelicans,2015-16,F,17.2,17.2
Omer Asik,Pelicans,2016-17,C,15.55215053763441,482.1166666666667
Omer Asik,Pelicans,2017-18,C,8.629761904761905,120.81666666666666
Omer Asik,Rockets,2012-13,C,30.04979674796748,2464.0833333333335
Omer Asik,Rockets,2013-14,C,20.169097222222224,968.1166666666667
Omer Yurtseven,Heat,2021-22,C,12.610416666666666,706.1833333333333
Omer Yurtseven,Heat,2022-23,C,9.248148148148148,83.23333333333333
Omer Yurtseven,Jazz,2023-24,C,11.356250000000001,545.1
Omri Casspi,Cavaliers,2011-12,F,20.636666666666667,1341.3833333333334
Omri Casspi,Cavaliers,2012-13,F,11.690697674418605,502.7
Omri Casspi,Grizzlies,2018-19,F,14.456944444444446,520.45
Omri Casspi,Kings,2010-11,F,23.975352112676056,1702.25
Omri Casspi,Kings,2014-15,F,21.13955223880597,1416.35
Omri Casspi,Kings,2015-16,F,27.25265700483092,1880.4333333333334
Omri Casspi,Kings,2016-17,F,18.03030303030303,396.6666666666667
Omri Casspi,Pelicans,2016-17,F,23.716666666666665,23.716666666666665
Omri Casspi,Rockets,2013-14,F,18.068544600938967,1282.8666666666666
Omri Casspi,Timberwolves,2016-17,F,17.058974358974357,221.76666666666665
Omri Casspi,Warriors,2017-18,F,13.99182389937107,741.5666666666667
Onuralp Bitim,Bulls,2023-24,G,11.652898550724638,268.01666666666665
Onyeka Okongwu,Hawks,2020-21,C,12.0156462585034,588.7666666666667
Onyeka Okongwu,Hawks,2020-21,F,12.466666666666667,12.466666666666667
Onyeka Okongwu,Hawks,2021-22,C,20.637588652482272,969.9666666666667
Onyeka Okongwu,Hawks,2021-22,F,22.1,22.1
Onyeka Okongwu,Hawks,2022-23,C,23.182051282051283,1808.2
Onyeka Okongwu,Hawks,2022-23,F,20.191666666666666,40.38333333333333
Onyeka Okongwu,Hawks,2023-24,C,25.3859477124183,1294.6833333333334
Onyeka Okongwu,Hawks,2023-24,F,27.520833333333332,110.08333333333333
Orlando Johnson,Kings,2013-14,G,7.161904761904762,50.13333333333333
Orlando Johnson,Pacers,2012-13,G,12.130392156862746,618.65
Orlando Johnson,Pacers,2013-14,G,9.007017543859648,342.26666666666665
Orlando Johnson,Pelicans,2015-16,G,10.866666666666667,54.333333333333336
Orlando Johnson,Suns,2015-16,G,23.691666666666666,47.38333333333333
Orlando Robinson,Heat,2022-23,C,13.713978494623655,425.1333333333333
Orlando Robinson,Heat,2023-24,C,8.43611111111111,303.7
Oshae Brissett,Celtics,2023-24,F,11.457575757575757,630.1666666666666
Oshae Brissett,Pacers,2020-21,C,42.1,42.1
Oshae Brissett,Pacers,2020-21,F,23.851666666666667,477.03333333333336
Oshae Brissett,Pacers,2021-22,F,23.344278606965172,1564.0666666666666
Oshae Brissett,Pacers,2022-23,F,16.664615384615384,1083.2
Oshae Brissett,Raptors,2019-20,F,7.108771929824561,135.06666666666666
Othyus Jeffers,Spurs,2010-11,F,8.183333333333334,8.183333333333334
Othyus Jeffers,Spurs,2013-14,F,8.420833333333334,33.68333333333334
Othyus Jeffers,Timberwolves,2013-14,F,6.508333333333333,13.016666666666666
Othyus Jeffers,Wizards,2010-11,F,17.416666666666668,52.25
Othyus Jeffers,Wizards,2010-11,G,20.153846153846153,262.0
Otto Porter Jr.,Bulls,2018-19,F,32.82333333333334,492.35
Otto Porter Jr.,Bulls,2019-20,F,23.627380952380953,330.78333333333336
Otto Porter Jr.,Bulls,2020-21,F,21.61266666666667,540.3166666666667
Otto Porter Jr.,Magic,2020-21,F,22.16111111111111,66.48333333333333
Otto Porter Jr.,Raptors,2022-23,F,18.29375,146.35
Otto Porter Jr.,Raptors,2023-24,F,11.604444444444445,174.06666666666666
Otto Porter Jr.,Warriors,2021-22,F,22.151587301587302,1395.55
Otto Porter Jr.,Wizards,2013-14,F,8.62072072072072,318.96666666666664
Otto Porter Jr.,Wizards,2014-15,F,19.247101449275362,1328.05
Otto Porter Jr.,Wizards,2014-15,G,20.793333333333333,103.96666666666667
Otto Porter Jr.,Wizards,2015-16,F,30.34577777777778,2275.9333333333334
Otto Porter Jr.,Wizards,2016-17,F,32.56395833333333,2605.116666666667
Otto Porter Jr.,Wizards,2017-18,F,31.578354978354977,2431.5333333333333
Otto Porter Jr.,Wizards,2018-19,F,29.058943089430898,1191.4166666666667
Ousmane Dieng,Thunder,2022-23,F,14.582478632478633,568.7166666666667
Ousmane Dieng,Thunder,2023-24,F,11.05959595959596,364.9666666666667
P.J. Tucker,76ers,2022-23,C,24.54722222222222,147.28333333333333
P.J. Tucker,76ers,2022-23,F,25.692995169082124,1772.8166666666666
P.J. Tucker,76ers,2023-24,F,22.116666666666664,66.35
P.J. Tucker,Bucks,2020-21,F,19.835833333333333,396.71666666666664
P.J. Tucker,Clippers,2023-24,F,14.999404761904762,419.98333333333335
P.J. Tucker,Heat,2021-22,F,27.898122065727698,1980.7666666666667
P.J. Tucker,Raptors,2016-17,F,25.376388888888886,609.0333333333333
P.J. Tucker,Rockets,2017-18,C,26.154166666666665,104.61666666666666
P.J. Tucker,Rockets,2017-18,F,27.90491452991453,2176.5833333333335
P.J. Tucker,Rockets,2018-19,C,41.8,41.8
P.J. Tucker,Rockets,2018-19,F,34.07818930041152,2760.3333333333335
P.J. Tucker,Rockets,2019-20,C,32.33205128205128,420.31666666666666
P.J. Tucker,Rockets,2019-20,F,34.69350282485876,2046.9166666666667
P.J. Tucker,Rockets,2020-21,C,29.55,118.2
P.J. Tucker,Rockets,2020-21,F,30.02559523809524,840.7166666666667
P.J. Tucker,Suns,2012-13,F,23.90548245614035,1816.8166666666666
P.J. Tucker,Suns,2012-13,G,31.21111111111111,93.63333333333333
P.J. Tucker,Suns,2013-14,F,30.770208333333336,2461.616666666667
P.J. Tucker,Suns,2013-14,G,28.566666666666666,28.566666666666666
P.J. Tucker,Suns,2014-15,F,29.687830687830687,1870.3333333333333
P.J. Tucker,Suns,2014-15,G,34.208888888888886,513.1333333333333
P.J. Tucker,Suns,2015-16,F,30.970934959349595,2539.616666666667
P.J. Tucker,Suns,2016-17,F,28.682440476190475,1606.2166666666667
P.J. Tucker,Suns,2016-17,G,20.666666666666668,20.666666666666668
P.J. Washington,Hornets,2019-20,F,30.32787356321839,1759.0166666666667
P.J. Washington,Hornets,2020-21,C,32.75,360.25
P.J. Washington,Hornets,2020-21,F,30.065094339622643,1593.45
P.J. Washington,Hornets,2021-22,C,29.816666666666666,119.26666666666667
P.J. Washington,Hornets,2021-22,F,27.029781420765026,1648.8166666666666
P.J. Washington,Hornets,2022-23,F,32.596575342465755,2379.55
P.J. Washington,Hornets,2023-24,C,29.296666666666663,146.48333333333332
P.J. Washington,Hornets,2023-24,F,29.207692307692305,1139.1
P.J. Washington,Mavericks,2023-24,F,32.244827586206895,935.1
PJ Dozier,Celtics,2018-19,G,8.475,50.85
PJ Dozier,Kings,2022-23,G,4.9593750000000005,79.35000000000001
PJ Dozier,Nuggets,2019-20,G,14.192528735632184,411.5833333333333
PJ Dozier,Nuggets,2020-21,G,21.769333333333336,1088.4666666666667
PJ Dozier,Nuggets,2021-22,G,18.91574074074074,340.48333333333335
PJ Dozier,Thunder,2017-18,G,1.5916666666666668,3.1833333333333336
PJ Hairston,Grizzlies,2015-16,F,18.61,93.05
PJ Hairston,Grizzlies,2015-16,G,21.724358974358974,282.4166666666667
PJ Hairston,Hornets,2014-15,F,15.19621212121212,668.6333333333333
PJ Hairston,Hornets,2014-15,G,18.633333333333333,18.633333333333333
PJ Hairston,Hornets,2015-16,F,19.593478260869563,901.3
PJ Hairston,Hornets,2015-16,G,18.166666666666668,36.333333333333336
Pablo Prigioni,Clippers,2015-16,G,13.942937853107345,822.6333333333333
Pablo Prigioni,Knicks,2012-13,G,16.194017094017095,1263.1333333333334
Pablo Prigioni,Knicks,2013-14,G,19.43232323232323,1282.5333333333333
Pablo Prigioni,Knicks,2014-15,G,18.48798449612403,794.9833333333333
Pablo Prigioni,Rockets,2014-15,G,16.73472222222222,401.6333333333333
Paolo Banchero,Magic,2022-23,C,38.75,38.75
Paolo Banchero,Magic,2022-23,F,33.67629107981221,2391.016666666667
Paolo Banchero,Magic,2023-24,F,34.983958333333334,2798.7166666666667
Pascal Siakam,Pacers,2023-24,F,31.79308943089431,1303.5166666666667
Pascal Siakam,Raptors,2016-17,C,9.016666666666666,27.049999999999997
Pascal Siakam,Raptors,2016-17,F,16.001282051282054,832.0666666666667
Pascal Siakam,Raptors,2017-18,C,21.976190476190478,153.83333333333334
Pascal Siakam,Raptors,2017-18,F,20.781278538812785,1517.0333333333333
Pascal Siakam,Raptors,2017-18,G,8.4,8.4
Pascal Siakam,Raptors,2018-19,C,37.45,37.45
Pascal Siakam,Raptors,2018-19,F,31.774261603375525,2510.1666666666665
Pascal Siakam,Raptors,2019-20,C,43.4,43.4
Pascal Siakam,Raptors,2019-20,F,35.029661016949156,2066.75
Pascal Siakam,Raptors,2020-21,C,34.90555555555556,418.8666666666667
Pascal Siakam,Raptors,2020-21,F,36.07159090909091,1587.15
Pascal Siakam,Raptors,2021-22,C,39.2921568627451,667.9666666666667
Pascal Siakam,Raptors,2021-22,F,37.5265306122449,1838.8
Pascal Siakam,Raptors,2021-22,G,35.541666666666664,71.08333333333333
Pascal Siakam,Raptors,2022-23,C,38.32156862745098,651.4666666666667
Pascal Siakam,Raptors,2022-23,F,37.047839506172835,2000.5833333333333
Pascal Siakam,Raptors,2023-24,F,34.72905982905983,1354.4333333333334
Pat Connaughton,Bucks,2018-19,C,13.366666666666667,26.733333333333334
Pat Connaughton,Bucks,2018-19,F,20.101626016260163,824.1666666666666
Pat Connaughton,Bucks,2018-19,G,22.79351851851852,410.28333333333336
Pat Connaughton,Bucks,2019-20,C,14.212499999999999,56.849999999999994
Pat Connaughton,Bucks,2019-20,F,18.806462585034012,921.5166666666667
Pat Connaughton,Bucks,2019-20,G,18.91309523809524,264.78333333333336
Pat Connaughton,Bucks,2020-21,C,22.76111111111111,68.28333333333333
Pat Connaughton,Bucks,2020-21,F,23.131292517006806,1133.4333333333334
Pat Connaughton,Bucks,2020-21,G,21.944117647058825,373.05
Pat Connaughton,Bucks,2021-22,C,30.939999999999998,154.7
Pat Connaughton,Bucks,2021-22,F,25.315579710144927,1164.5166666666667
Pat Connaughton,Bucks,2021-22,G,26.541666666666664,371.5833333333333
Pat Connaughton,Bucks,2022-23,C,24.883333333333333,24.883333333333333
Pat Connaughton,Bucks,2022-23,F,24.3248427672956,1289.2166666666667
Pat Connaughton,Bucks,2022-23,G,18.37857142857143,128.65
Pat Connaughton,Bucks,2023-24,C,20.240909090909092,222.65
Pat Connaughton,Bucks,2023-24,F,21.925555555555555,986.65
Pat Connaughton,Bucks,2023-24,G,23.34916666666667,466.98333333333335
Pat Connaughton,Trail Blazers,2015-16,F,5.071666666666667,101.43333333333334
Pat Connaughton,Trail Blazers,2015-16,G,3.0035714285714286,42.05
Pat Connaughton,Trail Blazers,2016-17,F,7.905303030303031,173.91666666666669
Pat Connaughton,Trail Blazers,2016-17,G,8.354901960784314,142.03333333333333
Pat Connaughton,Trail Blazers,2017-18,F,18.209,910.45
Pat Connaughton,Trail Blazers,2017-18,G,18.044270833333332,577.4166666666666
Patrick Baldwin Jr.,Wizards,2023-24,F,12.987280701754386,493.51666666666665
Patrick Beverley,76ers,2023-24,G,19.554255319148936,919.05
Patrick Beverley,Bucks,2023-24,G,20.90192307692308,543.45
Patrick Beverley,Bulls,2022-23,G,27.518181818181816,605.4
Patrick Beverley,Clippers,2017-18,G,30.321212121212117,333.5333333333333
Patrick Beverley,Clippers,2018-19,F,23.022222222222222,69.06666666666666
Patrick Beverley,Clippers,2018-19,G,27.576222222222224,2068.2166666666667
Patrick Beverley,Clippers,2019-20,G,26.308169934640524,1341.7166666666667
Patrick Beverley,Clippers,2020-21,G,22.5,832.5
Patrick Beverley,Lakers,2022-23,G,26.914814814814818,1211.1666666666667
Patrick Beverley,Rockets,2012-13,G,17.38089430894309,712.6166666666667
Patrick Beverley,Rockets,2013-14,G,31.26220238095238,1750.6833333333334
Patrick Beverley,Rockets,2014-15,G,30.83452380952381,1726.7333333333333
Patrick Beverley,Rockets,2015-16,G,28.742253521126763,2040.7
Patrick Beverley,Rockets,2016-17,G,30.715671641791044,2057.95
Patrick Beverley,Timberwolves,2021-22,G,25.444540229885057,1475.7833333333333
Patrick Christopher,Jazz,2014-15,G,7.183333333333334,28.733333333333334
Patrick McCaw,Cavaliers,2018-19,F,17.627777777777776,52.88333333333333
Patrick McCaw,Raptors,2018-19,F,13.246794871794872,344.4166666666667
Patrick McCaw,Raptors,2019-20,F,24.26809523809524,849.3833333333333
Patrick McCaw,Raptors,2019-20,G,29.383333333333333,58.766666666666666
Patrick McCaw,Raptors,2020-21,F,6.673333333333334,33.36666666666667
Patrick McCaw,Warriors,2016-17,F,15.291666666666668,764.5833333333334
Patrick McCaw,Warriors,2016-17,G,14.733333333333333,309.4
Patrick McCaw,Warriors,2017-18,F,14.875438596491227,565.2666666666667
Patrick McCaw,Warriors,2017-18,G,20.8359649122807,395.8833333333333
Patrick Patterson,Clippers,2019-20,F,13.155932203389831,776.2
Patrick Patterson,Clippers,2020-21,F,15.307017543859649,581.6666666666666
Patrick Patterson,Kings,2012-13,F,23.164583333333336,555.95
Patrick Patterson,Kings,2013-14,F,24.39901960784314,414.78333333333336
Patrick Patterson,Raptors,2013-14,F,23.285069444444446,1117.6833333333334
Patrick Patterson,Raptors,2014-15,F,26.621399176954736,2156.3333333333335
Patrick Patterson,Raptors,2015-16,F,25.563713080168775,2019.5333333333333
Patrick Patterson,Raptors,2016-17,F,24.59307692307692,1598.55
Patrick Patterson,Rockets,2010-11,C,7.85,7.85
Patrick Patterson,Rockets,2010-11,F,16.85653594771242,859.6833333333334
Patrick Patterson,Rockets,2011-12,C,27.433333333333334,27.433333333333334
Patrick Patterson,Rockets,2011-12,F,23.102910052910055,1455.4833333333333
Patrick Patterson,Rockets,2012-13,F,25.93581560283688,1218.9833333333333
Patrick Patterson,Thunder,2017-18,F,15.4869918699187,1269.9333333333334
Patrick Patterson,Thunder,2018-19,F,13.661640211640211,860.6833333333333
Patrick Williams,Bulls,2020-21,F,27.88357142857143,1951.85
Patrick Williams,Bulls,2020-21,G,31.5,31.5
Patrick Williams,Bulls,2021-22,F,24.844117647058823,422.35
Patrick Williams,Bulls,2022-23,F,28.327642276422765,2322.866666666667
Patrick Williams,Bulls,2023-24,F,27.081746031746032,1137.4333333333334
Patrick Williams,Bulls,2023-24,G,36.65,36.65
Patty Mills,Hawks,2023-24,G,10.62719298245614,201.91666666666666
Patty Mills,Heat,2023-24,G,16.415384615384617,213.4
Patty Mills,Nets,2021-22,F,27.404545454545453,301.45
Patty Mills,Nets,2021-22,G,29.20357142857143,2044.25
Patty Mills,Nets,2022-23,F,14.36111111111111,129.25
Patty Mills,Nets,2022-23,G,14.110752688172044,437.43333333333334
Patty Mills,Spurs,2011-12,G,16.288541666666667,260.6166666666667
Patty Mills,Spurs,2012-13,G,11.316666666666666,656.3666666666667
Patty Mills,Spurs,2013-14,G,18.85781893004115,1527.4833333333333
Patty Mills,Spurs,2014-15,G,15.712745098039216,801.35
Patty Mills,Spurs,2015-16,G,20.51954732510288,1662.0833333333333
Patty Mills,Spurs,2016-17,G,21.930416666666666,1754.4333333333334
Patty Mills,Spurs,2017-18,G,25.69837398373984,2107.266666666667
Patty Mills,Spurs,2018-19,G,23.265040650406505,1907.7333333333333
Patty Mills,Spurs,2019-20,G,22.496717171717172,1484.7833333333333
Patty Mills,Spurs,2020-21,G,24.776470588235295,1684.8
Patty Mills,Trail Blazers,2010-11,G,12.230729166666666,782.7666666666667
Pau Gasol,Bucks,2018-19,F,10.138888888888888,30.416666666666664
Pau Gasol,Bulls,2014-15,C,35.958333333333336,575.3333333333334
Pau Gasol,Bulls,2014-15,F,33.95940860215053,2105.483333333333
Pau Gasol,Bulls,2015-16,C,31.824305555555554,2291.35
Pau Gasol,Lakers,2010-11,C,39.25462962962963,1413.1666666666667
Pau Gasol,Lakers,2010-11,F,35.30289855072464,1623.9333333333334
Pau Gasol,Lakers,2011-12,C,36.9,184.5
Pau Gasol,Lakers,2011-12,F,37.42472222222222,2245.483333333333
Pau Gasol,Lakers,2012-13,C,35.88055555555555,215.28333333333333
Pau Gasol,Lakers,2012-13,F,33.47984496124031,1439.6333333333334
Pau Gasol,Lakers,2013-14,C,31.258510638297874,1469.15
Pau Gasol,Lakers,2013-14,F,31.92820512820513,415.06666666666666
Pau Gasol,Spurs,2016-17,C,25.417708333333334,1626.7333333333333
Pau Gasol,Spurs,2017-18,C,23.48581081081081,1737.95
Pau Gasol,Spurs,2017-18,F,24.655555555555555,73.96666666666667
Pau Gasol,Spurs,2018-19,C,12.22716049382716,330.1333333333333
Paul George,Clippers,2019-20,F,25.610416666666666,204.88333333333333
Paul George,Clippers,2019-20,G,30.35,1214.0
Paul George,Clippers,2020-21,F,34.22857142857143,239.6
Paul George,Clippers,2020-21,G,33.646453900709226,1581.3833333333334
Paul George,Clippers,2021-22,F,35.27152777777778,846.5166666666667
Paul George,Clippers,2021-22,G,32.983333333333334,230.88333333333333
Paul George,Clippers,2022-23,F,35.343650793650795,742.2166666666667
Paul George,Clippers,2022-23,G,34.191428571428574,1196.7
Paul George,Clippers,2023-24,F,33.90452380952381,2373.3166666666666
Paul George,Clippers,2023-24,G,32.125,128.5
Paul George,Pacers,2010-11,F,18.40388888888889,552.1166666666667
Paul George,Pacers,2010-11,G,22.989247311827956,712.6666666666666
Paul George,Pacers,2011-12,F,28.533333333333335,28.533333333333335
Paul George,Pacers,2011-12,G,29.67923076923077,1929.15
Paul George,Pacers,2012-13,F,37.510730593607306,2738.2833333333333
Paul George,Pacers,2012-13,G,38.93611111111111,233.61666666666667
Paul George,Pacers,2013-14,F,36.16033755274261,2856.6666666666665
Paul George,Pacers,2013-14,G,41.65,41.65
Paul George,Pacers,2014-15,F,15.152777777777779,90.91666666666667
Paul George,Pacers,2015-16,F,34.80164609053498,2818.9333333333334
Paul George,Pacers,2016-17,F,35.858444444444444,2689.383333333333
Paul George,Thunder,2017-18,F,36.59198312236287,2890.766666666667
Paul George,Thunder,2018-19,F,36.900000000000006,2841.3
Paul Millsap,76ers,2021-22,C,17.516666666666666,35.03333333333333
Paul Millsap,76ers,2021-22,F,10.088095238095237,70.61666666666666
Paul Millsap,Hawks,2013-14,F,33.53693693693693,2481.733333333333
Paul Millsap,Hawks,2014-15,F,32.73356164383562,2389.55
Paul Millsap,Hawks,2015-16,F,32.678395061728395,2646.95
Paul Millsap,Hawks,2016-17,C,39.23888888888889,117.71666666666667
Paul Millsap,Hawks,2016-17,F,33.71388888888889,2225.116666666667
Paul Millsap,Jazz,2010-11,F,34.2765350877193,2605.016666666667
Paul Millsap,Jazz,2011-12,F,32.8046875,2099.5
Paul Millsap,Jazz,2012-13,F,30.446153846153848,2374.8
Paul Millsap,Nets,2021-22,F,11.253472222222221,270.0833333333333
Paul Millsap,Nuggets,2017-18,F,30.09078947368421,1143.45
Paul Millsap,Nuggets,2018-19,F,27.064999999999998,1894.55
Paul Millsap,Nuggets,2019-20,F,24.312745098039215,1239.95
Paul Millsap,Nuggets,2020-21,F,20.755357142857143,1162.3
Paul Pierce,Celtics,2010-11,F,34.67583333333333,2774.0666666666666
Paul Pierce,Celtics,2011-12,F,34.0103825136612,2074.633333333333
Paul Pierce,Celtics,2012-13,F,33.78142857142857,2364.7
Paul Pierce,Celtics,2012-13,G,30.064285714285713,210.45
Paul Pierce,Clippers,2015-16,F,18.09705882352941,1230.6
Paul Pierce,Clippers,2016-17,F,11.084000000000001,277.1
Paul Pierce,Nets,2013-14,F,27.974000000000004,2098.05
Paul Pierce,Wizards,2014-15,F,26.214840182648402,1913.6833333333334
Paul Reed,76ers,2020-21,C,6.861111111111111,164.66666666666666
Paul Reed,76ers,2020-21,F,6.308333333333334,12.616666666666667
Paul Reed,76ers,2021-22,C,6.88,206.4
Paul Reed,76ers,2021-22,F,12.01875,96.15
Paul Reed,76ers,2022-23,C,11.390804597701148,660.6666666666666
Paul Reed,76ers,2022-23,F,8.592424242424242,94.51666666666667
Paul Reed,76ers,2023-24,C,19.404273504273505,1513.5333333333333
Paul Reed,76ers,2023-24,F,18.9875,75.95
Paul Watson,Hawks,2019-20,F,8.75,17.5
Paul Watson,Raptors,2019-20,F,3.5200000000000005,17.6
Paul Watson,Raptors,2019-20,G,17.37222222222222,52.11666666666666
Paul Watson,Raptors,2020-21,F,8.53,127.95
Paul Watson,Raptors,2020-21,G,14.058333333333332,168.7
Paul Watson,Thunder,2021-22,F,17.357407407407408,156.21666666666667
Paul Zipser,Bulls,2016-17,F,18.757317073170732,769.05
Paul Zipser,Bulls,2016-17,G,24.78333333333333,74.35
Paul Zipser,Bulls,2017-18,F,15.312893081761008,811.5833333333334
Paul Zipser,Bulls,2017-18,G,12.466666666666667,12.466666666666667
Payton Pritchard,Celtics,2020-21,G,19.20631313131313,1267.6166666666666
Payton Pritchard,Celtics,2021-22,G,14.0981220657277,1000.9666666666667
Payton Pritchard,Celtics,2022-23,G,13.391319444444443,642.7833333333333
Payton Pritchard,Celtics,2023-24,G,22.265040650406505,1825.7333333333333
Peja Stojakovic,Hornets,2010-11,F,14.772222222222224,88.63333333333334
Peja Stojakovic,Mavericks,2010-11,F,20.224,505.6
Peja Stojakovic,Raptors,2010-11,F,11.175,22.35
Pero Antic,Hawks,2013-14,C,18.497333333333334,924.8666666666667
Pero Antic,Hawks,2014-15,C,16.375555555555554,982.5333333333333
Pero Antic,Hawks,2014-15,F,18.255555555555556,54.766666666666666
Perry Jones III,Thunder,2012-13,F,7.544086021505376,233.86666666666667
Perry Jones III,Thunder,2012-13,G,6.571428571428571,46.0
Perry Jones III,Thunder,2013-14,F,11.393262411347518,535.4833333333333
Perry Jones III,Thunder,2013-14,G,15.268888888888888,229.03333333333333
Perry Jones III,Thunder,2014-15,F,15.444298245614036,586.8833333333333
Perry Jones III,Thunder,2014-15,G,8.863333333333333,44.31666666666667
Peyton Watson,Nuggets,2022-23,F,8.092028985507246,186.11666666666667
Peyton Watson,Nuggets,2023-24,F,18.598750000000003,1487.9
Phil Pressey,76ers,2015-16,G,12.145238095238096,170.03333333333333
Phil Pressey,Celtics,2013-14,G,15.088666666666668,1131.65
Phil Pressey,Celtics,2014-15,G,12.003,600.15
Phil Pressey,Suns,2015-16,G,12.601851851851851,113.41666666666666
Pierre Jackson,Mavericks,2016-17,G,9.377777777777778,84.4
Pooh Jeter,Kings,2010-11,G,13.84005376344086,858.0833333333334
Precious Achiuwa,Heat,2020-21,C,12.084153005464481,737.1333333333333
Precious Achiuwa,Knicks,2023-24,C,25.441666666666666,50.88333333333333
Precious Achiuwa,Knicks,2023-24,F,24.169148936170213,1135.95
Precious Achiuwa,Raptors,2021-22,C,23.615384615384617,1535.0
Precious Achiuwa,Raptors,2021-22,F,23.710416666666667,189.68333333333334
Precious Achiuwa,Raptors,2022-23,C,20.639147286821707,887.4833333333333
Precious Achiuwa,Raptors,2022-23,F,21.08888888888889,253.06666666666666
Precious Achiuwa,Raptors,2023-24,C,17.225833333333334,344.51666666666665
Precious Achiuwa,Raptors,2023-24,F,18.473333333333336,92.36666666666667
Quentin Grimes,Knicks,2021-22,F,20.510714285714283,287.15
Quentin Grimes,Knicks,2021-22,G,15.597395833333334,499.1166666666667
Quentin Grimes,Knicks,2022-23,F,36.63095238095239,256.4166666666667
Quentin Grimes,Knicks,2022-23,G,29.133072916666666,1864.5166666666667
Quentin Grimes,Knicks,2023-24,F,17.783333333333335,53.35
Quentin Grimes,Knicks,2023-24,G,20.386111111111113,856.2166666666667
Quentin Grimes,Pistons,2023-24,G,19.227777777777778,115.36666666666666
Quentin Richardson,Knicks,2012-13,F,28.916666666666668,28.916666666666668
Quentin Richardson,Magic,2010-11,F,16.76140350877193,955.4
Quentin Richardson,Magic,2011-12,F,18.04201388888889,866.0166666666667
Quincy Acy,Kings,2013-14,F,14.04077380952381,786.2833333333333
Quincy Acy,Kings,2015-16,C,17.833333333333332,17.833333333333332
Quincy Acy,Kings,2015-16,F,14.794252873563217,858.0666666666666
Quincy Acy,Knicks,2014-15,F,18.927450980392155,1287.0666666666666
Quincy Acy,Mavericks,2016-17,F,7.986111111111112,47.91666666666667
Quincy Acy,Nets,2016-17,C,23.755555555555556,71.26666666666667
Quincy Acy,Nets,2016-17,F,15.122988505747127,438.56666666666666
Quincy Acy,Nets,2017-18,C,16.831818181818182,185.15
Quincy Acy,Nets,2017-18,F,19.899435028248586,1174.0666666666666
Quincy Acy,Raptors,2012-13,F,11.805172413793104,342.35
Quincy Acy,Raptors,2013-14,F,8.773809523809524,61.416666666666664
Quincy Acy,Suns,2018-19,F,12.293333333333333,122.93333333333334
Quincy Miller,Kings,2014-15,F,10.241666666666665,61.449999999999996
Quincy Miller,Nuggets,2012-13,F,4.166666666666667,20.833333333333336
Quincy Miller,Nuggets,2012-13,G,2.425,4.85
Quincy Miller,Nuggets,2013-14,F,15.203333333333333,684.15
Quincy Miller,Nuggets,2013-14,G,15.002380952380951,105.01666666666667
Quincy Miller,Pistons,2014-15,F,14.570833333333333,58.28333333333333
Quincy Pondexter,Bulls,2017-18,F,8.508695652173913,195.7
Quincy Pondexter,Grizzlies,2011-12,F,13.8375,221.4
Quincy Pondexter,Grizzlies,2011-12,G,16.263194444444444,780.6333333333333
Quincy Pondexter,Grizzlies,2012-13,F,23.58555555555556,353.78333333333336
Quincy Pondexter,Grizzlies,2012-13,G,20.21439393939394,889.4333333333333
Quincy Pondexter,Grizzlies,2013-14,F,16.941666666666666,33.88333333333333
Quincy Pondexter,Grizzlies,2013-14,G,18.18717948717949,236.43333333333334
Quincy Pondexter,Grizzlies,2014-15,F,16.471666666666668,164.71666666666667
Quincy Pondexter,Grizzlies,2014-15,G,18.784166666666668,375.68333333333334
Quincy Pondexter,Hornets,2010-11,F,11.114393939393938,733.55
Quincy Pondexter,Pelicans,2014-15,F,27.617803030303033,1215.1833333333334
Quincy Pondexter,Pelicans,2014-15,G,37.9,37.9
Quincy Pondexter,Spurs,2018-19,G,5.506918238993711,291.8666666666667
Quinn Cook,Cavaliers,2020-21,G,13.60952380952381,95.26666666666667
Quinn Cook,Lakers,2019-20,G,11.54469696969697,507.9666666666667
Quinn Cook,Lakers,2020-21,G,3.8802083333333335,62.083333333333336
Quinn Cook,Mavericks,2016-17,G,15.379999999999999,76.89999999999999
Quinn Cook,Pelicans,2016-17,G,12.283333333333333,110.55
Quinn Cook,Warriors,2017-18,G,22.43989898989899,740.5166666666667
Quinn Cook,Warriors,2018-19,G,14.30990990990991,1058.9333333333334
Quinton Ross,Nets,2010-11,F,9.8125,353.25
R.J. Hampton,Heat,2023-24,G,9.502083333333333,76.01666666666667
R.J. Hampton,Magic,2020-21,G,25.193589743589744,655.0333333333333
R.J. Hampton,Magic,2021-22,G,21.910677083333333,1402.2833333333333
R.J. Hampton,Magic,2022-23,G,13.875641025641025,360.76666666666665
R.J. Hampton,Nuggets,2020-21,G,9.330666666666666,233.26666666666665
R.J. Hampton,Pistons,2022-23,F,17.658333333333335,35.31666666666667
R.J. Hampton,Pistons,2022-23,G,18.607894736842105,353.55
RJ Barrett,Knicks,2019-20,F,18.3,18.3
RJ Barrett,Knicks,2019-20,G,30.656969696969696,1686.1333333333332
RJ Barrett,Knicks,2020-21,F,38.2625,153.05
RJ Barrett,Knicks,2020-21,G,34.675000000000004,2357.9
RJ Barrett,Knicks,2021-22,F,34.531190476190474,2417.1833333333334
RJ Barrett,Knicks,2022-23,F,33.91095890410959,2475.5
RJ Barrett,Knicks,2023-24,F,29.481410256410257,766.5166666666667
RJ Barrett,Raptors,2023-24,F,33.168279569892476,1028.2166666666667
RJ Barrett,Raptors,2023-24,G,43.4,43.4
RJ Hunter,Bulls,2016-17,G,3.0500000000000003,9.15
RJ Hunter,Celtics,2015-16,G,8.738425925925926,314.5833333333333
RJ Hunter,Celtics,2018-19,G,25.683333333333334,25.683333333333334
RJ Hunter,Rockets,2017-18,G,9.016666666666667,45.083333333333336
Raja Bell,Jazz,2010-11,G,30.840196078431372,2097.133333333333
Raja Bell,Jazz,2011-12,G,23.41813725490196,796.2166666666667
Rajon Rondo,Bulls,2016-17,G,26.706038647342996,1842.7166666666667
Rajon Rondo,Cavaliers,2021-22,G,19.451587301587303,408.48333333333335
Rajon Rondo,Celtics,2010-11,G,37.15882352941177,2526.8
Rajon Rondo,Celtics,2011-12,G,36.931132075471695,1957.35
Rajon Rondo,Celtics,2012-13,G,37.44166666666666,1422.7833333333333
Rajon Rondo,Celtics,2013-14,G,33.27444444444445,998.2333333333333
Rajon Rondo,Celtics,2014-15,G,31.792424242424246,699.4333333333334
Rajon Rondo,Clippers,2020-21,G,20.42685185185185,367.68333333333334
Rajon Rondo,Hawks,2020-21,G,14.875925925925925,401.65
Rajon Rondo,Kings,2015-16,G,35.23148148148148,2536.6666666666665
Rajon Rondo,Lakers,2018-19,G,29.752173913043475,1368.6
Rajon Rondo,Lakers,2019-20,G,20.505208333333332,984.25
Rajon Rondo,Lakers,2021-22,G,16.080555555555556,289.45
Rajon Rondo,Mavericks,2014-15,G,28.682608695652174,1319.4
Rajon Rondo,Pelicans,2017-18,G,26.23,1704.95
Ramon Sessions,Bobcats,2012-13,G,27.074590163934424,1651.55
Ramon Sessions,Bobcats,2013-14,G,23.726363636363637,1304.95
Ramon Sessions,Bucks,2013-14,G,32.46845238095238,909.1166666666667
Ramon Sessions,Cavaliers,2010-11,G,26.329835390946503,2132.7166666666667
Ramon Sessions,Cavaliers,2011-12,G,24.541056910569107,1006.1833333333334
Ramon Sessions,Hornets,2016-17,G,16.21333333333333,810.6666666666666
Ramon Sessions,Kings,2014-15,G,17.845833333333335,642.45
Ramon Sessions,Knicks,2017-18,G,12.852564102564104,167.08333333333334
Ramon Sessions,Lakers,2011-12,G,30.46666666666667,700.7333333333333
Ramon Sessions,Wizards,2014-15,G,19.48690476190476,545.6333333333333
Ramon Sessions,Wizards,2015-16,G,20.330284552845526,1667.0833333333333
Ramon Sessions,Wizards,2017-18,G,15.024444444444445,225.36666666666667
Randy Foye,Clippers,2010-11,G,24.624074074074073,1551.3166666666666
Randy Foye,Clippers,2011-12,G,25.87974358974359,1682.1833333333334
Randy Foye,Jazz,2012-13,G,27.426219512195118,2248.95
Randy Foye,Nets,2016-17,G,18.61304347826087,1284.3
Randy Foye,Nuggets,2013-14,G,30.679012345679013,2485.0
Randy Foye,Nuggets,2014-15,G,21.73,1086.5
Randy Foye,Nuggets,2015-16,G,19.805864197530862,1069.5166666666667
Randy Foye,Thunder,2015-16,G,21.185185185185187,572.0
Rashad Vaughn,Bucks,2015-16,G,14.29595238095238,1000.7166666666667
Rashad Vaughn,Bucks,2016-17,G,11.183739837398374,458.53333333333336
Rashad Vaughn,Bucks,2017-18,G,7.850757575757576,172.71666666666667
Rashad Vaughn,Magic,2017-18,G,7.013333333333333,35.06666666666666
Rashad Vaughn,Nets,2017-18,G,4.2,4.2
Rashard Lewis,Heat,2012-13,F,14.4,792.0
Rashard Lewis,Heat,2013-14,F,16.183611111111112,971.0166666666667
Rashard Lewis,Magic,2010-11,F,32.416666666666664,810.4166666666666
Rashard Lewis,Wizards,2010-11,F,31.690625,1014.1
Rashard Lewis,Wizards,2011-12,F,26.029166666666665,728.8166666666666
Rasual Butler,Bulls,2010-11,F,4.288888888888889,25.733333333333334
Rasual Butler,Clippers,2010-11,F,17.665277777777778,423.96666666666664
Rasual Butler,Clippers,2010-11,G,18.82843137254902,320.0833333333333
Rasual Butler,Pacers,2013-14,F,7.564666666666667,378.23333333333335
Rasual Butler,Raptors,2011-12,F,13.329901960784312,453.21666666666664
Rasual Butler,Spurs,2015-16,G,9.380797101449275,431.51666666666665
Rasual Butler,Wizards,2014-15,F,20.062444444444445,1504.6833333333334
Raul Neto,76ers,2019-20,G,12.362962962962964,667.6
Raul Neto,Cavaliers,2022-23,G,10.525694444444445,505.23333333333335
Raul Neto,Jazz,2015-16,G,18.50144032921811,1498.6166666666668
Raul Neto,Jazz,2016-17,G,8.647499999999999,345.9
Raul Neto,Jazz,2017-18,G,12.15040650406504,498.1666666666667
Raul Neto,Jazz,2018-19,G,12.800900900900901,473.6333333333333
Raul Neto,Wizards,2020-21,G,21.925,1403.2
Raul Neto,Wizards,2021-22,G,19.6,1372.0
Rawle Alkins,Bulls,2018-19,G,12.035,120.35
Ray Allen,Celtics,2010-11,G,36.12583333333333,2890.0666666666666
Ray Allen,Celtics,2011-12,G,34.02065217391304,1564.95
Ray Allen,Heat,2012-13,G,25.76308016877637,2035.2833333333333
Ray Allen,Heat,2013-14,G,26.517808219178082,1935.8
Ray McCallum,Grizzlies,2015-16,G,21.85333333333333,218.53333333333333
Ray McCallum,Kings,2013-14,G,19.92666666666667,896.7
Ray McCallum,Kings,2014-15,G,21.114950980392155,1435.8166666666666
Ray McCallum,Spurs,2015-16,G,8.253225806451614,255.85
Ray Spalding,Mavericks,2018-19,C,0.9166666666666666,0.9166666666666666
Ray Spalding,Rockets,2020-21,C,9.366666666666667,18.733333333333334
Ray Spalding,Suns,2018-19,C,11.287179487179486,146.73333333333332
Rayan Rupert,Trail Blazers,2023-24,G,16.237179487179485,633.25
Raymond Felton,Clippers,2016-17,F,21.279166666666665,255.35
Raymond Felton,Clippers,2016-17,G,21.24313725490196,1444.5333333333333
Raymond Felton,Knicks,2010-11,G,38.412962962962965,2074.3
Raymond Felton,Knicks,2012-13,G,34.01225490196079,2312.8333333333335
Raymond Felton,Knicks,2013-14,G,31.035641025641024,2017.3166666666666
Raymond Felton,Mavericks,2014-15,F,12.416666666666666,12.416666666666666
Raymond Felton,Mavericks,2014-15,G,9.60654761904762,268.98333333333335
Raymond Felton,Mavericks,2015-16,F,28.004166666666666,112.01666666666667
Raymond Felton,Mavericks,2015-16,G,27.36798245614035,2079.9666666666667
Raymond Felton,Nuggets,2010-11,G,31.572222222222223,663.0166666666667
Raymond Felton,Thunder,2017-18,G,16.64329268292683,1364.75
Raymond Felton,Thunder,2018-19,G,11.495959595959595,379.3666666666667
Raymond Felton,Trail Blazers,2011-12,G,31.758888888888887,1905.5333333333333
Reggie Bullock,Clippers,2013-14,F,9.199224806201551,395.56666666666666
Reggie Bullock,Clippers,2014-15,F,10.504666666666667,262.6166666666667
Reggie Bullock,Knicks,2019-20,F,23.35648148148148,420.4166666666667
Reggie Bullock,Knicks,2019-20,G,23.992424242424246,263.9166666666667
Reggie Bullock,Knicks,2020-21,F,29.900260416666665,1913.6166666666666
Reggie Bullock,Knicks,2020-21,G,35.65,35.65
Reggie Bullock,Lakers,2018-19,G,27.5859649122807,524.1333333333333
Reggie Bullock,Mavericks,2021-22,F,28.457440476190477,1593.6166666666668
Reggie Bullock,Mavericks,2021-22,G,25.688888888888886,308.26666666666665
Reggie Bullock,Mavericks,2022-23,F,30.556578947368422,2322.3
Reggie Bullock,Mavericks,2022-23,G,21.108333333333334,42.21666666666667
Reggie Bullock,Pistons,2015-16,F,13.36025641025641,173.68333333333334
Reggie Bullock,Pistons,2015-16,G,10.631944444444445,255.16666666666666
Reggie Bullock,Pistons,2016-17,F,13.149999999999999,170.95
Reggie Bullock,Pistons,2016-17,G,16.43611111111111,295.84999999999997
Reggie Bullock,Pistons,2017-18,F,23.868840579710145,548.9833333333333
Reggie Bullock,Pistons,2017-18,G,30.32264957264957,1182.5833333333333
Reggie Bullock,Pistons,2018-19,F,31.877777777777776,765.0666666666666
Reggie Bullock,Pistons,2018-19,G,29.485000000000003,589.7
Reggie Bullock,Suns,2014-15,F,6.843939393939394,75.28333333333333
Reggie Evans,Clippers,2011-12,F,13.77172619047619,771.2166666666667
Reggie Evans,Kings,2013-14,C,21.01111111111111,63.03333333333333
Reggie Evans,Kings,2013-14,F,20.794444444444444,436.68333333333334
Reggie Evans,Kings,2014-15,C,19.323958333333334,309.18333333333334
Reggie Evans,Kings,2014-15,F,14.66720430107527,454.68333333333334
Reggie Evans,Nets,2012-13,C,20.383333333333333,20.383333333333333
Reggie Evans,Nets,2012-13,F,24.643881856540084,1946.8666666666666
Reggie Evans,Nets,2013-14,C,15.379629629629628,138.41666666666666
Reggie Evans,Nets,2013-14,F,12.423015873015872,260.8833333333333
Reggie Evans,Raptors,2010-11,C,34.31666666666667,34.31666666666667
Reggie Evans,Raptors,2010-11,F,26.33850574712644,763.8166666666667
Reggie Jackson,Clippers,2019-20,G,21.281372549019608,361.78333333333336
Reggie Jackson,Clippers,2020-21,F,22.529166666666665,90.11666666666666
Reggie Jackson,Clippers,2020-21,G,23.07962962962963,1454.0166666666667
Reggie Jackson,Clippers,2021-22,G,31.153777777777776,2336.5333333333333
Reggie Jackson,Clippers,2022-23,F,15.933333333333334,15.933333333333334
Reggie Jackson,Clippers,2022-23,G,25.917320261437908,1321.7833333333333
Reggie Jackson,Nuggets,2022-23,G,19.946875,319.15
Reggie Jackson,Nuggets,2023-24,G,22.15670731707317,1816.85
Reggie Jackson,Pistons,2014-15,G,32.237037037037034,870.4
Reggie Jackson,Pistons,2015-16,G,30.686286919831225,2424.2166666666667
Reggie Jackson,Pistons,2016-17,G,27.392628205128208,1424.4166666666667
Reggie Jackson,Pistons,2017-18,G,26.688518518518517,1200.9833333333333
Reggie Jackson,Pistons,2018-19,G,27.91321138211382,2288.883333333333
Reggie Jackson,Pistons,2019-20,G,27.204761904761906,380.8666666666667
Reggie Jackson,Thunder,2011-12,G,11.127037037037038,500.7166666666667
Reggie Jackson,Thunder,2012-13,G,14.180714285714286,992.65
Reggie Jackson,Thunder,2013-14,G,28.468333333333334,2277.4666666666667
Reggie Jackson,Thunder,2014-15,G,27.956999999999997,1397.85
Reggie Perry,Nets,2020-21,C,8.10320512820513,210.68333333333334
Reggie Perry,Pacers,2021-22,C,9.883333333333333,9.883333333333333
Reggie Perry,Trail Blazers,2021-22,C,19.70925925925926,177.38333333333333
Reggie Williams,Bobcats,2011-12,F,28.78,143.9
Reggie Williams,Bobcats,2011-12,G,21.526190476190475,602.7333333333333
Reggie Williams,Bobcats,2012-13,F,6.810416666666667,54.483333333333334
Reggie Williams,Bobcats,2012-13,G,10.171875,325.5
Reggie Williams,Pelicans,2016-17,G,13.241666666666667,79.45
Reggie Williams,Spurs,2014-15,G,5.253333333333333,105.06666666666666
Reggie Williams,Thunder,2013-14,G,5.561111111111111,16.683333333333334
Reggie Williams,Warriors,2010-11,F,4.766666666666667,4.766666666666667
Reggie Williams,Warriors,2010-11,G,20.525105485232068,1621.4833333333333
Richard Hamilton,Bulls,2011-12,F,36.416666666666664,36.416666666666664
Richard Hamilton,Bulls,2011-12,G,24.45123456790124,660.1833333333334
Richard Hamilton,Bulls,2012-13,G,21.759,1087.95
Richard Hamilton,Pistons,2010-11,F,24.2,24.2
Richard Hamilton,Pistons,2010-11,G,27.29413580246914,1473.8833333333334
Richard Jefferson,Cavaliers,2015-16,F,17.621323529411764,1198.25
Richard Jefferson,Cavaliers,2015-16,G,21.233333333333334,127.4
Richard Jefferson,Cavaliers,2016-17,F,20.27,1520.25
Richard Jefferson,Cavaliers,2016-17,G,23.35,93.4
Richard Jefferson,Jazz,2013-14,F,26.98292682926829,2212.6
Richard Jefferson,Mavericks,2014-15,F,16.924305555555556,1218.55
Richard Jefferson,Mavericks,2014-15,G,12.825,25.65
Richard Jefferson,Nuggets,2017-18,F,8.169166666666666,163.38333333333333
Richard Jefferson,Spurs,2010-11,F,30.35329218106996,2458.616666666667
Richard Jefferson,Spurs,2011-12,F,28.49512195121951,1168.3
Richard Jefferson,Warriors,2011-12,F,26.358333333333334,579.8833333333333
Richard Jefferson,Warriors,2012-13,F,10.14970238095238,568.3833333333333
Richaun Holmes,76ers,2015-16,C,13.787777777777778,620.45
Richaun Holmes,76ers,2015-16,F,13.594444444444443,81.56666666666666
Richaun Holmes,76ers,2016-17,C,21.04030303030303,1157.2166666666667
Richaun Holmes,76ers,2016-17,F,17.758333333333333,35.516666666666666
Richaun Holmes,76ers,2017-18,C,14.582083333333333,583.2833333333333
Richaun Holmes,76ers,2017-18,F,20.33125,162.65
Richaun Holmes,Kings,2019-20,C,28.123809523809523,1181.2
Richaun Holmes,Kings,2019-20,F,30.225,60.45
Richaun Holmes,Kings,2020-21,C,29.20327868852459,1781.4
Richaun Holmes,Kings,2021-22,C,23.868888888888886,1074.1
Richaun Holmes,Kings,2022-23,C,8.344736842105263,317.1
Richaun Holmes,Kings,2022-23,F,7.625,30.5
Richaun Holmes,Mavericks,2023-24,C,10.28768115942029,236.61666666666667
Richaun Holmes,Suns,2018-19,C,16.91,1183.7
Richaun Holmes,Wizards,2023-24,C,18.678431372549017,317.5333333333333
Ricky Rubio,Cavaliers,2021-22,G,28.533823529411762,970.15
Ricky Rubio,Cavaliers,2022-23,G,17.153030303030302,566.05
Ricky Rubio,Jazz,2017-18,G,29.27835497835498,2254.4333333333334
Ricky Rubio,Jazz,2018-19,G,27.925980392156863,1898.9666666666667
Ricky Rubio,Suns,2019-20,G,31.021282051282054,2016.3833333333334
Ricky Rubio,Timberwolves,2011-12,G,34.23658536585366,1403.7
Ricky Rubio,Timberwolves,2012-13,G,29.664912280701756,1690.9
Ricky Rubio,Timberwolves,2013-14,G,32.169715447154466,2637.9166666666665
Ricky Rubio,Timberwolves,2014-15,G,31.46060606060606,692.1333333333333
Ricky Rubio,Timberwolves,2015-16,G,30.5609649122807,2322.633333333333
Ricky Rubio,Timberwolves,2016-17,G,32.92177777777778,2469.133333333333
Ricky Rubio,Timberwolves,2020-21,G,26.052941176470586,1771.6
Robbie Hummel,Timberwolves,2013-14,F,11.595833333333333,556.6
Robbie Hummel,Timberwolves,2013-14,G,19.71333333333333,98.56666666666666
Robbie Hummel,Timberwolves,2014-15,F,16.08211382113821,659.3666666666667
Robbie Hummel,Timberwolves,2014-15,G,20.608333333333334,82.43333333333334
Robert Covington,76ers,2014-15,F,27.625260416666666,1768.0166666666667
Robert Covington,76ers,2014-15,G,31.316666666666666,187.9
Robert Covington,76ers,2015-16,F,28.02421875,1793.55
Robert Covington,76ers,2015-16,G,36.5,109.5
Robert Covington,76ers,2016-17,F,31.620202020202022,2086.9333333333334
Robert Covington,76ers,2016-17,G,31.666666666666668,31.666666666666668
Robert Covington,76ers,2017-18,F,31.641875,2531.35
Robert Covington,76ers,2018-19,F,33.84487179487179,439.98333333333335
Robert Covington,76ers,2023-24,F,16.573333333333334,414.33333333333337
Robert Covington,76ers,2023-24,G,4.816666666666666,4.816666666666666
Robert Covington,Clippers,2021-22,F,22.11159420289855,508.56666666666666
Robert Covington,Clippers,2022-23,C,6.816666666666666,6.816666666666666
Robert Covington,Clippers,2022-23,F,16.42163120567376,771.8166666666666
Robert Covington,Clippers,2023-24,F,23.094444444444445,69.28333333333333
Robert Covington,Rockets,2013-14,C,7.091666666666667,28.366666666666667
Robert Covington,Rockets,2013-14,F,1.8222222222222222,5.466666666666667
Robert Covington,Rockets,2019-20,C,33.735897435897435,438.56666666666666
Robert Covington,Rockets,2019-20,F,31.914814814814818,287.23333333333335
Robert Covington,Timberwolves,2018-19,F,34.665151515151514,762.6333333333333
Robert Covington,Timberwolves,2019-20,F,29.395833333333332,1411.0
Robert Covington,Trail Blazers,2020-21,F,32.04,2242.8
Robert Covington,Trail Blazers,2021-22,F,29.811458333333334,1430.95
Robert Sacre,Lakers,2012-13,C,6.358333333333333,203.46666666666667
Robert Sacre,Lakers,2013-14,C,16.75051282051282,1088.7833333333333
Robert Sacre,Lakers,2014-15,C,16.915422885572138,1133.3333333333333
Robert Sacre,Lakers,2015-16,C,12.803333333333333,320.0833333333333
Robert Williams III,Celtics,2018-19,C,8.8390625,282.85
Robert Williams III,Celtics,2019-20,C,13.371264367816092,387.76666666666665
Robert Williams III,Celtics,2020-21,C,18.9474358974359,985.2666666666667
Robert Williams III,Celtics,2021-22,C,29.57950819672131,1804.35
Robert Williams III,Celtics,2022-23,C,23.53095238095238,823.5833333333334
Robert Williams III,Trail Blazers,2023-24,C,19.791666666666668,118.75
Robin Lopez,Bucks,2019-20,C,14.516919191919191,958.1166666666667
Robin Lopez,Bucks,2023-24,C,4.045833333333333,64.73333333333333
Robin Lopez,Bulls,2016-17,C,28.034362139917697,2270.7833333333333
Robin Lopez,Bulls,2017-18,C,26.403385416666666,1689.8166666666666
Robin Lopez,Bulls,2018-19,C,21.699324324324323,1605.75
Robin Lopez,Cavaliers,2022-23,C,8.067567567567568,298.5
Robin Lopez,Hornets,2012-13,C,26.046341463414635,2135.8
Robin Lopez,Knicks,2015-16,C,27.060772357723575,2218.983333333333
Robin Lopez,Magic,2021-22,C,16.99722222222222,611.9
Robin Lopez,Suns,2010-11,C,14.792786069651742,991.1166666666667
Robin Lopez,Suns,2011-12,C,13.979427083333334,894.6833333333334
Robin Lopez,Trail Blazers,2013-14,C,31.7520325203252,2603.6666666666665
Robin Lopez,Trail Blazers,2014-15,C,27.761581920903957,1637.9333333333334
Robin Lopez,Wizards,2020-21,C,19.064788732394366,1353.6
Rodions Kurucs,Bucks,2020-21,F,6.736666666666666,33.68333333333333
Rodions Kurucs,Nets,2018-19,F,20.536243386243385,1293.7833333333333
Rodions Kurucs,Nets,2019-20,C,16.7,50.1
Rodions Kurucs,Nets,2019-20,F,14.396969696969698,633.4666666666667
Rodions Kurucs,Nets,2020-21,F,3.1599999999999997,15.799999999999999
Rodions Kurucs,Rockets,2020-21,F,6.822727272727272,75.05
Rodney Carney,Grizzlies,2010-11,G,2.3666666666666667,4.733333333333333
Rodney Carney,Warriors,2010-11,G,13.223333333333333,330.5833333333333
Rodney Hood,Bucks,2021-22,G,14.904700854700854,581.2833333333333
Rodney Hood,Cavaliers,2017-18,F,22.751851851851853,204.76666666666668
Rodney Hood,Cavaliers,2017-18,G,27.248611111111114,326.98333333333335
Rodney Hood,Cavaliers,2018-19,F,27.52894736842105,523.05
Rodney Hood,Cavaliers,2018-19,G,27.34102564102564,710.8666666666667
Rodney Hood,Clippers,2021-22,G,9.856410256410255,128.13333333333333
Rodney Hood,Jazz,2014-15,F,15.566666666666666,15.566666666666666
Rodney Hood,Jazz,2014-15,G,21.40408163265306,1048.8
Rodney Hood,Jazz,2015-16,G,32.165189873417724,2541.05
Rodney Hood,Jazz,2016-17,G,27.00423728813559,1593.25
Rodney Hood,Jazz,2017-18,F,27.9,55.8
Rodney Hood,Jazz,2017-18,G,27.782432432432433,1027.95
Rodney Hood,Raptors,2020-21,F,12.724509803921569,216.31666666666666
Rodney Hood,Trail Blazers,2018-19,F,23.477450980392156,399.1166666666667
Rodney Hood,Trail Blazers,2018-19,G,25.955000000000002,259.55
Rodney Hood,Trail Blazers,2019-20,F,29.46111111111111,618.6833333333333
Rodney Hood,Trail Blazers,2020-21,F,17.907246376811596,411.8666666666667
Rodney Hood,Trail Blazers,2020-21,G,20.970000000000002,314.55
Rodney McGruder,Clippers,2019-20,F,15.204166666666666,182.45
Rodney McGruder,Clippers,2019-20,G,15.649242424242425,688.5666666666667
Rodney McGruder,Heat,2016-17,F,24.538205128205128,1594.9833333333333
Rodney McGruder,Heat,2016-17,G,28.533333333333335,370.93333333333334
Rodney McGruder,Heat,2017-18,F,16.308333333333334,260.93333333333334
Rodney McGruder,Heat,2017-18,G,19.15,38.3
Rodney McGruder,Heat,2018-19,F,23.531944444444445,1411.9166666666667
Rodney McGruder,Heat,2018-19,G,22.96666666666667,137.8
Rodney McGruder,Pistons,2020-21,F,10.272916666666667,82.18333333333334
Rodney McGruder,Pistons,2020-21,G,13.935416666666667,111.48333333333333
Rodney McGruder,Pistons,2021-22,F,14.985897435897435,389.6333333333333
Rodney McGruder,Pistons,2021-22,G,14.577333333333334,364.43333333333334
Rodney McGruder,Pistons,2022-23,F,17.506060606060604,192.56666666666666
Rodney McGruder,Pistons,2022-23,G,15.777777777777777,331.3333333333333
Rodney Purvis,Magic,2017-18,G,18.101041666666667,289.6166666666667
Rodney Stuckey,Pacers,2014-15,G,26.388028169014085,1873.55
Rodney Stuckey,Pacers,2015-16,G,21.99080459770115,1275.4666666666667
Rodney Stuckey,Pacers,2016-17,G,17.8508547008547,696.1833333333333
Rodney Stuckey,Pistons,2010-11,G,31.192380952380955,2183.4666666666667
Rodney Stuckey,Pistons,2011-12,G,29.882121212121213,1643.5166666666667
Rodney Stuckey,Pistons,2012-13,G,28.566666666666666,2171.0666666666666
Rodney Stuckey,Pistons,2013-14,G,26.718036529680365,1950.4166666666667
Rodrigue Beaubois,Mavericks,2010-11,G,17.702380952380953,495.6666666666667
Rodrigue Beaubois,Mavericks,2011-12,G,21.711006289308177,1150.6833333333334
Rodrigue Beaubois,Mavericks,2012-13,G,12.207037037037038,549.3166666666667
Roger Mason Jr.,Heat,2013-14,G,10.398666666666667,259.9666666666667
Roger Mason Jr.,Hornets,2012-13,G,17.66014492753623,1218.55
Roger Mason Jr.,Knicks,2010-11,G,12.269871794871793,319.01666666666665
Roger Mason Jr.,Wizards,2011-12,G,13.394871794871793,696.5333333333333
Romeo Langford,Celtics,2019-20,F,14.079166666666666,112.63333333333333
Romeo Langford,Celtics,2019-20,G,10.716666666666667,257.2
Romeo Langford,Celtics,2020-21,F,20.2,121.2
Romeo Langford,Celtics,2020-21,G,13.463888888888889,161.56666666666666
Romeo Langford,Celtics,2021-22,F,17.53627450980392,298.1166666666667
Romeo Langford,Celtics,2021-22,G,15.93456790123457,430.23333333333335
Romeo Langford,Spurs,2021-22,G,10.641666666666666,42.56666666666666
Romeo Langford,Spurs,2022-23,F,23.356666666666666,116.78333333333333
Romeo Langford,Spurs,2022-23,G,19.146491228070175,727.5666666666667
Ron Baker,Knicks,2016-17,G,16.482371794871796,857.0833333333334
Ron Baker,Knicks,2017-18,G,13.264942528735633,384.68333333333334
Ron Baker,Knicks,2018-19,G,9.687878787878788,106.56666666666666
Ron Baker,Wizards,2018-19,G,11.354166666666668,45.41666666666667
Rondae Hollis-Jefferson,Nets,2015-16,F,19.892307692307693,258.6
Rondae Hollis-Jefferson,Nets,2015-16,G,22.305208333333333,356.8833333333333
Rondae Hollis-Jefferson,Nets,2016-17,F,22.954566210045662,1675.6833333333334
Rondae Hollis-Jefferson,Nets,2016-17,G,17.153333333333332,85.76666666666667
Rondae Hollis-Jefferson,Nets,2017-18,F,28.372307692307693,1844.2
Rondae Hollis-Jefferson,Nets,2017-18,G,25.46666666666667,76.4
Rondae Hollis-Jefferson,Nets,2018-19,C,26.7,26.7
Rondae Hollis-Jefferson,Nets,2018-19,F,20.905151515151516,1149.7833333333333
Rondae Hollis-Jefferson,Nets,2018-19,G,19.155555555555555,57.46666666666667
Rondae Hollis-Jefferson,Raptors,2019-20,C,18.917521367521367,737.7833333333333
Rondae Hollis-Jefferson,Raptors,2019-20,F,18.29285714285714,384.15
Rondae Hollis-Jefferson,Trail Blazers,2020-21,F,9.756060606060606,107.31666666666666
Ronnie Brewer,Bulls,2010-11,F,21.995238095238097,153.96666666666667
Ronnie Brewer,Bulls,2010-11,G,21.993468468468468,1627.5166666666667
Ronnie Brewer,Bulls,2011-12,F,31.28333333333333,187.7
Ronnie Brewer,Bulls,2011-12,G,24.121111111111112,1447.2666666666667
Ronnie Brewer,Bulls,2013-14,G,2.1,2.1
Ronnie Brewer,Knicks,2012-13,F,15.908585858585859,524.9833333333333
Ronnie Brewer,Knicks,2012-13,G,14.287179487179488,185.73333333333335
Ronnie Brewer,Rockets,2013-14,F,6.878260869565217,158.2
Ronnie Brewer,Thunder,2012-13,F,10.119047619047619,141.66666666666666
Ronnie Price,Jazz,2010-11,G,12.15,716.85
Ronnie Price,Lakers,2014-15,G,22.838372093023256,982.05
Ronnie Price,Magic,2013-14,G,12.159139784946237,376.93333333333334
Ronnie Price,Suns,2011-12,G,14.362037037037036,517.0333333333333
Ronnie Price,Suns,2015-16,G,19.53548387096774,1211.2
Ronnie Price,Suns,2016-17,G,9.58452380952381,134.18333333333334
Ronnie Price,Trail Blazers,2012-13,G,13.072222222222223,509.81666666666666
Ronny Turiaf,Clippers,2012-13,C,10.78076923076923,700.75
Ronny Turiaf,Heat,2011-12,C,16.984615384615385,220.8
Ronny Turiaf,Knicks,2010-11,C,17.8234375,1140.7
Ronny Turiaf,Timberwolves,2013-14,C,19.537096774193547,605.65
Ronny Turiaf,Timberwolves,2014-15,C,9.683333333333334,19.366666666666667
Ronny Turiaf,Wizards,2011-12,C,14.558333333333334,58.233333333333334
Roy Hibbert,Hornets,2016-17,C,15.983333333333333,671.3
Roy Hibbert,Lakers,2015-16,C,23.18395061728395,1877.9
Roy Hibbert,Nuggets,2016-17,C,1.8361111111111112,11.016666666666667
Roy Hibbert,Pacers,2010-11,C,27.704320987654324,2244.05
Roy Hibbert,Pacers,2011-12,C,29.79948717948718,1936.9666666666667
Roy Hibbert,Pacers,2012-13,C,28.718987341772156,2268.8
Roy Hibbert,Pacers,2013-14,C,29.74074074074074,2409.0
Roy Hibbert,Pacers,2014-15,C,25.347587719298247,1926.4166666666667
Royal Ivey,76ers,2012-13,G,13.178616352201258,698.4666666666667
Royal Ivey,Thunder,2010-11,G,6.188,154.7
Royal Ivey,Thunder,2011-12,G,10.41421568627451,354.0833333333333
Royal Ivey,Thunder,2013-14,G,2.4,4.8
Royce O'Neale,Jazz,2017-18,C,26.65,26.65
Royce O'Neale,Jazz,2017-18,F,15.283333333333333,764.1666666666666
Royce O'Neale,Jazz,2017-18,G,19.930555555555557,358.75
Royce O'Neale,Jazz,2018-19,F,18.038690476190474,1010.1666666666666
Royce O'Neale,Jazz,2018-19,G,25.42115384615385,660.95
Royce O'Neale,Jazz,2019-20,F,28.94309523809524,2026.0166666666667
Royce O'Neale,Jazz,2019-20,G,23.466666666666665,23.466666666666665
Royce O'Neale,Jazz,2020-21,F,31.881451612903227,1976.65
Royce O'Neale,Jazz,2020-21,G,29.314814814814813,263.8333333333333
Royce O'Neale,Jazz,2021-22,C,36.15,36.15
Royce O'Neale,Jazz,2021-22,F,31.17609649122807,2369.383333333333
Royce O'Neale,Nets,2022-23,F,31.70087719298246,2409.266666666667
Royce O'Neale,Nets,2023-24,F,24.535714285714285,1202.25
Royce O'Neale,Suns,2023-24,F,25.06722222222222,752.0166666666667
Rudy Fernandez,Nuggets,2011-12,F,22.891397849462365,709.6333333333333
Rudy Fernandez,Trail Blazers,2010-11,F,23.343376068376067,1820.7833333333333
Rudy Gay,Grizzlies,2010-11,F,39.84722222222222,2151.75
Rudy Gay,Grizzlies,2011-12,F,37.263333333333335,2422.116666666667
Rudy Gay,Grizzlies,2012-13,F,36.68214285714286,1540.65
Rudy Gay,Jazz,2021-22,F,18.87727272727273,1038.25
Rudy Gay,Jazz,2022-23,F,14.563988095238097,815.5833333333334
Rudy Gay,Kings,2013-14,F,34.40121212121212,1892.0666666666666
Rudy Gay,Kings,2014-15,F,35.41617647058824,2408.3
Rudy Gay,Kings,2015-16,F,33.86545893719807,2336.7166666666667
Rudy Gay,Kings,2015-16,G,42.03333333333333,42.03333333333333
Rudy Gay,Kings,2016-17,F,33.763333333333335,1012.9
Rudy Gay,Raptors,2012-13,F,34.73989898989899,1146.4166666666667
Rudy Gay,Raptors,2013-14,F,35.48240740740741,638.6833333333333
Rudy Gay,Spurs,2017-18,F,21.599415204678365,1231.1666666666667
Rudy Gay,Spurs,2018-19,F,26.700241545893718,1842.3166666666666
Rudy Gay,Spurs,2019-20,C,24.772222222222222,148.63333333333333
Rudy Gay,Spurs,2019-20,F,21.507650273224044,1311.9666666666667
Rudy Gay,Spurs,2020-21,C,19.866666666666664,59.599999999999994
Rudy Gay,Spurs,2020-21,F,21.634444444444444,1298.0666666666666
Rudy Gobert,Jazz,2013-14,C,9.638148148148149,433.7166666666667
Rudy Gobert,Jazz,2014-15,C,26.177083333333332,2094.1666666666665
Rudy Gobert,Jazz,2014-15,F,32.13333333333333,64.26666666666667
Rudy Gobert,Jazz,2015-16,C,31.67377049180328,1932.1
Rudy Gobert,Jazz,2016-17,C,33.8738683127572,2743.7833333333333
Rudy Gobert,Jazz,2017-18,C,32.42946428571428,1816.05
Rudy Gobert,Jazz,2018-19,C,31.81111111111111,2576.7
Rudy Gobert,Jazz,2019-20,C,34.3046568627451,2332.7166666666667
Rudy Gobert,Jazz,2020-21,C,30.797887323943662,2186.65
Rudy Gobert,Jazz,2021-22,C,32.1280303030303,2120.45
Rudy Gobert,Timberwolves,2022-23,C,30.692619047619043,2148.483333333333
Rudy Gobert,Timberwolves,2023-24,C,34.12039473684211,2593.15
Rui Hachimura,Lakers,2022-23,F,22.368181818181817,738.15
Rui Hachimura,Lakers,2023-24,F,26.8453431372549,1825.4833333333333
Rui Hachimura,Wizards,2019-20,C,38.516666666666666,38.516666666666666
Rui Hachimura,Wizards,2019-20,F,29.906028368794324,1405.5833333333333
Rui Hachimura,Wizards,2020-21,F,31.529824561403508,1797.2
Rui Hachimura,Wizards,2021-22,F,22.465079365079365,943.5333333333333
Rui Hachimura,Wizards,2022-23,F,24.262222222222224,727.8666666666667
Russell Westbrook,Clippers,2022-23,G,30.215873015873015,634.5333333333333
Russell Westbrook,Clippers,2023-24,G,22.4828431372549,1528.8333333333333
Russell Westbrook,Lakers,2021-22,G,34.3318376068376,2677.883333333333
Russell Westbrook,Lakers,2022-23,G,28.679166666666667,1491.3166666666666
Russell Westbrook,Rockets,2019-20,G,35.95058479532164,2049.1833333333334
Russell Westbrook,Thunder,2010-11,G,34.724186991869914,2847.383333333333
Russell Westbrook,Thunder,2011-12,G,35.3229797979798,2331.3166666666666
Russell Westbrook,Thunder,2012-13,G,34.890040650406505,2860.983333333333
Russell Westbrook,Thunder,2013-14,G,30.68949275362319,1411.7166666666667
Russell Westbrook,Thunder,2014-15,G,34.35572139303483,2301.8333333333335
Russell Westbrook,Thunder,2015-16,G,34.36875,2749.5
Russell Westbrook,Thunder,2016-17,G,34.589300411522636,2801.7333333333336
Russell Westbrook,Thunder,2017-18,G,36.420833333333334,2913.6666666666665
Russell Westbrook,Thunder,2018-19,G,36.02009132420091,2629.4666666666667
Russell Westbrook,Wizards,2020-21,G,36.44358974358975,2368.8333333333335
Ryan Anderson,Heat,2018-19,F,4.36,43.6
Ryan Anderson,Hornets,2012-13,F,30.89814814814815,2502.75
Ryan Anderson,Magic,2010-11,C,25.483333333333334,50.96666666666667
Ryan Anderson,Magic,2010-11,F,22.151881720430108,1373.4166666666667
Ryan Anderson,Magic,2011-12,F,32.19125683060109,1963.6666666666667
Ryan Anderson,Pelicans,2013-14,F,36.124242424242425,794.7333333333333
Ryan Anderson,Pelicans,2014-15,F,27.45327868852459,1674.65
Ryan Anderson,Pelicans,2015-16,F,30.426262626262627,2008.1333333333334
Ryan Anderson,Rockets,2016-17,F,29.394675925925924,2116.4166666666665
Ryan Anderson,Rockets,2017-18,C,27.450000000000003,54.900000000000006
Ryan Anderson,Rockets,2017-18,F,26.101302083333334,1670.4833333333333
Ryan Anderson,Rockets,2019-20,F,6.983333333333334,13.966666666666669
Ryan Anderson,Suns,2018-19,F,18.512222222222224,277.68333333333334
Ryan Arcidiacono,Bulls,2017-18,G,12.672222222222222,304.1333333333333
Ryan Arcidiacono,Bulls,2018-19,G,24.213991769547324,1961.3333333333333
Ryan Arcidiacono,Bulls,2019-20,G,16.034195402298852,929.9833333333333
Ryan Arcidiacono,Bulls,2020-21,G,10.237121212121211,450.43333333333334
Ryan Arcidiacono,Knicks,2021-22,G,7.626666666666667,76.26666666666667
Ryan Arcidiacono,Knicks,2022-23,G,2.387878787878788,26.26666666666667
Ryan Arcidiacono,Knicks,2023-24,G,2.2583333333333333,45.166666666666664
Ryan Arcidiacono,Trail Blazers,2022-23,G,16.23148148148148,146.08333333333334
Ryan Broekhoff,Mavericks,2018-19,F,10.799206349206349,453.56666666666666
Ryan Broekhoff,Mavericks,2019-20,F,10.595098039215687,180.11666666666667
Ryan Gomes,Clippers,2010-11,F,27.56798245614035,2095.1666666666665
Ryan Gomes,Clippers,2011-12,F,13.2734375,424.75
Ryan Gomes,Thunder,2013-14,F,6.85,34.25
Ryan Hollins,Cavaliers,2010-11,C,16.880238095238095,1181.6166666666666
Ryan Hollins,Cavaliers,2011-12,C,15.079861111111112,361.9166666666667
Ryan Hollins,Celtics,2011-12,C,10.685555555555556,160.28333333333333
Ryan Hollins,Clippers,2012-13,C,11.054166666666667,663.25
Ryan Hollins,Clippers,2013-14,C,7.899453551912568,481.8666666666667
Ryan Hollins,Grizzlies,2015-16,C,12.8703125,411.85
Ryan Hollins,Kings,2014-15,C,9.547407407407407,429.6333333333333
Ryan Hollins,Kings,2014-15,F,11.466666666666667,11.466666666666667
Ryan Hollins,Wizards,2015-16,C,9.57,47.85
Ryan Kelly,Hawks,2016-17,F,6.883333333333333,110.13333333333333
Ryan Kelly,Lakers,2013-14,F,22.235028248587568,1311.8666666666666
Ryan Kelly,Lakers,2014-15,F,23.716666666666665,1233.2666666666667
Ryan Kelly,Lakers,2015-16,F,13.050462962962962,469.81666666666666
Saben Lee,76ers,2022-23,G,5.058333333333334,10.116666666666667
Saben Lee,Pistons,2020-21,G,16.26215277777778,780.5833333333334
Saben Lee,Pistons,2021-22,G,16.317117117117117,603.7333333333333
Saben Lee,Suns,2022-23,G,15.802173913043477,363.45
Saben Lee,Suns,2023-24,G,7.707638888888888,184.98333333333332
Saddiq Bey,Hawks,2022-23,F,25.14266666666667,628.5666666666667
Saddiq Bey,Hawks,2023-24,F,32.72486772486772,2061.6666666666665
Saddiq Bey,Pistons,2020-21,F,27.316666666666666,1857.5333333333333
Saddiq Bey,Pistons,2020-21,G,25.758333333333333,51.516666666666666
Saddiq Bey,Pistons,2021-22,F,32.95395833333333,2636.3166666666666
Saddiq Bey,Pistons,2021-22,G,33.94166666666666,67.88333333333333
Saddiq Bey,Pistons,2022-23,F,29.06122448979592,1424.0
Saddiq Bey,Pistons,2022-23,G,25.377777777777776,76.13333333333333
Salah Mejri,Mavericks,2015-16,C,11.683823529411764,397.25
Salah Mejri,Mavericks,2016-17,C,12.399086757990867,905.1333333333333
Salah Mejri,Mavericks,2017-18,C,11.947267759562841,728.7833333333333
Salah Mejri,Mavericks,2018-19,C,11.0875,399.15000000000003
Sam Dekker,Cavaliers,2018-19,F,18.82962962962963,169.46666666666667
Sam Dekker,Clippers,2017-18,F,12.09269406392694,882.7666666666667
Sam Dekker,Raptors,2021-22,F,0.9,0.9
Sam Dekker,Rockets,2015-16,F,2.0500000000000003,6.15
Sam Dekker,Rockets,2016-17,F,18.429220779220778,1419.05
Sam Dekker,Wizards,2018-19,F,16.29298245614035,619.1333333333333
Sam Hauser,Celtics,2021-22,F,6.455555555555556,135.56666666666666
Sam Hauser,Celtics,2021-22,G,4.406666666666666,22.03333333333333
Sam Hauser,Celtics,2022-23,F,15.310233918128654,872.6833333333333
Sam Hauser,Celtics,2022-23,G,18.141304347826086,417.25
Sam Hauser,Celtics,2023-24,F,22.26448087431694,1358.1333333333334
Sam Hauser,Celtics,2023-24,G,21.249074074074073,382.48333333333335
Sam Merrill,Bucks,2020-21,F,6.8920634920634924,144.73333333333335
Sam Merrill,Bucks,2020-21,G,9.761111111111111,87.85
Sam Merrill,Cavaliers,2022-23,G,11.703333333333333,58.516666666666666
Sam Merrill,Cavaliers,2023-24,G,17.523497267759563,1068.9333333333334
Sam Merrill,Grizzlies,2021-22,G,9.63888888888889,57.833333333333336
Sam Young,76ers,2011-12,F,9.639285714285716,134.95000000000002
Sam Young,Grizzlies,2010-11,F,20.75875,830.35
Sam Young,Grizzlies,2010-11,G,19.650438596491227,746.7166666666667
Sam Young,Grizzlies,2011-12,F,13.413333333333332,134.13333333333333
Sam Young,Grizzlies,2011-12,G,9.58939393939394,105.48333333333333
Sam Young,Pacers,2012-13,F,12.374107142857143,692.95
Samardo Samuels,Cavaliers,2010-11,F,18.95810810810811,701.45
Samardo Samuels,Cavaliers,2011-12,F,15.2820987654321,825.2333333333333
Samardo Samuels,Cavaliers,2012-13,F,10.863888888888889,195.55
Samuel Dalembert,Bucks,2012-13,C,16.783333333333335,604.2
Samuel Dalembert,Bucks,2012-13,F,14.587878787878788,160.46666666666667
Samuel Dalembert,Kings,2010-11,C,24.21875,1937.5
Samuel Dalembert,Knicks,2014-15,C,16.988020833333334,543.6166666666667
Samuel Dalembert,Mavericks,2013-14,C,20.171041666666667,1613.6833333333334
Samuel Dalembert,Rockets,2011-12,C,22.252307692307692,1446.4
Sandro Mamukelashvili,Bucks,2021-22,C,10.225,122.7
Sandro Mamukelashvili,Bucks,2021-22,F,9.804022988505746,284.31666666666666
Sandro Mamukelashvili,Bucks,2022-23,C,8.6875,34.75
Sandro Mamukelashvili,Bucks,2022-23,F,9.105833333333333,182.11666666666667
Sandro Mamukelashvili,Spurs,2022-23,C,25.26904761904762,353.76666666666665
Sandro Mamukelashvili,Spurs,2022-23,F,17.8,89.0
Sandro Mamukelashvili,Spurs,2023-24,C,6.96025641025641,180.96666666666667
Sandro Mamukelashvili,Spurs,2023-24,F,13.5,270.0
Santi Aldama,Grizzlies,2021-22,C,10.395833333333334,41.583333333333336
Santi Aldama,Grizzlies,2021-22,F,11.364285714285714,318.2
Santi Aldama,Grizzlies,2022-23,C,17.958333333333332,143.66666666666666
Santi Aldama,Grizzlies,2022-23,F,22.291304347826085,1538.1
Santi Aldama,Grizzlies,2023-24,C,23.28333333333333,69.85
Santi Aldama,Grizzlies,2023-24,F,26.6933908045977,1548.2166666666667
Sasha Pavlovic,Celtics,2010-11,F,11.277777777777777,33.83333333333333
Sasha Pavlovic,Celtics,2010-11,G,8.225,115.15
Sasha Pavlovic,Celtics,2011-12,F,12.557777777777778,188.36666666666667
Sasha Pavlovic,Celtics,2011-12,G,11.303333333333335,339.1
Sasha Pavlovic,Hornets,2010-11,F,12.495833333333334,49.983333333333334
Sasha Pavlovic,Mavericks,2010-11,F,16.303333333333335,163.03333333333333
Sasha Pavlovic,Trail Blazers,2012-13,F,13.456666666666667,201.85
Sasha Pavlovic,Trail Blazers,2012-13,G,13.569444444444445,325.6666666666667
Sasha Vujacic,Clippers,2013-14,G,5.191666666666666,10.383333333333333
Sasha Vujacic,Knicks,2015-16,F,2.4333333333333336,2.4333333333333336
Sasha Vujacic,Knicks,2015-16,G,15.099166666666667,905.95
Sasha Vujacic,Knicks,2016-17,F,36.416666666666664,36.416666666666664
Sasha Vujacic,Knicks,2016-17,G,9.06869918699187,371.81666666666666
Sasha Vujacic,Lakers,2010-11,G,4.91060606060606,54.016666666666666
Sasha Vujacic,Nets,2010-11,F,27.452564102564104,713.7666666666667
Sasha Vujacic,Nets,2010-11,G,29.325,879.75
Scoot Henderson,Trail Blazers,2023-24,G,28.4741935483871,1765.4
Scottie Barnes,Raptors,2021-22,F,35.47388888888889,2128.4333333333334
Scottie Barnes,Raptors,2021-22,G,34.91904761904762,488.8666666666667
Scottie Barnes,Raptors,2022-23,F,35.102020202020206,1158.3666666666668
Scottie Barnes,Raptors,2022-23,G,34.52689393939394,1519.1833333333334
Scottie Barnes,Raptors,2023-24,F,35.04141414141414,1156.3666666666666
Scottie Barnes,Raptors,2023-24,G,34.737037037037034,937.9
Scotty Pippen Jr.,Grizzlies,2023-24,G,25.08730158730159,526.8333333333334
Scotty Pippen Jr.,Lakers,2022-23,G,5.252777777777777,31.516666666666666
Sean Kilpatrick,Bucks,2017-18,G,8.928260869565218,205.35
Sean Kilpatrick,Bulls,2017-18,G,23.72407407407407,213.51666666666665
Sean Kilpatrick,Clippers,2017-18,G,9.558333333333334,38.233333333333334
Sean Kilpatrick,Nets,2015-16,G,23.2231884057971,534.1333333333333
Sean Kilpatrick,Nets,2016-17,G,25.050714285714285,1753.55
Sean Kilpatrick,Nets,2017-18,G,11.434375,182.95
Sean Kilpatrick,Nuggets,2015-16,G,10.260416666666666,82.08333333333333
Sean Kilpatrick,Timberwolves,2014-15,G,17.879166666666666,71.51666666666667
Sebastian Telfair,Raptors,2012-13,G,14.235897435897435,185.06666666666666
Sebastian Telfair,Suns,2011-12,G,14.910555555555556,894.6333333333333
Sebastian Telfair,Suns,2012-13,G,17.284420289855074,795.0833333333334
Sebastian Telfair,Thunder,2014-15,G,20.442708333333332,327.0833333333333
Sebastian Telfair,Timberwolves,2010-11,G,19.204954954954957,710.5833333333334
Sekou Doumbouya,Lakers,2021-22,F,8.191666666666666,16.383333333333333
Sekou Doumbouya,Pistons,2019-20,F,19.83464912280702,753.7166666666667
Sekou Doumbouya,Pistons,2020-21,F,15.519345238095239,869.0833333333334
Semaj Christon,Thunder,2016-17,G,15.198177083333334,972.6833333333334
Semi Ojeleye,Bucks,2021-22,C,15.377500000000001,307.55
Semi Ojeleye,Celtics,2017-18,C,12.575,25.15
Semi Ojeleye,Celtics,2017-18,F,15.846948356807511,1125.1333333333332
Semi Ojeleye,Celtics,2018-19,C,9.261111111111111,27.783333333333335
Semi Ojeleye,Celtics,2018-19,F,10.69245283018868,566.7
Semi Ojeleye,Celtics,2019-20,C,24.433333333333334,24.433333333333334
Semi Ojeleye,Celtics,2019-20,F,14.502450980392156,986.1666666666666
Semi Ojeleye,Celtics,2020-21,F,16.961011904761907,949.8166666666667
Semi Ojeleye,Clippers,2021-22,C,9.83,98.3
Semih Erden,Cavaliers,2010-11,C,16.008333333333333,64.03333333333333
Semih Erden,Cavaliers,2011-12,C,11.87857142857143,332.6
Semih Erden,Celtics,2010-11,C,14.348198198198197,530.8833333333333
Serge Ibaka,Bucks,2021-22,C,18.126666666666665,271.9
Serge Ibaka,Bucks,2021-22,F,16.8125,67.25
Serge Ibaka,Bucks,2022-23,C,11.183333333333334,145.38333333333333
Serge Ibaka,Bucks,2022-23,F,13.322222222222223,39.96666666666667
Serge Ibaka,Clippers,2020-21,C,23.435416666666665,937.4166666666666
Serge Ibaka,Clippers,2020-21,F,17.25,17.25
Serge Ibaka,Clippers,2021-22,C,15.697619047619048,439.53333333333336
Serge Ibaka,Clippers,2021-22,F,14.135714285714286,98.95
Serge Ibaka,Magic,2016-17,C,32.71666666666667,32.71666666666667
Serge Ibaka,Magic,2016-17,F,30.497575757575756,1677.3666666666666
Serge Ibaka,Raptors,2016-17,F,30.957971014492752,712.0333333333333
Serge Ibaka,Raptors,2017-18,C,30.766666666666666,61.53333333333333
Serge Ibaka,Raptors,2017-18,F,27.455180180180182,2031.6833333333334
Serge Ibaka,Raptors,2018-19,C,28.316101694915258,1670.65
Serge Ibaka,Raptors,2018-19,F,22.645555555555557,339.68333333333334
Serge Ibaka,Raptors,2019-20,C,28.889912280701754,1097.8166666666666
Serge Ibaka,Raptors,2019-20,F,22.75588235294118,386.85
Serge Ibaka,Thunder,2010-11,C,23.33787878787879,256.7166666666667
Serge Ibaka,Thunder,2010-11,F,27.59131455399061,1958.9833333333333
Serge Ibaka,Thunder,2011-12,F,27.149747474747475,1791.8833333333334
Serge Ibaka,Thunder,2012-13,F,31.079375,2486.35
Serge Ibaka,Thunder,2013-14,F,32.91296296296296,2665.95
Serge Ibaka,Thunder,2014-15,F,33.059375,2115.8
Serge Ibaka,Thunder,2015-16,F,32.054700854700855,2500.266666666667
Sergey Karasev,Cavaliers,2013-14,G,7.082575757575757,155.81666666666666
Sergey Karasev,Nets,2014-15,G,16.825252525252527,555.2333333333333
Sergey Karasev,Nets,2015-16,G,9.985416666666667,399.4166666666667
Sergio Rodriguez,76ers,2016-17,G,22.314950980392158,1517.4166666666667
Seth Curry,76ers,2020-21,G,28.741520467836256,1638.2666666666667
Seth Curry,76ers,2021-22,G,34.79259259259259,1565.6666666666667
Seth Curry,Cavaliers,2013-14,F,8.833333333333334,8.833333333333334
Seth Curry,Grizzlies,2013-14,G,4.083333333333333,4.083333333333333
Seth Curry,Hornets,2023-24,F,21.583333333333332,86.33333333333333
Seth Curry,Hornets,2023-24,G,18.05,72.2
Seth Curry,Kings,2015-16,G,15.721590909090908,691.75
Seth Curry,Mavericks,2016-17,F,26.589999999999996,132.95
Seth Curry,Mavericks,2016-17,G,29.17102564102564,1896.1166666666666
Seth Curry,Mavericks,2019-20,F,22.894444444444446,68.68333333333334
Seth Curry,Mavericks,2019-20,G,24.706284153005463,1507.0833333333333
Seth Curry,Mavericks,2023-24,F,17.633333333333333,17.633333333333333
Seth Curry,Mavericks,2023-24,G,12.55047619047619,439.26666666666665
Seth Curry,Nets,2021-22,G,29.928070175438595,568.6333333333333
Seth Curry,Nets,2022-23,G,19.84808743169399,1210.7333333333333
Seth Curry,Suns,2014-15,G,3.9,7.8
Seth Curry,Trail Blazers,2018-19,G,18.91148648648649,1399.45
Shabazz Muhammad,Bucks,2017-18,F,10.60909090909091,116.7
Shabazz Muhammad,Timberwolves,2013-14,F,7.121078431372549,242.11666666666667
Shabazz Muhammad,Timberwolves,2013-14,G,15.944444444444443,47.83333333333333
Shabazz Muhammad,Timberwolves,2014-15,F,22.36081081081081,827.35
Shabazz Muhammad,Timberwolves,2014-15,G,38.28333333333333,38.28333333333333
Shabazz Muhammad,Timberwolves,2015-16,F,20.321929824561405,1544.4666666666667
Shabazz Muhammad,Timberwolves,2015-16,G,22.92222222222222,137.53333333333333
Shabazz Muhammad,Timberwolves,2016-17,F,19.30269607843137,1312.5833333333333
Shabazz Muhammad,Timberwolves,2016-17,G,20.294999999999998,202.95
Shabazz Muhammad,Timberwolves,2017-18,F,8.185057471264368,237.36666666666667
Shabazz Muhammad,Timberwolves,2017-18,G,21.3,63.900000000000006
Shabazz Napier,Heat,2014-15,G,19.83529411764706,1011.6
Shabazz Napier,Magic,2015-16,G,10.906666666666666,599.8666666666667
Shabazz Napier,Nets,2018-19,G,17.550595238095237,982.8333333333334
Shabazz Napier,Timberwolves,2019-20,G,23.787037037037038,856.3333333333334
Shabazz Napier,Trail Blazers,2016-17,F,14.566666666666666,14.566666666666666
Shabazz Napier,Trail Blazers,2016-17,G,9.571794871794872,497.73333333333335
Shabazz Napier,Trail Blazers,2017-18,F,24.85833333333333,49.71666666666666
Shabazz Napier,Trail Blazers,2017-18,G,20.635879629629628,1485.7833333333333
Shabazz Napier,Wizards,2019-20,G,24.408333333333335,488.1666666666667
Shaedon Sharpe,Trail Blazers,2022-23,G,22.232708333333335,1778.6166666666668
Shaedon Sharpe,Trail Blazers,2023-24,F,41.666666666666664,41.666666666666664
Shaedon Sharpe,Trail Blazers,2023-24,G,32.818279569892475,1017.3666666666667
Shai Gilgeous-Alexander,Clippers,2018-19,G,26.511178861788615,2173.9166666666665
Shai Gilgeous-Alexander,Thunder,2019-20,F,34.301923076923075,891.85
Shai Gilgeous-Alexander,Thunder,2019-20,G,34.92007575757576,1536.4833333333333
Shai Gilgeous-Alexander,Thunder,2020-21,G,33.703809523809525,1179.6333333333334
Shai Gilgeous-Alexander,Thunder,2021-22,G,34.675595238095234,1941.8333333333333
Shai Gilgeous-Alexander,Thunder,2022-23,G,35.52916666666667,2415.9833333333336
Shai Gilgeous-Alexander,Thunder,2023-24,G,34.035999999999994,2552.7
Shake Milton,76ers,2018-19,F,6.383333333333334,6.383333333333334
Shake Milton,76ers,2018-19,G,13.781578947368422,261.85
Shake Milton,76ers,2019-20,F,7.016666666666667,7.016666666666667
Shake Milton,76ers,2019-20,G,20.47094017094017,798.3666666666667
Shake Milton,76ers,2020-21,F,23.891666666666666,143.35
Shake Milton,76ers,2020-21,G,23.114912280701752,1317.55
Shake Milton,76ers,2021-22,F,31.037499999999998,124.14999999999999
Shake Milton,76ers,2021-22,G,20.69248366013072,1055.3166666666666
Shake Milton,76ers,2022-23,F,14.158333333333333,56.63333333333333
Shake Milton,76ers,2022-23,G,20.982407407407408,1510.7333333333333
Shake Milton,Knicks,2023-24,G,4.555555555555555,27.333333333333332
Shake Milton,Pistons,2023-24,G,15.779166666666667,63.11666666666667
Shake Milton,Timberwolves,2023-24,G,12.913596491228072,490.7166666666667
Shane Battier,Grizzlies,2010-11,F,24.209420289855075,556.8166666666667
Shane Battier,Heat,2011-12,F,22.73070175438596,1295.6499999999999
Shane Battier,Heat,2011-12,G,25.410416666666666,203.28333333333333
Shane Battier,Heat,2012-13,F,24.809490740740742,1786.2833333333333
Shane Battier,Heat,2013-14,F,20.269444444444446,1459.4
Shane Battier,Heat,2013-14,G,8.2,8.2
Shane Battier,Rockets,2010-11,F,30.808474576271188,1817.7
Shane Larkin,Celtics,2017-18,G,14.346296296296297,774.7
Shane Larkin,Knicks,2014-15,G,24.53377192982456,1864.5666666666666
Shane Larkin,Mavericks,2013-14,G,10.196527777777778,489.43333333333334
Shane Larkin,Nets,2015-16,G,22.44423076923077,1750.65
Shannon Brown,Heat,2014-15,G,17.753333333333334,88.76666666666667
Shannon Brown,Knicks,2013-14,G,7.804385964912281,148.28333333333333
Shannon Brown,Lakers,2010-11,G,19.12621951219512,1568.35
Shannon Brown,Spurs,2013-14,F,9.2,82.8
Shannon Brown,Spurs,2013-14,G,20.233333333333334,20.233333333333334
Shannon Brown,Suns,2011-12,F,34.61666666666667,103.85
Shannon Brown,Suns,2011-12,G,23.14375,1296.05
Shannon Brown,Suns,2012-13,F,20.4,81.6
Shannon Brown,Suns,2012-13,G,24.008181818181818,1320.45
Shaquille Harrison,Bulls,2018-19,F,18.92280701754386,719.0666666666667
Shaquille Harrison,Bulls,2018-19,G,20.312857142857144,710.95
Shaquille Harrison,Bulls,2019-20,F,11.501851851851852,414.06666666666666
Shaquille Harrison,Bulls,2019-20,G,10.038095238095238,70.26666666666667
Shaquille Harrison,Grizzlies,2023-24,G,1.988888888888889,5.966666666666667
Shaquille Harrison,Jazz,2020-21,G,3.2794117647058822,55.75
Shaquille Harrison,Nets,2021-22,F,11.291666666666666,22.583333333333332
Shaquille Harrison,Nuggets,2020-21,G,16.272549019607844,276.6333333333333
Shaquille Harrison,Suns,2017-18,G,16.715942028985506,384.46666666666664
Shaquille Harrison,Trail Blazers,2022-23,G,23.983333333333334,119.91666666666667
Shaquille O'Neal,Celtics,2010-11,C,20.313513513513513,751.6
Shaun Livingston,Bobcats,2010-11,G,17.271004566210046,1260.7833333333333
Shaun Livingston,Bucks,2011-12,F,21.026190476190475,147.18333333333334
Shaun Livingston,Bucks,2011-12,G,18.519281045751633,944.4833333333333
Shaun Livingston,Cavaliers,2012-13,G,23.163265306122447,1135.0
Shaun Livingston,Nets,2013-14,G,25.97609649122807,1974.1833333333334
Shaun Livingston,Warriors,2014-15,G,18.823931623931625,1468.2666666666667
Shaun Livingston,Warriors,2015-16,G,19.481410256410257,1519.55
Shaun Livingston,Warriors,2016-17,G,17.69451754385965,1344.7833333333333
Shaun Livingston,Warriors,2017-18,G,15.906103286384976,1129.3333333333333
Shaun Livingston,Warriors,2018-19,G,15.108072916666666,966.9166666666666
Shaun Livingston,Wizards,2012-13,G,18.81078431372549,319.78333333333336
Shawn Marion,Cavaliers,2014-15,F,17.877777777777776,53.63333333333333
Shawn Marion,Cavaliers,2014-15,G,19.3929012345679,1047.2166666666667
Shawn Marion,Mavericks,2010-11,F,28.161875,2252.95
Shawn Marion,Mavericks,2011-12,F,30.465079365079365,1919.3
Shawn Marion,Mavericks,2012-13,F,30.004228855721394,2010.2833333333333
Shawn Marion,Mavericks,2013-14,F,31.69385964912281,2408.7333333333336
Shawne Williams,Heat,2014-15,F,20.996969696969696,923.8666666666667
Shawne Williams,Knicks,2010-11,C,21.366666666666664,64.1
Shawne Williams,Knicks,2010-11,F,20.639617486338796,1259.0166666666667
Shawne Williams,Lakers,2013-14,F,20.854629629629628,750.7666666666667
Shawne Williams,Nets,2011-12,F,20.56866666666667,514.2166666666667
Shawne Williams,Pistons,2014-15,F,8.571052631578947,162.85
Shelden Williams,Knicks,2010-11,C,11.625490196078431,197.63333333333333
Shelden Williams,Nets,2011-12,C,22.09753086419753,1193.2666666666667
Shelden Williams,Nets,2011-12,F,20.75,83.0
Shelden Williams,Nuggets,2010-11,C,20.319444444444446,121.91666666666667
Shelden Williams,Nuggets,2010-11,F,16.412037037037038,590.8333333333334
Sheldon Mac,Wizards,2016-17,G,9.558333333333334,286.75
Shelvin Mack,76ers,2012-13,G,1.6833333333333333,6.733333333333333
Shelvin Mack,Grizzlies,2018-19,G,22.722641509433963,1204.3
Shelvin Mack,Hawks,2012-13,G,13.41,268.2
Shelvin Mack,Hawks,2013-14,G,20.416666666666668,1490.4166666666667
Shelvin Mack,Hawks,2014-15,G,15.14151515151515,832.7833333333333
Shelvin Mack,Hawks,2015-16,G,7.473611111111111,179.36666666666667
Shelvin Mack,Hornets,2018-19,G,10.583333333333334,42.333333333333336
Shelvin Mack,Jazz,2015-16,G,31.37738095238095,878.5666666666666
Shelvin Mack,Jazz,2016-17,G,21.911515151515154,1205.1333333333334
Shelvin Mack,Magic,2017-18,G,19.778985507246375,1364.75
Shelvin Mack,Wizards,2011-12,G,12.179166666666667,779.4666666666667
Shelvin Mack,Wizards,2012-13,G,20.152380952380952,141.06666666666666
Simone Fontecchio,Jazz,2022-23,F,14.727564102564104,765.8333333333334
Simone Fontecchio,Jazz,2023-24,F,23.195666666666668,1159.7833333333333
Simone Fontecchio,Pistons,2023-24,F,30.25625,484.1
Sindarius Thornwell,Clippers,2017-18,F,17.468589743589742,454.18333333333334
Sindarius Thornwell,Clippers,2017-18,G,14.930851063829786,701.75
Sindarius Thornwell,Clippers,2018-19,F,5.619135802469136,151.71666666666667
Sindarius Thornwell,Clippers,2018-19,G,4.372072072072072,161.76666666666668
Sindarius Thornwell,Magic,2020-21,G,20.502380952380953,143.51666666666668
Sindarius Thornwell,Pelicans,2019-20,F,19.4,19.4
Sindarius Thornwell,Pelicans,2019-20,G,16.083333333333332,16.083333333333332
Sindarius Thornwell,Pelicans,2020-21,F,3.8555555555555556,11.566666666666666
Sindarius Thornwell,Pelicans,2020-21,G,5.613636363636363,61.75
Skal Labissiere,Kings,2016-17,C,14.516666666666667,14.516666666666667
Skal Labissiere,Kings,2016-17,F,18.6609375,597.15
Skal Labissiere,Kings,2017-18,C,17.958333333333332,35.916666666666664
Skal Labissiere,Kings,2017-18,F,20.765229885057472,1204.3833333333334
Skal Labissiere,Kings,2018-19,C,5.35,5.35
Skal Labissiere,Kings,2018-19,F,8.994444444444445,107.93333333333334
Skal Labissiere,Trail Blazers,2018-19,F,7.022222222222222,63.2
Skal Labissiere,Trail Blazers,2019-20,F,17.176262626262627,566.8166666666667
Skylar Mays,Hawks,2020-21,G,8.157070707070707,269.18333333333334
Skylar Mays,Hawks,2021-22,G,7.852976190476191,219.88333333333335
Skylar Mays,Lakers,2023-24,G,4.536274509803922,77.11666666666667
Skylar Mays,Trail Blazers,2022-23,G,31.461111111111112,188.76666666666668
Skylar Mays,Trail Blazers,2023-24,G,16.960317460317462,356.1666666666667
Solomon Hill,Grizzlies,2019-20,F,18.77673611111111,901.2833333333333
Solomon Hill,Hawks,2020-21,F,21.11047619047619,1477.7333333333333
Solomon Hill,Hawks,2020-21,G,35.78333333333333,35.78333333333333
Solomon Hill,Hawks,2021-22,F,10.725641025641027,139.43333333333334
Solomon Hill,Heat,2019-20,F,17.009090909090908,187.1
Solomon Hill,Pacers,2013-14,F,8.696969696969697,191.33333333333334
Solomon Hill,Pacers,2013-14,G,5.711111111111111,34.266666666666666
Solomon Hill,Pacers,2014-15,F,28.043333333333333,1963.0333333333333
Solomon Hill,Pacers,2014-15,G,34.831944444444446,417.98333333333335
Solomon Hill,Pacers,2015-16,F,15.14245283018868,802.55
Solomon Hill,Pacers,2015-16,G,10.61111111111111,63.666666666666664
Solomon Hill,Pelicans,2016-17,C,22.183333333333334,44.36666666666667
Solomon Hill,Pelicans,2016-17,F,29.87136752136752,2329.9666666666667
Solomon Hill,Pelicans,2017-18,F,15.569696969696968,171.26666666666665
Solomon Hill,Pelicans,2017-18,G,15.85,15.85
Solomon Hill,Pelicans,2018-19,C,5.416666666666667,5.416666666666667
Solomon Hill,Pelicans,2018-19,F,20.318650793650793,853.3833333333333
Solomon Hill,Pelicans,2018-19,G,19.783333333333335,19.783333333333335
Solomon Jones,Clippers,2011-12,F,9.615,96.15
Solomon Jones,Hornets,2011-12,F,17.833333333333332,196.16666666666666
Solomon Jones,Knicks,2012-13,C,13.025,26.05
Solomon Jones,Magic,2013-14,C,7.745454545454546,85.2
Solomon Jones,Pacers,2010-11,F,13.543162393162394,528.1833333333334
Sonny Weems,76ers,2015-16,F,11.102380952380953,77.71666666666667
Sonny Weems,Raptors,2010-11,F,23.953389830508474,1413.25
Sonny Weems,Suns,2015-16,F,11.684722222222222,420.65
Spencer Dinwiddie,Lakers,2023-24,F,23.96,239.60000000000002
Spencer Dinwiddie,Lakers,2023-24,G,24.383333333333333,438.9
Spencer Dinwiddie,Mavericks,2021-22,F,35.4,106.19999999999999
Spencer Dinwiddie,Mavericks,2021-22,G,27.195,543.9
Spencer Dinwiddie,Mavericks,2022-23,G,34.11823899371069,1808.2666666666667
Spencer Dinwiddie,Nets,2016-17,G,22.605649717514126,1333.7333333333333
Spencer Dinwiddie,Nets,2017-18,G,28.825833333333332,2306.0666666666666
Spencer Dinwiddie,Nets,2018-19,G,28.14730392156863,1914.0166666666667
Spencer Dinwiddie,Nets,2019-20,G,31.159114583333334,1994.1833333333334
Spencer Dinwiddie,Nets,2020-21,G,21.444444444444443,64.33333333333333
Spencer Dinwiddie,Nets,2022-23,G,35.27307692307692,917.1
Spencer Dinwiddie,Nets,2023-24,G,30.706597222222225,1473.9166666666667
Spencer Dinwiddie,Pistons,2014-15,G,13.390686274509804,455.2833333333333
Spencer Dinwiddie,Pistons,2015-16,G,13.269444444444444,159.23333333333332
Spencer Dinwiddie,Wizards,2021-22,G,30.236363636363638,1330.4
Spencer Hawes,76ers,2010-11,C,21.213786008230453,1718.3166666666666
Spencer Hawes,76ers,2011-12,C,24.931018518518517,897.5166666666667
Spencer Hawes,76ers,2011-12,F,22.516666666666666,22.516666666666666
Spencer Hawes,76ers,2012-13,C,27.23104166666667,2178.4833333333336
Spencer Hawes,76ers,2012-13,F,27.424999999999997,54.849999999999994
Spencer Hawes,76ers,2013-14,C,31.169607843137257,1589.65
Spencer Hawes,76ers,2013-14,F,38.00833333333333,76.01666666666667
Spencer Hawes,Bucks,2016-17,F,8.987719298245615,170.76666666666668
Spencer Hawes,Cavaliers,2013-14,C,29.77716049382716,803.9833333333333
Spencer Hawes,Clippers,2014-15,C,16.575,165.75
Spencer Hawes,Clippers,2014-15,F,17.59206349206349,1108.3
Spencer Hawes,Hornets,2015-16,C,18.158187134502924,1035.0166666666667
Spencer Hawes,Hornets,2016-17,C,17.895238095238096,626.3333333333334
Stanley Johnson,Lakers,2021-22,F,22.79965277777778,1094.3833333333334
Stanley Johnson,Pelicans,2018-19,F,13.709259259259259,246.76666666666665
Stanley Johnson,Pistons,2015-16,F,22.508888888888887,1350.5333333333333
Stanley Johnson,Pistons,2015-16,G,25.887179487179484,336.5333333333333
Stanley Johnson,Pistons,2016-17,F,18.039247311827957,1118.4333333333334
Stanley Johnson,Pistons,2016-17,G,16.81222222222222,252.18333333333334
Stanley Johnson,Pistons,2017-18,F,27.356770833333332,1750.8333333333333
Stanley Johnson,Pistons,2017-18,G,28.53666666666667,142.68333333333334
Stanley Johnson,Pistons,2018-19,F,20.215151515151515,889.4666666666667
Stanley Johnson,Pistons,2018-19,G,17.7875,71.15
Stanley Johnson,Raptors,2019-20,F,5.989333333333334,149.73333333333335
Stanley Johnson,Raptors,2020-21,F,16.48497267759563,1005.5833333333334
Stanley Johnson,Spurs,2022-23,F,15.65,469.5
Stanley Umude,Pistons,2022-23,F,2.1166666666666667,2.1166666666666667
Stanley Umude,Pistons,2023-24,F,12.797916666666667,307.15000000000003
Stephen Curry,Warriors,2010-11,G,33.63581081081081,2489.05
Stephen Curry,Warriors,2011-12,G,28.148076923076925,731.85
Stephen Curry,Warriors,2012-13,G,38.238461538461536,2982.6
Stephen Curry,Warriors,2013-14,G,36.485470085470084,2845.866666666667
Stephen Curry,Warriors,2014-15,G,32.665416666666665,2613.233333333333
Stephen Curry,Warriors,2015-16,G,34.177215189873415,2700.0
Stephen Curry,Warriors,2016-17,G,33.39978902953587,2638.5833333333335
Stephen Curry,Warriors,2017-18,G,31.976797385620912,1630.8166666666666
Stephen Curry,Warriors,2018-19,G,33.78574879227053,2331.2166666666667
Stephen Curry,Warriors,2019-20,G,27.863333333333333,139.31666666666666
Stephen Curry,Warriors,2020-21,G,34.1510582010582,2151.5166666666664
Stephen Curry,Warriors,2021-22,G,34.549479166666664,2211.1666666666665
Stephen Curry,Warriors,2022-23,G,34.663690476190474,1941.1666666666667
Stephen Curry,Warriors,2023-24,G,32.72432432432432,2421.6
Stephen Graham,Nets,2010-11,F,17.299999999999997,155.7
Stephen Graham,Nets,2010-11,G,16.05633333333333,802.8166666666666
Stephen Jackson,Bobcats,2010-11,F,33.684374999999996,538.9499999999999
Stephen Jackson,Bobcats,2010-11,G,36.57941176470588,1865.55
Stephen Jackson,Bucks,2011-12,F,26.61304347826087,612.1
Stephen Jackson,Bucks,2011-12,G,33.27222222222222,99.81666666666666
Stephen Jackson,Clippers,2013-14,F,11.864814814814814,106.78333333333333
Stephen Jackson,Spurs,2011-12,F,23.79126984126984,499.6166666666667
Stephen Jackson,Spurs,2012-13,F,19.547272727272727,1075.1
Sterling Brown,Bucks,2017-18,F,19.466666666666665,58.4
Sterling Brown,Bucks,2017-18,G,14.079411764705881,718.05
Sterling Brown,Bucks,2018-19,F,20.916666666666664,104.58333333333333
Sterling Brown,Bucks,2018-19,G,17.543396226415094,929.8000000000001
Sterling Brown,Bucks,2019-20,F,21.5,43.0
Sterling Brown,Bucks,2019-20,G,14.474333333333334,723.7166666666667
Sterling Brown,Lakers,2022-23,G,6.091666666666667,24.366666666666667
Sterling Brown,Mavericks,2021-22,F,12.824829931972788,628.4166666666666
Sterling Brown,Rockets,2020-21,F,25.373809523809523,532.85
Sterling Brown,Rockets,2020-21,G,23.196666666666665,695.9
Steve Blake,Lakers,2010-11,G,20.01603375527426,1581.2666666666667
Steve Blake,Lakers,2011-12,G,23.339622641509433,1237.0
Steve Blake,Lakers,2012-13,G,26.106296296296296,1174.7833333333333
Steve Blake,Lakers,2013-14,G,33.016666666666666,891.45
Steve Blake,Pistons,2015-16,G,17.006896551724136,986.4
Steve Blake,Trail Blazers,2014-15,G,18.878600823045268,1529.1666666666667
Steve Blake,Warriors,2013-14,G,21.670238095238094,606.7666666666667
Steve Nash,Lakers,2012-13,G,32.53633333333333,1626.8166666666666
Steve Nash,Lakers,2013-14,G,20.84111111111111,312.6166666666667
Steve Nash,Suns,2010-11,G,33.291111111111114,2496.8333333333335
Steve Nash,Suns,2011-12,G,31.63252688172043,1961.2166666666667
Steve Novak,Bucks,2015-16,F,6.605555555555555,19.816666666666666
Steve Novak,Bucks,2016-17,F,2.739583333333333,21.916666666666664
Steve Novak,Jazz,2014-15,F,4.971969696969697,109.38333333333333
Steve Novak,Knicks,2011-12,F,18.89783950617284,1020.4833333333333
Steve Novak,Knicks,2012-13,F,20.2559670781893,1640.7333333333333
Steve Novak,Mavericks,2010-11,F,2.545238095238095,17.816666666666666
Steve Novak,Raptors,2013-14,F,10.007098765432099,540.3833333333333
Steve Novak,Spurs,2010-11,F,8.576086956521738,197.25
Steve Novak,Thunder,2014-15,F,6.7525641025641026,87.78333333333333
Steve Novak,Thunder,2015-16,F,3.4952380952380957,24.46666666666667
Steven Adams,Grizzlies,2021-22,C,26.29736842105263,1998.6
Steven Adams,Grizzlies,2022-23,C,26.98333333333333,1133.3
Steven Adams,Pelicans,2020-21,C,27.664367816091954,1604.5333333333333
Steven Adams,Thunder,2013-14,C,14.781687242798354,1197.3166666666666
Steven Adams,Thunder,2014-15,C,25.29452380952381,1770.6166666666668
Steven Adams,Thunder,2015-16,C,25.18,2014.4
Steven Adams,Thunder,2016-17,C,29.867083333333333,2389.366666666667
Steven Adams,Thunder,2017-18,C,32.72171052631579,2486.85
Steven Adams,Thunder,2018-19,C,33.365625,2669.25
Steven Adams,Thunder,2019-20,C,26.675132275132274,1680.5333333333333
Sundiata Gaines,Nets,2010-11,G,14.588333333333333,145.88333333333333
Sundiata Gaines,Nets,2011-12,G,13.914327485380117,793.1166666666667
Sundiata Gaines,Raptors,2010-11,G,14.916666666666666,89.5
Sundiata Gaines,Timberwolves,2010-11,G,8.154166666666667,65.23333333333333
Svi Mykhailiuk,Celtics,2023-24,F,11.302777777777777,67.81666666666666
Svi Mykhailiuk,Celtics,2023-24,G,9.866666666666665,345.3333333333333
Svi Mykhailiuk,Hornets,2022-23,F,6.583333333333333,6.583333333333333
Svi Mykhailiuk,Hornets,2022-23,G,23.409259259259258,421.3666666666667
Svi Mykhailiuk,Knicks,2022-23,G,3.0743589743589745,39.96666666666667
Svi Mykhailiuk,Lakers,2018-19,G,10.776495726495726,420.28333333333336
Svi Mykhailiuk,Pistons,2018-19,G,6.611111111111111,19.833333333333332
Svi Mykhailiuk,Pistons,2019-20,F,33.78333333333334,101.35000000000001
Svi Mykhailiuk,Pistons,2019-20,G,21.956289308176103,1163.6833333333334
Svi Mykhailiuk,Pistons,2020-21,F,19.150000000000002,134.05
Svi Mykhailiuk,Pistons,2020-21,G,17.25,500.25
Svi Mykhailiuk,Raptors,2021-22,F,13.924561403508772,264.56666666666666
Svi Mykhailiuk,Raptors,2021-22,G,12.203603603603602,451.5333333333333
Svi Mykhailiuk,Thunder,2020-21,G,23.004444444444445,690.1333333333333
T.J. Ford,Pacers,2010-11,G,18.85650406504065,773.1166666666667
T.J. Ford,Spurs,2011-12,G,13.610714285714284,190.54999999999998
T.J. Leaf,Pacers,2017-18,F,8.664779874213837,459.23333333333335
T.J. Leaf,Pacers,2018-19,F,8.992528735632185,521.5666666666667
T.J. Leaf,Pacers,2019-20,F,7.921428571428572,221.8
T.J. Leaf,Trail Blazers,2020-21,F,5.059523809523809,35.416666666666664
T.J. McConnell,76ers,2015-16,G,19.82633744855967,1605.9333333333334
T.J. McConnell,76ers,2016-17,G,26.33847736625514,2133.4166666666665
T.J. McConnell,76ers,2017-18,G,22.45548245614035,1706.6166666666666
T.J. McConnell,76ers,2018-19,G,19.346052631578946,1470.3
T.J. McConnell,Pacers,2019-20,G,18.67676056338028,1326.05
T.J. McConnell,Pacers,2020-21,G,26.032608695652176,1796.25
T.J. McConnell,Pacers,2021-22,G,24.151851851851852,652.1
T.J. McConnell,Pacers,2022-23,G,20.35311111111111,1526.4833333333333
T.J. McConnell,Pacers,2023-24,G,18.18286384976526,1290.9833333333333
T.J. Warren,Nets,2022-23,F,18.846153846153847,490.0
T.J. Warren,Pacers,2019-20,F,32.87089552238806,2202.35
T.J. Warren,Pacers,2020-21,F,29.345833333333335,117.38333333333334
T.J. Warren,Suns,2014-15,F,15.353333333333333,614.1333333333333
T.J. Warren,Suns,2015-16,F,22.770921985815605,1070.2333333333333
T.J. Warren,Suns,2016-17,F,31.03080808080808,2048.0333333333333
T.J. Warren,Suns,2017-18,F,32.95051282051282,2141.7833333333333
T.J. Warren,Suns,2018-19,F,31.628294573643412,1360.0166666666667
T.J. Warren,Suns,2022-23,F,12.29375,196.7
T.J. Warren,Timberwolves,2023-24,F,11.333333333333332,124.66666666666666
Tacko Fall,Cavaliers,2021-22,C,5.343939393939394,58.78333333333333
Tacko Fall,Celtics,2019-20,C,4.647619047619047,32.53333333333333
Tacko Fall,Celtics,2020-21,C,7.1342105263157904,135.55
Taj Gibson,Bulls,2010-11,C,15.422222222222222,92.53333333333333
Taj Gibson,Bulls,2010-11,F,22.29346846846847,1649.7166666666667
Taj Gibson,Bulls,2011-12,C,22.854166666666664,91.41666666666666
Taj Gibson,Bulls,2011-12,F,20.221468926553673,1193.0666666666666
Taj Gibson,Bulls,2012-13,C,32.63333333333333,163.16666666666666
Taj Gibson,Bulls,2012-13,F,21.60388888888889,1296.2333333333333
Taj Gibson,Bulls,2013-14,C,26.6125,106.45
Taj Gibson,Bulls,2013-14,F,28.778418803418806,2244.7166666666667
Taj Gibson,Bulls,2014-15,C,26.93,134.65
Taj Gibson,Bulls,2014-15,F,27.321052631578947,1557.3
Taj Gibson,Bulls,2015-16,C,21.695833333333333,86.78333333333333
Taj Gibson,Bulls,2015-16,F,26.79492753623188,1848.85
Taj Gibson,Bulls,2016-17,F,27.306363636363635,1501.85
Taj Gibson,Knicks,2019-20,C,16.587704918032788,1011.85
Taj Gibson,Knicks,2019-20,F,13.316666666666666,13.316666666666666
Taj Gibson,Knicks,2020-21,C,20.9515503875969,900.9166666666666
Taj Gibson,Knicks,2020-21,F,17.4,34.8
Taj Gibson,Knicks,2021-22,C,18.085333333333335,904.2666666666667
Taj Gibson,Knicks,2021-22,F,20.733333333333334,41.46666666666667
Taj Gibson,Knicks,2023-24,C,10.335416666666667,165.36666666666667
Taj Gibson,Pistons,2023-24,F,9.779166666666667,39.11666666666667
Taj Gibson,Thunder,2016-17,C,32.666666666666664,32.666666666666664
Taj Gibson,Thunder,2016-17,F,20.63939393939394,454.06666666666666
Taj Gibson,Timberwolves,2017-18,F,33.24878048780488,2726.4
Taj Gibson,Timberwolves,2018-19,C,26.804166666666667,107.21666666666667
Taj Gibson,Timberwolves,2018-19,F,23.927020202020202,1579.1833333333334
Taj Gibson,Wizards,2022-23,C,10.2671875,328.55
Taj Gibson,Wizards,2022-23,F,8.936274509803921,151.91666666666666
Talen Horton-Tucker,Jazz,2022-23,G,20.203589743589745,1313.2333333333333
Talen Horton-Tucker,Jazz,2023-24,F,8.116666666666667,8.116666666666667
Talen Horton-Tucker,Jazz,2023-24,G,20.011666666666667,1000.5833333333334
Talen Horton-Tucker,Lakers,2019-20,F,5.966666666666667,5.966666666666667
Talen Horton-Tucker,Lakers,2019-20,G,15.036666666666667,75.18333333333334
Talen Horton-Tucker,Lakers,2020-21,F,20.18577235772358,827.6166666666667
Talen Horton-Tucker,Lakers,2020-21,G,19.85972222222222,476.6333333333333
Talen Horton-Tucker,Lakers,2021-22,F,25.310852713178292,1088.3666666666666
Talen Horton-Tucker,Lakers,2021-22,G,24.86470588235294,422.7
Tari Eason,Rockets,2022-23,F,21.551626016260162,1767.2333333333333
Tari Eason,Rockets,2023-24,F,21.822727272727274,480.1
Tarik Black,Lakers,2014-15,C,21.93777777777778,658.1333333333333
Tarik Black,Lakers,2014-15,F,18.058333333333334,144.46666666666667
Tarik Black,Lakers,2015-16,C,12.61111111111111,454.0
Tarik Black,Lakers,2015-16,F,13.866666666666667,41.6
Tarik Black,Lakers,2016-17,C,15.751020408163264,771.8
Tarik Black,Lakers,2016-17,F,17.728703703703705,319.1166666666667
Tarik Black,Rockets,2014-15,C,15.708666666666666,392.71666666666664
Tarik Black,Rockets,2017-18,C,10.519607843137255,536.5
Taurean Prince,Cavaliers,2020-21,F,23.709195402298853,687.5666666666667
Taurean Prince,Hawks,2016-17,F,16.634463276836158,981.4333333333334
Taurean Prince,Hawks,2017-18,F,30.04939024390244,2464.05
Taurean Prince,Hawks,2018-19,F,28.27438271604938,1526.8166666666666
Taurean Prince,Hawks,2018-19,G,25.5,25.5
Taurean Prince,Lakers,2023-24,F,26.577314814814812,956.7833333333333
Taurean Prince,Lakers,2023-24,G,27.401190476190475,1150.85
Taurean Prince,Nets,2019-20,F,29.022135416666668,1857.4166666666667
Taurean Prince,Nets,2020-21,F,18.147222222222222,217.76666666666665
Taurean Prince,Timberwolves,2021-22,F,16.431212121212123,903.7166666666667
Taurean Prince,Timberwolves,2021-22,G,19.49642857142857,272.95
Taurean Prince,Timberwolves,2022-23,F,21.839930555555554,1048.3166666666666
Taurean Prince,Timberwolves,2022-23,G,24.04444444444444,144.26666666666665
Taylor Hendricks,Jazz,2023-24,F,21.410833333333333,856.4333333333333
Tayshaun Prince,Celtics,2014-15,F,22.020370370370372,198.18333333333334
Tayshaun Prince,Grizzlies,2012-13,F,31.739189189189187,1174.35
Tayshaun Prince,Grizzlies,2013-14,F,25.636622807017545,1948.3833333333334
Tayshaun Prince,Grizzlies,2014-15,F,24.15,627.9
Tayshaun Prince,Pistons,2010-11,F,32.84059829059829,2561.5666666666666
Tayshaun Prince,Pistons,2011-12,F,33.13306878306878,2087.383333333333
Tayshaun Prince,Pistons,2012-13,F,32.382962962962964,1457.2333333333333
Tayshaun Prince,Pistons,2014-15,F,24.81086956521739,570.65
Tayshaun Prince,Timberwolves,2015-16,F,18.98138528138528,1461.5666666666666
Terance Mann,Clippers,2019-20,F,10.708333333333332,107.08333333333333
Terance Mann,Clippers,2019-20,G,8.226344086021506,255.01666666666665
Terance Mann,Clippers,2020-21,F,21.046,526.15
Terance Mann,Clippers,2020-21,G,17.552777777777777,737.2166666666667
Terance Mann,Clippers,2021-22,F,29.470689655172414,854.65
Terance Mann,Clippers,2021-22,G,28.118589743589745,1462.1666666666667
Terance Mann,Clippers,2022-23,F,20.00128205128205,520.0333333333333
Terance Mann,Clippers,2022-23,G,24.583939393939396,1352.1166666666668
Terance Mann,Clippers,2023-24,F,29.571428571428573,207.0
Terance Mann,Clippers,2023-24,G,24.498529411764707,1665.9
Terence Davis,Kings,2020-21,F,19.995238095238097,139.96666666666667
Terence Davis,Kings,2020-21,G,22.035,440.7
Terence Davis,Kings,2021-22,F,17.08235294117647,290.4
Terence Davis,Kings,2021-22,G,18.91794871794872,245.93333333333334
Terence Davis,Kings,2022-23,F,10.504666666666667,262.6166666666667
Terence Davis,Kings,2022-23,G,14.83076923076923,578.4
Terence Davis,Raptors,2019-20,F,18.513218390804596,536.8833333333333
Terence Davis,Raptors,2019-20,G,15.634496124031006,672.2833333333333
Terence Davis,Raptors,2020-21,F,16.60222222222222,249.03333333333333
Terence Davis,Raptors,2020-21,G,12.859649122807019,244.33333333333334
Terrance Ferguson,76ers,2020-21,F,3.7935897435897434,49.31666666666666
Terrance Ferguson,Thunder,2017-18,F,10.345614035087719,196.56666666666666
Terrance Ferguson,Thunder,2017-18,G,13.488492063492064,566.5166666666667
Terrance Ferguson,Thunder,2018-19,F,28.2125,112.85
Terrance Ferguson,Thunder,2018-19,G,25.975238095238094,1818.2666666666667
Terrance Ferguson,Thunder,2019-20,F,23.465277777777775,1126.3333333333333
Terrance Ferguson,Thunder,2019-20,G,16.3875,131.1
Terrel Harris,Heat,2011-12,G,14.464393939393942,318.2166666666667
Terrel Harris,Heat,2012-13,G,4.140476190476191,28.983333333333334
Terrel Harris,Hornets,2012-13,G,8.321794871794872,108.18333333333334
Terrence Jones,Bucks,2016-17,F,2.238888888888889,6.716666666666667
Terrence Jones,Pelicans,2016-17,C,27.73888888888889,166.43333333333334
Terrence Jones,Pelicans,2016-17,F,24.393703703703704,1097.7166666666667
Terrence Jones,Rockets,2012-13,F,14.509649122807017,275.68333333333334
Terrence Jones,Rockets,2013-14,F,27.343201754385966,2078.0833333333335
Terrence Jones,Rockets,2014-15,F,26.953535353535354,889.4666666666667
Terrence Jones,Rockets,2015-16,F,20.884666666666668,1044.2333333333333
Terrence Jones,Rockets,2018-19,F,2.55,5.1
Terrence Ross,Magic,2016-17,F,31.170833333333334,748.1
Terrence Ross,Magic,2017-18,F,12.644444444444446,37.93333333333334
Terrence Ross,Magic,2017-18,G,26.783333333333335,562.45
Terrence Ross,Magic,2018-19,F,26.899593495934962,1102.8833333333334
Terrence Ross,Magic,2018-19,G,26.179583333333333,1047.1833333333334
Terrence Ross,Magic,2019-20,F,26.569444444444443,637.6666666666666
Terrence Ross,Magic,2019-20,G,27.810000000000002,1251.45
Terrence Ross,Magic,2020-21,F,30.210256410256413,785.4666666666667
Terrence Ross,Magic,2020-21,G,28.0525,561.05
Terrence Ross,Magic,2021-22,F,21.589583333333334,690.8666666666667
Terrence Ross,Magic,2021-22,G,24.43010752688172,757.3333333333334
Terrence Ross,Magic,2022-23,F,20.893939393939394,459.6666666666667
Terrence Ross,Magic,2022-23,G,24.218333333333334,484.3666666666667
Terrence Ross,Raptors,2012-13,F,17.22929292929293,1137.1333333333334
Terrence Ross,Raptors,2012-13,G,14.592857142857142,102.14999999999999
Terrence Ross,Raptors,2013-14,F,27.181818181818183,2093.0
Terrence Ross,Raptors,2013-14,G,16.525,66.1
Terrence Ross,Raptors,2014-15,F,25.20199004975124,1688.5333333333333
Terrence Ross,Raptors,2014-15,G,26.88555555555556,403.28333333333336
Terrence Ross,Raptors,2015-16,F,23.952307692307695,1556.9
Terrence Ross,Raptors,2015-16,G,23.8125,190.5
Terrence Ross,Raptors,2016-17,F,22.30125786163522,1181.9666666666667
Terrence Ross,Raptors,2016-17,G,24.9,24.9
Terrence Ross,Suns,2022-23,G,18.4031746031746,386.46666666666664
Terry Rozier,Celtics,2015-16,G,7.982905982905982,311.3333333333333
Terry Rozier,Celtics,2016-17,G,17.06824324324324,1263.05
Terry Rozier,Celtics,2017-18,G,25.851666666666667,2068.133333333333
Terry Rozier,Celtics,2018-19,G,22.6753164556962,1791.35
Terry Rozier,Heat,2023-24,G,31.46451612903226,975.4
Terry Rozier,Hornets,2019-20,G,34.357142857142854,2164.5
Terry Rozier,Hornets,2020-21,F,39.233333333333334,117.7
Terry Rozier,Hornets,2020-21,G,34.329292929292926,2265.733333333333
Terry Rozier,Hornets,2021-22,G,33.66917808219178,2457.85
Terry Rozier,Hornets,2022-23,G,35.25291005291005,2220.9333333333334
Terry Rozier,Hornets,2023-24,G,35.49944444444444,1064.9833333333333
Terry Taylor,Bulls,2022-23,F,7.1433333333333335,35.71666666666667
Terry Taylor,Bulls,2023-24,F,6.053225806451613,187.65
Terry Taylor,Pacers,2021-22,C,37.525,75.05
Terry Taylor,Pacers,2021-22,F,20.60537634408602,638.7666666666667
Terry Taylor,Pacers,2022-23,F,8.75897435897436,227.73333333333335
Thabo Sefolosha,Hawks,2014-15,F,18.550666666666665,927.5333333333333
Thabo Sefolosha,Hawks,2014-15,G,24.075000000000003,48.150000000000006
Thabo Sefolosha,Hawks,2015-16,F,23.3986301369863,1708.1
Thabo Sefolosha,Hawks,2015-16,G,24.78333333333333,49.56666666666666
Thabo Sefolosha,Hawks,2016-17,F,25.73467741935484,1595.55
Thabo Sefolosha,Jazz,2017-18,F,21.529761904761905,602.8333333333334
Thabo Sefolosha,Jazz,2017-18,G,20.276666666666664,202.76666666666665
Thabo Sefolosha,Jazz,2018-19,F,12.223148148148148,440.03333333333336
Thabo Sefolosha,Jazz,2018-19,G,12.04404761904762,168.61666666666667
Thabo Sefolosha,Rockets,2019-20,F,10.63048780487805,435.85
Thabo Sefolosha,Thunder,2010-11,F,34.400000000000006,68.80000000000001
Thabo Sefolosha,Thunder,2010-11,G,25.71948051948052,1980.4
Thabo Sefolosha,Thunder,2011-12,G,21.759126984126983,913.8833333333333
Thabo Sefolosha,Thunder,2012-13,G,27.515226337448563,2228.7333333333336
Thabo Sefolosha,Thunder,2013-14,G,25.968852459016393,1584.1
Thaddeus Young,76ers,2010-11,F,26.034959349593496,2134.866666666667
Thaddeus Young,76ers,2011-12,F,27.86216931216931,1755.3166666666666
Thaddeus Young,76ers,2012-13,F,34.5859649122807,2628.5333333333333
Thaddeus Young,76ers,2013-14,F,34.40021097046414,2717.616666666667
Thaddeus Young,Bulls,2019-20,C,21.764814814814812,195.88333333333333
Thaddeus Young,Bulls,2019-20,F,25.35939393939394,1394.7666666666667
Thaddeus Young,Bulls,2020-21,C,24.045238095238094,504.95
Thaddeus Young,Bulls,2020-21,F,24.409929078014184,1147.2666666666667
Thaddeus Young,Nets,2014-15,F,29.620238095238097,829.3666666666667
Thaddeus Young,Nets,2015-16,F,32.978995433789954,2407.4666666666667
Thaddeus Young,Pacers,2016-17,F,30.225,2236.65
Thaddeus Young,Pacers,2017-18,F,32.18641975308642,2607.1
Thaddeus Young,Pacers,2018-19,F,30.72716049382716,2488.9
Thaddeus Young,Raptors,2021-22,C,18.211805555555554,437.0833333333333
Thaddeus Young,Raptors,2021-22,F,18.891666666666666,37.78333333333333
Thaddeus Young,Raptors,2022-23,C,14.301020408163266,700.75
Thaddeus Young,Raptors,2022-23,F,18.946666666666665,94.73333333333333
Thaddeus Young,Raptors,2023-24,C,15.22391304347826,350.15
Thaddeus Young,Spurs,2021-22,C,13.945238095238096,97.61666666666667
Thaddeus Young,Spurs,2021-22,F,14.354385964912282,272.73333333333335
Thaddeus Young,Suns,2023-24,F,8.936666666666667,89.36666666666667
Thaddeus Young,Timberwolves,2014-15,F,33.42916666666667,1604.6
Thanasis Antetokounmpo,Bucks,2019-20,C,5.197619047619048,36.38333333333333
Thanasis Antetokounmpo,Bucks,2019-20,F,7.0948717948717945,92.23333333333333
Thanasis Antetokounmpo,Bucks,2020-21,C,8.1575,163.15
Thanasis Antetokounmpo,Bucks,2020-21,F,10.484684684684686,387.93333333333334
Thanasis Antetokounmpo,Bucks,2021-22,C,11.31,169.65
Thanasis Antetokounmpo,Bucks,2021-22,F,9.203030303030303,303.7
Thanasis Antetokounmpo,Bucks,2022-23,C,5.165555555555556,77.48333333333333
Thanasis Antetokounmpo,Bucks,2022-23,F,5.8515151515151524,128.73333333333335
Thanasis Antetokounmpo,Bucks,2023-24,C,4.875757575757576,53.63333333333333
Thanasis Antetokounmpo,Bucks,2023-24,F,4.426811594202898,101.81666666666666
Thanasis Antetokounmpo,Knicks,2015-16,C,3.125,6.25
Theo Maledon,Hornets,2022-23,G,19.401515151515152,853.6666666666666
Theo Maledon,Hornets,2023-24,G,15.391025641025642,200.08333333333334
Theo Maledon,Suns,2023-24,G,3.279166666666667,13.116666666666667
Theo Maledon,Thunder,2020-21,G,27.34948717948718,1777.7166666666667
Theo Maledon,Thunder,2021-22,G,17.808823529411764,908.25
Theo Pinson,Knicks,2020-21,F,2.0029411764705882,34.05
Theo Pinson,Mavericks,2021-22,F,7.794736842105263,148.1
Theo Pinson,Mavericks,2022-23,F,8.075,323.0
Theo Pinson,Nets,2018-19,F,11.742592592592594,211.36666666666667
Theo Pinson,Nets,2019-20,F,11.073737373737373,365.43333333333334
Thomas Bryant,Heat,2023-24,C,11.615350877192983,441.3833333333333
Thomas Bryant,Lakers,2017-18,C,4.818888888888889,72.28333333333333
Thomas Bryant,Lakers,2022-23,C,21.37560975609756,876.4
Thomas Bryant,Nuggets,2022-23,C,11.394444444444444,205.1
Thomas Bryant,Wizards,2018-19,C,20.71760563380282,1470.95
Thomas Bryant,Wizards,2018-19,F,25.4,25.4
Thomas Bryant,Wizards,2019-20,C,25.833333333333332,1033.3333333333333
Thomas Bryant,Wizards,2019-20,F,18.916666666666668,113.5
Thomas Bryant,Wizards,2020-21,C,27.085,270.85
Thomas Bryant,Wizards,2021-22,C,16.26358024691358,439.1166666666667
Thomas Robinson,76ers,2014-15,F,18.504545454545454,407.1
Thomas Robinson,Kings,2012-13,C,15.862091503267974,808.9666666666667
Thomas Robinson,Lakers,2016-17,F,11.675694444444444,560.4333333333333
Thomas Robinson,Nets,2015-16,C,13.03015873015873,273.6333333333333
Thomas Robinson,Nets,2015-16,F,12.857666666666667,642.8833333333333
Thomas Robinson,Rockets,2012-13,F,12.987719298245615,246.76666666666668
Thomas Robinson,Trail Blazers,2013-14,C,11.551282051282051,150.16666666666666
Thomas Robinson,Trail Blazers,2013-14,F,12.680994152046784,722.8166666666667
Thomas Robinson,Trail Blazers,2014-15,C,17.016666666666666,34.03333333333333
Thomas Robinson,Trail Blazers,2014-15,F,11.886666666666667,356.6
Thon Maker,Bucks,2016-17,C,9.809433962264151,519.9
Thon Maker,Bucks,2016-17,F,10.575000000000001,42.300000000000004
Thon Maker,Bucks,2017-18,C,16.970098039215685,1153.9666666666667
Thon Maker,Bucks,2017-18,F,13.988888888888889,83.93333333333334
Thon Maker,Bucks,2018-19,C,11.434375,365.9
Thon Maker,Bucks,2018-19,F,14.422222222222222,43.266666666666666
Thon Maker,Cavaliers,2020-21,C,9.558333333333334,76.46666666666667
Thon Maker,Pistons,2018-19,C,17.401190476190475,243.61666666666667
Thon Maker,Pistons,2018-19,F,21.30222222222222,319.5333333333333
Thon Maker,Pistons,2019-20,C,15.22361111111111,548.05
Thon Maker,Pistons,2019-20,F,9.502083333333333,228.05
Tiago Splitter,76ers,2016-17,C,9.495833333333334,75.96666666666667
Tiago Splitter,Hawks,2015-16,C,16.096759259259258,579.4833333333333
Tiago Splitter,Spurs,2010-11,C,11.484821428571427,643.15
Tiago Splitter,Spurs,2010-11,F,23.725,94.9
Tiago Splitter,Spurs,2011-12,C,19.344444444444445,1102.6333333333334
Tiago Splitter,Spurs,2011-12,F,9.116666666666667,18.233333333333334
Tiago Splitter,Spurs,2012-13,C,24.737291666666668,1978.9833333333333
Tiago Splitter,Spurs,2012-13,F,18.066666666666666,18.066666666666666
Tiago Splitter,Spurs,2013-14,C,21.5454802259887,1271.1833333333334
Tiago Splitter,Spurs,2014-15,C,19.804166666666667,1029.8166666666666
Tim Duncan,Spurs,2010-11,F,28.37171052631579,2156.25
Tim Duncan,Spurs,2011-12,F,28.17413793103448,1634.1
Tim Duncan,Spurs,2012-13,F,30.11666666666667,2078.05
Tim Duncan,Spurs,2013-14,F,29.164639639639642,2158.1833333333334
Tim Duncan,Spurs,2014-15,F,28.91991341991342,2226.8333333333335
Tim Duncan,Spurs,2015-16,C,25.197575757575756,1385.8666666666666
Tim Duncan,Spurs,2015-16,F,25.094444444444445,150.56666666666666
Tim Frazier,76ers,2014-15,G,28.57777777777778,171.46666666666667
Tim Frazier,Bucks,2018-19,G,17.561111111111114,210.73333333333335
Tim Frazier,Cavaliers,2021-22,G,4.025,8.05
Tim Frazier,Grizzlies,2020-21,G,12.393333333333334,61.96666666666667
Tim Frazier,Magic,2021-22,G,19.955000000000002,199.55
Tim Frazier,Pelicans,2015-16,G,29.337500000000002,469.40000000000003
Tim Frazier,Pelicans,2016-17,G,23.456666666666667,1524.6833333333334
Tim Frazier,Pelicans,2018-19,G,19.339716312056737,908.9666666666667
Tim Frazier,Pistons,2019-20,G,13.141358024691359,354.81666666666666
Tim Frazier,Trail Blazers,2014-15,G,13.606666666666666,68.03333333333333
Tim Frazier,Trail Blazers,2015-16,G,7.767619047619048,271.8666666666667
Tim Frazier,Wizards,2017-18,G,14.202259887005651,837.9333333333334
Tim Hardaway Jr.,Hawks,2015-16,F,17.455555555555556,366.56666666666666
Tim Hardaway Jr.,Hawks,2015-16,G,16.585555555555555,497.56666666666666
Tim Hardaway Jr.,Hawks,2016-17,F,26.98218390804598,782.4833333333333
Tim Hardaway Jr.,Hawks,2016-17,G,27.421333333333333,1371.0666666666666
Tim Hardaway Jr.,Knicks,2013-14,F,24.517567567567568,907.15
Tim Hardaway Jr.,Knicks,2013-14,G,22.007575757575758,968.3333333333334
Tim Hardaway Jr.,Knicks,2014-15,F,21.7,499.1
Tim Hardaway Jr.,Knicks,2014-15,G,25.152482269503547,1182.1666666666667
Tim Hardaway Jr.,Knicks,2017-18,F,33.01858974358974,1716.9666666666667
Tim Hardaway Jr.,Knicks,2017-18,G,33.60333333333333,168.01666666666665
Tim Hardaway Jr.,Knicks,2018-19,G,32.58985507246376,1499.1333333333332
Tim Hardaway Jr.,Mavericks,2018-19,F,28.879487179487178,375.43333333333334
Tim Hardaway Jr.,Mavericks,2018-19,G,30.34166666666667,182.05
Tim Hardaway Jr.,Mavericks,2019-20,F,29.81206896551724,864.55
Tim Hardaway Jr.,Mavericks,2019-20,G,29.210714285714282,1226.85
Tim Hardaway Jr.,Mavericks,2020-21,F,28.327124183006536,1444.6833333333334
Tim Hardaway Jr.,Mavericks,2020-21,G,28.451754385964914,540.5833333333334
Tim Hardaway Jr.,Mavericks,2021-22,F,27.020238095238092,378.2833333333333
Tim Hardaway Jr.,Mavericks,2021-22,G,30.95416666666667,866.7166666666667
Tim Hardaway Jr.,Mavericks,2022-23,F,30.980555555555558,1672.95
Tim Hardaway Jr.,Mavericks,2022-23,G,28.194117647058825,479.3
Tim Hardaway Jr.,Mavericks,2023-24,F,26.801190476190477,1125.65
Tim Hardaway Jr.,Mavericks,2023-24,G,26.882882882882882,994.6666666666666
Timofey Mozgov,Cavaliers,2014-15,C,24.967391304347824,1148.5
Timofey Mozgov,Cavaliers,2015-16,C,17.44254385964912,1325.6333333333332
Timofey Mozgov,Knicks,2010-11,C,13.467156862745098,457.8833333333333
Timofey Mozgov,Lakers,2016-17,C,20.442283950617284,1103.8833333333334
Timofey Mozgov,Nets,2017-18,C,11.596236559139786,359.48333333333335
Timofey Mozgov,Nuggets,2010-11,C,6.0196969696969695,66.21666666666667
Timofey Mozgov,Nuggets,2011-12,C,15.61628787878788,687.1166666666667
Timofey Mozgov,Nuggets,2012-13,C,8.93170731707317,366.2
Timofey Mozgov,Nuggets,2013-14,C,21.586382113821138,1770.0833333333333
Timofey Mozgov,Nuggets,2014-15,C,25.63047619047619,897.0666666666667
Timothe Luwawu-Cabarrot,76ers,2016-17,F,15.733333333333334,157.33333333333334
Timothe Luwawu-Cabarrot,76ers,2016-17,G,17.50225988700565,1032.6333333333334
Timothe Luwawu-Cabarrot,76ers,2017-18,F,22.560000000000002,112.80000000000001
Timothe Luwawu-Cabarrot,76ers,2017-18,G,14.760992907801418,693.7666666666667
Timothe Luwawu-Cabarrot,Bulls,2018-19,F,18.8,507.6
Timothe Luwawu-Cabarrot,Bulls,2018-19,G,19.433333333333334,38.86666666666667
Timothe Luwawu-Cabarrot,Hawks,2021-22,F,12.878,643.9
Timothe Luwawu-Cabarrot,Hawks,2021-22,G,20.483333333333334,40.96666666666667
Timothe Luwawu-Cabarrot,Nets,2019-20,F,18.577350427350428,724.5166666666667
Timothe Luwawu-Cabarrot,Nets,2019-20,G,16.025,128.2
Timothe Luwawu-Cabarrot,Nets,2020-21,F,17.78173076923077,924.65
Timothe Luwawu-Cabarrot,Nets,2020-21,G,20.930555555555554,125.58333333333333
Timothe Luwawu-Cabarrot,Thunder,2018-19,F,5.094166666666666,101.88333333333333
Timothe Luwawu-Cabarrot,Thunder,2018-19,G,20.966666666666665,20.966666666666665
Tobias Harris,76ers,2018-19,F,34.96913580246913,944.1666666666666
Tobias Harris,76ers,2019-20,F,34.294444444444444,2469.2
Tobias Harris,76ers,2020-21,F,32.48924731182795,2014.3333333333333
Tobias Harris,76ers,2021-22,F,34.83812785388128,2543.1833333333334
Tobias Harris,76ers,2022-23,F,32.91779279279279,2435.9166666666665
Tobias Harris,76ers,2023-24,F,33.82571428571429,2367.8
Tobias Harris,Bucks,2011-12,F,11.405555555555555,479.0333333333333
Tobias Harris,Bucks,2012-13,F,11.592857142857143,324.6
Tobias Harris,Clippers,2017-18,F,34.51770833333333,1104.5666666666666
Tobias Harris,Clippers,2018-19,F,34.61151515151515,1903.6333333333332
Tobias Harris,Magic,2012-13,F,36.074691358024694,974.0166666666667
Tobias Harris,Magic,2013-14,F,30.320765027322402,1849.5666666666666
Tobias Harris,Magic,2014-15,F,34.84044117647059,2369.15
Tobias Harris,Magic,2015-16,F,32.856462585034016,1609.9666666666667
Tobias Harris,Pistons,2015-16,F,33.45987654320987,903.4166666666666
Tobias Harris,Pistons,2016-17,F,31.298577235772356,2566.483333333333
Tobias Harris,Pistons,2017-18,F,32.571875,1563.45
Tomas Satoransky,Bulls,2019-20,F,32.45666666666666,162.28333333333333
Tomas Satoransky,Bulls,2019-20,G,28.594722222222224,1715.6833333333334
Tomas Satoransky,Bulls,2020-21,G,22.526724137931033,1306.55
Tomas Satoransky,Pelicans,2021-22,G,15.025,480.8
Tomas Satoransky,Spurs,2021-22,G,9.166666666666666,9.166666666666666
Tomas Satoransky,Wizards,2016-17,F,10.095833333333333,40.38333333333333
Tomas Satoransky,Wizards,2016-17,G,12.808490566037737,678.85
Tomas Satoransky,Wizards,2017-18,F,20.466666666666665,20.466666666666665
Tomas Satoransky,Wizards,2017-18,G,22.530787037037037,1622.2166666666667
Tomas Satoransky,Wizards,2018-19,F,24.700000000000003,321.1
Tomas Satoransky,Wizards,2018-19,G,27.499751243781095,1842.4833333333333
Tomas Satoransky,Wizards,2021-22,G,18.909848484848485,416.01666666666665
Toney Douglas,Grizzlies,2016-17,G,16.409027777777776,393.81666666666666
Toney Douglas,Heat,2013-14,G,15.185802469135801,410.01666666666665
Toney Douglas,Kings,2012-13,G,17.069696969696967,375.5333333333333
Toney Douglas,Knicks,2010-11,G,24.33456790123457,1971.1000000000001
Toney Douglas,Knicks,2011-12,G,17.262719298245614,655.9833333333333
Toney Douglas,Pelicans,2014-15,G,14.713888888888889,176.56666666666666
Toney Douglas,Pelicans,2015-16,G,20.693715846994536,1262.3166666666666
Toney Douglas,Rockets,2012-13,G,18.622448979591837,912.5
Toney Douglas,Warriors,2013-14,G,11.027777777777779,264.6666666666667
Tony Allen,Grizzlies,2010-11,F,16.741666666666667,167.41666666666666
Tony Allen,Grizzlies,2010-11,G,21.40215053763441,1326.9333333333334
Tony Allen,Grizzlies,2011-12,G,26.29712643678161,1525.2333333333333
Tony Allen,Grizzlies,2012-13,F,32.58888888888889,97.76666666666667
Tony Allen,Grizzlies,2012-13,G,26.466008771929825,2011.4166666666667
Tony Allen,Grizzlies,2013-14,F,19.272222222222222,115.63333333333333
Tony Allen,Grizzlies,2013-14,G,23.726190476190474,1162.5833333333333
Tony Allen,Grizzlies,2014-15,F,25.4,939.8
Tony Allen,Grizzlies,2014-15,G,27.228846153846156,707.95
Tony Allen,Grizzlies,2015-16,F,26.351333333333333,658.7833333333333
Tony Allen,Grizzlies,2015-16,G,24.643162393162395,961.0833333333334
Tony Allen,Grizzlies,2016-17,F,30.357692307692307,394.65
Tony Allen,Grizzlies,2016-17,G,26.191091954022987,1519.0833333333333
Tony Allen,Pelicans,2017-18,G,12.389393939393939,272.56666666666666
Tony Battie,76ers,2010-11,C,9.921491228070176,377.01666666666665
Tony Battie,76ers,2011-12,C,10.919135802469135,294.81666666666666
Tony Bradley,76ers,2020-21,C,14.374166666666667,287.48333333333335
Tony Bradley,Bulls,2021-22,C,9.983333333333334,549.0833333333334
Tony Bradley,Bulls,2022-23,C,2.7805555555555554,33.36666666666667
Tony Bradley,Jazz,2017-18,C,3.2333333333333334,29.1
Tony Bradley,Jazz,2018-19,C,11.966666666666667,35.9
Tony Bradley,Jazz,2019-20,C,11.433620689655172,663.15
Tony Bradley,Thunder,2020-21,C,18.022727272727273,396.5
Tony Parker,Hornets,2018-19,G,17.907440476190477,1002.8166666666666
Tony Parker,Spurs,2010-11,G,32.406410256410254,2527.7
Tony Parker,Spurs,2011-12,G,32.05277777777778,1923.1666666666667
Tony Parker,Spurs,2012-13,G,32.93838383838384,2173.9333333333334
Tony Parker,Spurs,2013-14,G,29.367401960784314,1996.9833333333333
Tony Parker,Spurs,2014-15,G,28.71544117647059,1952.65
Tony Parker,Spurs,2015-16,G,27.506712962962965,1980.4833333333333
Tony Parker,Spurs,2016-17,G,25.19100529100529,1587.0333333333333
Tony Parker,Spurs,2017-18,G,19.470606060606062,1070.8833333333334
Tony Snell,Bucks,2016-17,F,26.016666666666666,52.03333333333333
Tony Snell,Bucks,2016-17,G,29.276709401709404,2283.5833333333335
Tony Snell,Bucks,2017-18,F,36.016666666666666,72.03333333333333
Tony Snell,Bucks,2017-18,G,27.140867579908676,1981.2833333333333
Tony Snell,Bucks,2018-19,F,21.927777777777777,131.56666666666666
Tony Snell,Bucks,2018-19,G,17.241176470588236,1172.4
Tony Snell,Bulls,2013-14,F,13.616666666666667,449.35
Tony Snell,Bulls,2013-14,G,17.757954545454545,781.35
Tony Snell,Bulls,2014-15,F,17.15625,549.0
Tony Snell,Bulls,2014-15,G,21.579166666666666,863.1666666666666
Tony Snell,Bulls,2015-16,F,22.28449612403101,958.2333333333333
Tony Snell,Bulls,2015-16,G,16.323015873015873,342.7833333333333
Tony Snell,Hawks,2020-21,F,21.045289855072465,968.0833333333334
Tony Snell,Hawks,2020-21,G,24.0,24.0
Tony Snell,Pelicans,2021-22,F,15.030000000000001,75.15
Tony Snell,Pelicans,2021-22,G,20.151666666666664,201.51666666666665
Tony Snell,Pistons,2019-20,F,28.06867816091954,1627.9833333333333
Tony Snell,Pistons,2019-20,G,13.116666666666667,13.116666666666667
Tony Snell,Trail Blazers,2021-22,F,14.3640350877193,545.8333333333334
Tony Wroten,76ers,2013-14,G,24.50925925925926,1764.6666666666667
Tony Wroten,76ers,2014-15,G,29.818888888888885,894.5666666666666
Tony Wroten,76ers,2015-16,G,18.0375,144.3
Tony Wroten,Grizzlies,2012-13,G,7.77047619047619,271.96666666666664
Torrey Craig,Bucks,2020-21,F,11.168518518518518,201.03333333333333
Torrey Craig,Bulls,2023-24,F,19.78490566037736,1048.6
Torrey Craig,Nuggets,2017-18,F,16.99047619047619,475.73333333333335
Torrey Craig,Nuggets,2017-18,G,13.924242424242424,153.16666666666666
Torrey Craig,Nuggets,2018-19,F,19.121985815602837,898.7333333333333
Torrey Craig,Nuggets,2018-19,G,21.582738095238096,604.3166666666667
Torrey Craig,Nuggets,2019-20,F,19.829411764705885,674.2
Torrey Craig,Nuggets,2019-20,G,16.572916666666668,397.75
Torrey Craig,Pacers,2021-22,F,20.26830065359477,1033.6833333333334
Torrey Craig,Suns,2020-21,F,18.8265625,602.45
Torrey Craig,Suns,2021-22,F,20.820987654320987,562.1666666666666
Torrey Craig,Suns,2022-23,F,24.656118143459913,1947.8333333333333
Tosan Evbuomwan,Grizzlies,2023-24,F,18.5,74.0
Tosan Evbuomwan,Pistons,2023-24,F,22.506410256410255,292.5833333333333
Toumani Camara,Trail Blazers,2023-24,F,24.84785714285714,1739.35
Tracy McGrady,Hawks,2011-12,G,16.089423076923076,836.65
Tracy McGrady,Pistons,2010-11,G,23.410185185185185,1685.5333333333333
Trae Young,Hawks,2018-19,G,30.904732510288067,2503.2833333333333
Trae Young,Hawks,2019-20,G,35.3375,2120.25
Trae Young,Hawks,2020-21,G,33.72433862433862,2124.633333333333
Trae Young,Hawks,2021-22,G,34.89407894736842,2651.95
Trae Young,Hawks,2022-23,G,34.804794520547944,2540.75
Trae Young,Hawks,2023-24,G,35.95740740740741,1941.7
Travis Outlaw,Kings,2011-12,F,13.172222222222222,474.2
Travis Outlaw,Kings,2011-12,G,8.705555555555556,26.116666666666667
Travis Outlaw,Kings,2012-13,F,11.933796296296297,429.6166666666667
Travis Outlaw,Kings,2012-13,G,7.091666666666667,14.183333333333334
Travis Outlaw,Kings,2013-14,F,16.43954802259887,969.9333333333333
Travis Outlaw,Kings,2013-14,G,23.77916666666667,95.11666666666667
Travis Outlaw,Nets,2010-11,F,28.752845528455282,2357.733333333333
Travis Wear,Knicks,2014-15,F,13.176143790849673,671.9833333333333
Travis Wear,Lakers,2017-18,F,13.400980392156862,227.81666666666666
Trayce Jackson-Davis,Warriors,2023-24,C,16.624754901960785,1130.4833333333333
Tre Jones,Spurs,2020-21,G,7.2599099099099105,268.6166666666667
Tre Jones,Spurs,2021-22,G,16.63961352657005,1148.1333333333334
Tre Jones,Spurs,2022-23,G,29.173039215686273,1983.7666666666667
Tre Jones,Spurs,2023-24,G,27.76861471861472,2138.1833333333334
Tre Mann,Hornets,2023-24,G,30.988095238095237,867.6666666666666
Tre Mann,Thunder,2021-22,F,20.485185185185188,184.36666666666667
Tre Mann,Thunder,2021-22,G,23.187908496732025,1182.5833333333333
Tre Mann,Thunder,2022-23,F,14.175,56.7
Tre Mann,Thunder,2022-23,G,17.885449735449736,1126.7833333333333
Tre Mann,Thunder,2023-24,F,17.766666666666666,17.766666666666666
Tre Mann,Thunder,2023-24,G,8.472222222222223,101.66666666666667
Tremont Waters,Celtics,2019-20,G,10.786363636363635,118.64999999999999
Tremont Waters,Celtics,2020-21,G,9.141025641025642,237.66666666666669
Tremont Waters,Raptors,2021-22,G,20.916666666666664,41.83333333333333
Tremont Waters,Wizards,2021-22,G,8.45,8.45
Trendon Watford,Nets,2023-24,G,13.595767195767195,856.5333333333333
Trendon Watford,Trail Blazers,2021-22,C,9.0,18.0
Trendon Watford,Trail Blazers,2021-22,F,18.37007575757576,808.2833333333333
Trendon Watford,Trail Blazers,2021-22,G,21.541666666666668,43.083333333333336
Trendon Watford,Trail Blazers,2022-23,C,22.875,45.75
Trendon Watford,Trail Blazers,2022-23,F,18.816384180790962,1110.1666666666667
Trendon Watford,Trail Blazers,2022-23,G,25.7,25.7
Trent Forrest,Hawks,2022-23,G,12.042028985507248,276.9666666666667
Trent Forrest,Hawks,2023-24,G,10.889035087719298,413.7833333333333
Trent Forrest,Jazz,2020-21,G,10.067222222222222,302.01666666666665
Trent Forrest,Jazz,2021-22,G,12.758611111111112,765.5166666666667
Treveon Graham,Hawks,2019-20,F,12.109090909090908,266.4
Treveon Graham,Hornets,2016-17,F,6.996913580246913,188.91666666666666
Treveon Graham,Hornets,2017-18,F,16.659523809523808,1049.55
Treveon Graham,Nets,2018-19,F,20.43952380952381,715.3833333333333
Treveon Graham,Timberwolves,2019-20,F,19.940104166666668,638.0833333333334
Treveon Graham,Timberwolves,2019-20,G,24.883333333333333,24.883333333333333
Trevor Ariza,Heat,2020-21,F,28.032222222222224,840.9666666666667
Trevor Ariza,Hornets,2010-11,F,34.665333333333336,2599.9
Trevor Ariza,Hornets,2011-12,F,32.92886178861789,1350.0833333333333
Trevor Ariza,Kings,2019-20,F,24.708854166666665,790.6833333333333
Trevor Ariza,Lakers,2021-22,F,19.2625,462.3
Trevor Ariza,Rockets,2014-15,F,35.733739837398375,2930.1666666666665
Trevor Ariza,Rockets,2015-16,F,35.297942386831274,2859.133333333333
Trevor Ariza,Rockets,2016-17,F,34.6575,2772.6
Trevor Ariza,Rockets,2017-18,F,33.83914141414141,2233.383333333333
Trevor Ariza,Rockets,2017-18,G,35.833333333333336,35.833333333333336
Trevor Ariza,Suns,2018-19,F,33.992948717948714,883.8166666666666
Trevor Ariza,Trail Blazers,2019-20,F,33.41031746031746,701.6166666666667
Trevor Ariza,Wizards,2012-13,F,26.397798742138363,1399.0833333333333
Trevor Ariza,Wizards,2012-13,G,23.872222222222224,71.61666666666667
Trevor Ariza,Wizards,2013-14,F,35.08478260869565,2420.85
Trevor Ariza,Wizards,2013-14,G,37.7125,301.7
Trevor Ariza,Wizards,2018-19,F,34.07015503875969,1465.0166666666667
Trevor Booker,76ers,2017-18,F,14.974242424242423,494.15
Trevor Booker,Jazz,2014-15,F,19.79493670886076,1563.8
Trevor Booker,Jazz,2015-16,F,20.65886075949367,1632.05
Trevor Booker,Nets,2016-17,C,22.05,22.05
Trevor Booker,Nets,2016-17,F,24.746190476190478,1732.2333333333333
Trevor Booker,Nets,2017-18,C,21.166666666666668,63.5
Trevor Booker,Nets,2017-18,F,22.08555555555556,331.28333333333336
Trevor Booker,Pacers,2017-18,F,15.834313725490196,269.18333333333334
Trevor Booker,Wizards,2010-11,F,16.35615384615385,1063.15
Trevor Booker,Wizards,2011-12,F,25.229666666666667,1261.4833333333333
Trevor Booker,Wizards,2012-13,F,18.477083333333333,886.9
Trevor Booker,Wizards,2013-14,F,21.575925925925926,1553.4666666666667
Trey Burke,76ers,2019-20,G,13.144666666666668,328.6166666666667
Trey Burke,Jazz,2013-14,G,32.32071428571428,2262.45
Trey Burke,Jazz,2014-15,G,30.10328947368421,2287.85
Trey Burke,Jazz,2015-16,G,21.341145833333332,1365.8333333333333
Trey Burke,Knicks,2017-18,G,21.795833333333334,784.65
Trey Burke,Knicks,2018-19,G,20.87878787878788,689.0
Trey Burke,Mavericks,2018-19,G,17.424,435.6
Trey Burke,Mavericks,2019-20,G,23.927083333333332,191.41666666666666
Trey Burke,Mavericks,2020-21,G,14.699462365591398,911.3666666666667
Trey Burke,Mavericks,2021-22,G,10.504761904761905,441.2
Trey Burke,Wizards,2016-17,G,12.32953216374269,702.7833333333333
Trey Jemison,Grizzlies,2023-24,C,24.891304347826086,572.5
Trey Jemison,Wizards,2023-24,C,0.7416666666666667,1.4833333333333334
Trey Lyles,Jazz,2015-16,C,4.3,4.3
Trey Lyles,Jazz,2015-16,F,17.444514767932493,1378.1166666666668
Trey Lyles,Jazz,2016-17,C,15.204166666666667,60.81666666666667
Trey Lyles,Jazz,2016-17,F,16.381592039800996,1097.5666666666666
Trey Lyles,Kings,2021-22,F,22.77847222222222,546.6833333333333
Trey Lyles,Kings,2022-23,C,13.641666666666666,81.85
Trey Lyles,Kings,2022-23,F,17.13823529411765,1165.4
Trey Lyles,Kings,2023-24,C,21.9,43.8
Trey Lyles,Kings,2023-24,F,19.90029761904762,1114.4166666666667
Trey Lyles,Nuggets,2017-18,F,19.05068493150685,1390.7
Trey Lyles,Nuggets,2018-19,F,17.495833333333334,1119.7333333333333
Trey Lyles,Pistons,2021-22,C,19.54642857142857,820.95
Trey Lyles,Pistons,2021-22,F,18.74074074074074,168.66666666666666
Trey Lyles,Spurs,2019-20,C,20.234615384615385,1052.2
Trey Lyles,Spurs,2019-20,F,19.875757575757575,218.63333333333333
Trey Lyles,Spurs,2020-21,C,10.23,102.3
Trey Lyles,Spurs,2020-21,F,19.656410256410258,255.53333333333333
Trey Murphy III,Pelicans,2021-22,F,14.48205128205128,753.0666666666666
Trey Murphy III,Pelicans,2021-22,G,11.051666666666668,110.51666666666668
Trey Murphy III,Pelicans,2022-23,F,30.98311403508772,2354.7166666666667
Trey Murphy III,Pelicans,2022-23,G,31.08888888888889,93.26666666666667
Trey Murphy III,Pelicans,2023-24,F,29.76190476190476,1458.3333333333333
Trey Murphy III,Pelicans,2023-24,G,29.0,232.0
Tristan Thompson,Bulls,2021-22,C,16.347101449275364,375.98333333333335
Tristan Thompson,Cavaliers,2011-12,C,24.568333333333335,1228.4166666666667
Tristan Thompson,Cavaliers,2011-12,F,19.533333333333335,195.33333333333334
Tristan Thompson,Cavaliers,2012-13,C,35.78333333333333,35.78333333333333
Tristan Thompson,Cavaliers,2012-13,F,31.21460905349794,2528.383333333333
Tristan Thompson,Cavaliers,2013-14,F,31.629674796747967,2593.633333333333
Tristan Thompson,Cavaliers,2014-15,C,27.003472222222225,1296.1666666666667
Tristan Thompson,Cavaliers,2014-15,F,26.40686274509804,897.8333333333334
Tristan Thompson,Cavaliers,2015-16,C,28.886290322580646,1790.95
Tristan Thompson,Cavaliers,2015-16,F,23.91583333333333,478.31666666666666
Tristan Thompson,Cavaliers,2016-17,C,30.102597402597404,2317.9
Tristan Thompson,Cavaliers,2016-17,F,18.466666666666665,18.466666666666665
Tristan Thompson,Cavaliers,2017-18,C,21.239837398373986,870.8333333333334
Tristan Thompson,Cavaliers,2017-18,F,16.78611111111111,201.43333333333334
Tristan Thompson,Cavaliers,2018-19,C,28.149603174603175,1182.2833333333333
Tristan Thompson,Cavaliers,2018-19,F,15.433333333333334,15.433333333333334
Tristan Thompson,Cavaliers,2019-20,C,30.48242424242424,1676.5333333333333
Tristan Thompson,Cavaliers,2019-20,F,22.5,45.0
Tristan Thompson,Cavaliers,2023-24,C,11.84247311827957,367.1166666666667
Tristan Thompson,Cavaliers,2023-24,F,10.100925925925926,181.81666666666666
Tristan Thompson,Celtics,2020-21,C,24.07777777777778,1083.5
Tristan Thompson,Celtics,2020-21,F,22.574074074074073,203.16666666666666
Tristan Thompson,Kings,2021-22,C,15.150555555555554,454.51666666666665
Tristan Thompson,Pacers,2021-22,C,16.4375,65.75
Tristan Vukcevic,Wizards,2023-24,C,15.34,153.4
Troy Brown Jr.,Bulls,2020-21,F,15.066666666666666,15.066666666666666
Troy Brown Jr.,Bulls,2020-21,G,18.462500000000002,221.55
Troy Brown Jr.,Bulls,2021-22,F,18.139583333333334,145.11666666666667
Troy Brown Jr.,Bulls,2021-22,G,15.683045977011494,909.6166666666667
Troy Brown Jr.,Lakers,2022-23,F,24.080787037037037,1733.8166666666666
Troy Brown Jr.,Lakers,2022-23,G,31.5,126.0
Troy Brown Jr.,Pistons,2023-24,F,18.941666666666666,416.7166666666667
Troy Brown Jr.,Timberwolves,2023-24,F,7.690740740740741,69.21666666666667
Troy Brown Jr.,Timberwolves,2023-24,G,12.163095238095238,340.56666666666666
Troy Brown Jr.,Wizards,2018-19,F,14.341085271317828,616.6666666666666
Troy Brown Jr.,Wizards,2018-19,G,12.564814814814815,113.08333333333333
Troy Brown Jr.,Wizards,2019-20,F,24.63231292517007,1206.9833333333333
Troy Brown Jr.,Wizards,2019-20,G,28.75333333333333,575.0666666666666
Troy Brown Jr.,Wizards,2020-21,F,14.772619047619047,206.81666666666666
Troy Brown Jr.,Wizards,2020-21,G,11.423809523809524,79.96666666666667
Troy Daniels,Grizzlies,2016-17,F,15.479166666666668,61.91666666666667
Troy Daniels,Grizzlies,2016-17,G,17.8005291005291,1121.4333333333334
Troy Daniels,Hornets,2014-15,G,12.289393939393939,135.18333333333334
Troy Daniels,Hornets,2015-16,G,11.075968992248061,476.26666666666665
Troy Daniels,Lakers,2019-20,G,11.117479674796748,455.81666666666666
Troy Daniels,Nuggets,2019-20,G,12.691666666666668,76.15
Troy Daniels,Rockets,2013-14,G,14.959999999999999,74.8
Troy Daniels,Rockets,2014-15,G,6.364705882352941,108.19999999999999
Troy Daniels,Suns,2017-18,F,26.31666666666667,131.58333333333334
Troy Daniels,Suns,2017-18,G,20.14572072072072,1490.7833333333333
Troy Daniels,Suns,2018-19,F,10.81111111111111,32.43333333333333
Troy Daniels,Suns,2018-19,G,15.152083333333332,727.3
Troy Daniels,Timberwolves,2014-15,G,8.105263157894736,154.0
Troy Murphy,Celtics,2010-11,F,10.450000000000001,177.65
Troy Murphy,Lakers,2011-12,F,16.197175141242937,955.6333333333333
Troy Murphy,Mavericks,2012-13,F,18.283333333333335,255.96666666666667
Troy Murphy,Nets,2010-11,F,16.01574074074074,288.2833333333333
Troy Williams,Grizzlies,2016-17,F,18.35,36.7
Troy Williams,Grizzlies,2016-17,G,17.328030303030303,381.2166666666667
Troy Williams,Kings,2018-19,F,14.856349206349208,311.98333333333335
Troy Williams,Knicks,2017-18,F,18.37222222222222,55.11666666666666
Troy Williams,Knicks,2017-18,G,16.79404761904762,235.11666666666667
Troy Williams,Rockets,2016-17,F,23.111111111111114,138.66666666666669
Troy Williams,Rockets,2017-18,F,4.245833333333334,16.983333333333334
Ty Jerome,Cavaliers,2023-24,G,7.408333333333333,14.816666666666666
Ty Jerome,Suns,2019-20,F,10.567741935483872,327.6
Ty Jerome,Thunder,2020-21,G,23.871717171717172,787.7666666666667
Ty Jerome,Thunder,2021-22,F,20.525,41.05
Ty Jerome,Thunder,2021-22,G,16.52210144927536,760.0166666666667
Ty Jerome,Warriors,2022-23,G,18.124814814814815,815.6166666666667
Ty Lawson,Kings,2016-17,G,25.103381642512076,1732.1333333333332
Ty Lawson,Nuggets,2010-11,G,26.283749999999998,2102.7
Ty Lawson,Nuggets,2011-12,G,34.81967213114754,2124.0
Ty Lawson,Nuggets,2012-13,G,34.41986301369863,2512.65
Ty Lawson,Nuggets,2013-14,G,35.83145161290323,2221.55
Ty Lawson,Nuggets,2014-15,G,35.53977777777777,2665.483333333333
Ty Lawson,Pacers,2015-16,G,18.092307692307692,235.2
Ty Lawson,Rockets,2015-16,G,22.18867924528302,1176.0
TyTy Washington Jr.,Bucks,2023-24,G,5.084848484848485,55.93333333333333
TyTy Washington Jr.,Rockets,2022-23,G,13.958602150537633,432.71666666666664
Tyler Cavanaugh,Hawks,2017-18,C,13.294871794871796,518.5
Tyler Cavanaugh,Jazz,2018-19,C,3.590909090909091,39.5
Tyler Cook,Bulls,2021-22,F,9.980833333333333,199.61666666666667
Tyler Cook,Cavaliers,2019-20,F,3.1727272727272724,34.9
Tyler Cook,Nets,2020-21,F,4.15,16.6
Tyler Cook,Nuggets,2019-20,F,9.583333333333334,19.166666666666668
Tyler Cook,Pistons,2020-21,F,15.027380952380952,420.76666666666665
Tyler Dorsey,Grizzlies,2018-19,G,21.296825396825398,447.23333333333335
Tyler Dorsey,Hawks,2017-18,G,17.396428571428572,974.2
Tyler Dorsey,Hawks,2018-19,G,9.2820987654321,250.61666666666667
Tyler Dorsey,Mavericks,2022-23,G,2.75,8.25
Tyler Ennis,Bucks,2014-15,G,14.122,353.05
Tyler Ennis,Bucks,2015-16,G,14.22753623188406,654.4666666666667
Tyler Ennis,Lakers,2016-17,G,17.818181818181817,392.0
Tyler Ennis,Lakers,2017-18,G,12.65462962962963,683.35
Tyler Ennis,Rockets,2016-17,G,6.327419354838709,196.15
Tyler Ennis,Suns,2014-15,G,7.297916666666667,58.38333333333333
Tyler Hansbrough,Hornets,2015-16,F,7.787878787878788,342.6666666666667
Tyler Hansbrough,Pacers,2010-11,F,21.934285714285714,1535.4
Tyler Hansbrough,Pacers,2011-12,F,21.84368686868687,1441.6833333333334
Tyler Hansbrough,Pacers,2012-13,F,16.85946502057613,1365.6166666666666
Tyler Hansbrough,Raptors,2013-14,C,14.61578947368421,277.7
Tyler Hansbrough,Raptors,2013-14,F,15.563333333333334,700.35
Tyler Hansbrough,Raptors,2014-15,C,12.178431372549019,207.03333333333333
Tyler Hansbrough,Raptors,2014-15,F,14.922514619883042,850.5833333333334
Tyler Herro,Heat,2019-20,F,35.03333333333333,35.03333333333333
Tyler Herro,Heat,2019-20,G,27.2787037037037,1473.05
Tyler Herro,Heat,2020-21,G,30.28055555555556,1635.15
Tyler Herro,Heat,2021-22,G,32.59141414141414,2151.0333333333333
Tyler Herro,Heat,2022-23,G,34.85646766169154,2335.383333333333
Tyler Herro,Heat,2023-24,G,33.50238095238095,1407.1
Tyler Johnson,76ers,2021-22,G,12.722222222222221,38.166666666666664
Tyler Johnson,Heat,2014-15,F,16.416666666666668,49.25
Tyler Johnson,Heat,2014-15,G,19.095402298850573,553.7666666666667
Tyler Johnson,Heat,2015-16,F,28.322222222222223,84.96666666666667
Tyler Johnson,Heat,2015-16,G,23.563131313131315,777.5833333333334
Tyler Johnson,Heat,2016-17,F,30.491666666666667,304.9166666666667
Tyler Johnson,Heat,2016-17,G,29.72328042328042,1872.5666666666666
Tyler Johnson,Heat,2017-18,F,25.822222222222223,154.93333333333334
Tyler Johnson,Heat,2017-18,G,28.74722222222222,1897.3166666666666
Tyler Johnson,Heat,2018-19,F,26.00625,208.05
Tyler Johnson,Heat,2018-19,G,25.424074074074074,915.2666666666667
Tyler Johnson,Nets,2019-20,G,24.247916666666665,193.98333333333332
Tyler Johnson,Nets,2020-21,G,17.535897435897436,683.9
Tyler Johnson,Spurs,2021-22,G,17.73888888888889,53.21666666666667
Tyler Johnson,Suns,2018-19,G,31.21153846153846,405.75
Tyler Johnson,Suns,2019-20,G,16.623655913978496,515.3333333333334
Tyler Ulis,Bulls,2018-19,G,0.8333333333333334,0.8333333333333334
Tyler Ulis,Suns,2016-17,G,18.40573770491803,1122.75
Tyler Ulis,Suns,2017-18,G,23.358920187793426,1658.4833333333333
Tyler Zeller,Bucks,2017-18,C,16.903472222222224,405.68333333333334
Tyler Zeller,Cavaliers,2012-13,C,26.404978354978354,2033.1833333333334
Tyler Zeller,Cavaliers,2013-14,C,14.991666666666667,1049.4166666666667
Tyler Zeller,Celtics,2014-15,C,21.108333333333334,1730.8833333333334
Tyler Zeller,Celtics,2015-16,C,11.83222222222222,709.9333333333333
Tyler Zeller,Celtics,2016-17,C,10.288235294117648,524.7
Tyler Zeller,Grizzlies,2018-19,C,20.55,82.2
Tyler Zeller,Hawks,2018-19,C,5.325,10.65
Tyler Zeller,Nets,2017-18,C,16.7265873015873,702.5166666666667
Tyler Zeller,Spurs,2019-20,C,1.9416666666666667,3.8833333333333333
Tyreke Evans,Grizzlies,2017-18,G,30.907692307692308,1607.2
Tyreke Evans,Kings,2010-11,F,22.758333333333333,45.516666666666666
Tyreke Evans,Kings,2010-11,G,37.483636363636364,2061.6
Tyreke Evans,Kings,2011-12,F,33.142857142857146,696.0
Tyreke Evans,Kings,2011-12,G,34.91428571428572,1466.4
Tyreke Evans,Kings,2012-13,G,31.016410256410257,2016.0666666666666
Tyreke Evans,Kings,2016-17,F,22.360416666666666,178.88333333333333
Tyreke Evans,Kings,2016-17,G,22.594444444444445,135.56666666666666
Tyreke Evans,Pacers,2018-19,G,20.318840579710145,1402.0
Tyreke Evans,Pelicans,2013-14,F,31.064814814814813,559.1666666666666
Tyreke Evans,Pelicans,2013-14,G,27.19753086419753,1468.6666666666667
Tyreke Evans,Pelicans,2014-15,F,34.61875,553.9
Tyreke Evans,Pelicans,2014-15,G,33.903703703703705,2135.9333333333334
Tyreke Evans,Pelicans,2015-16,G,30.614,765.35
Tyreke Evans,Pelicans,2016-17,F,19.74761904761905,138.23333333333335
Tyreke Evans,Pelicans,2016-17,G,17.650877192982456,335.3666666666667
Tyrese Haliburton,Kings,2020-21,F,33.81111111111111,101.43333333333334
Tyrese Haliburton,Kings,2020-21,G,29.895757575757575,1644.2666666666667
Tyrese Haliburton,Kings,2021-22,F,36.18333333333333,36.18333333333333
Tyrese Haliburton,Kings,2021-22,G,34.40866666666667,1720.4333333333334
Tyrese Haliburton,Pacers,2021-22,G,36.060256410256414,937.5666666666667
Tyrese Haliburton,Pacers,2022-23,G,33.622321428571425,1882.85
Tyrese Haliburton,Pacers,2023-24,G,32.22512077294686,2223.5333333333333
Tyrese Maxey,76ers,2020-21,G,15.337431693989071,935.5833333333334
Tyrese Maxey,76ers,2021-22,G,35.33844444444444,2650.383333333333
Tyrese Maxey,76ers,2022-23,G,33.596944444444446,2015.8166666666666
Tyrese Maxey,76ers,2023-24,G,37.511904761904766,2625.8333333333335
Tyrone Wallace,Clippers,2017-18,F,29.6375,237.1
Tyrone Wallace,Clippers,2017-18,G,27.913636363636364,614.1
Tyrone Wallace,Clippers,2018-19,F,9.993859649122806,189.88333333333333
Tyrone Wallace,Clippers,2018-19,G,10.181782945736433,437.81666666666666
Tyrone Wallace,Hawks,2019-20,F,11.45595238095238,160.38333333333333
Tyrone Wallace,Pelicans,2021-22,G,12.486111111111112,74.91666666666667
Tyrus Thomas,Bobcats,2010-11,C,26.983333333333334,53.96666666666667
Tyrus Thomas,Bobcats,2010-11,F,20.694871794871794,807.1
Tyrus Thomas,Bobcats,2011-12,F,18.764506172839507,1013.2833333333333
Tyrus Thomas,Bobcats,2012-13,C,24.85,24.85
Tyrus Thomas,Bobcats,2012-13,F,13.404000000000002,335.1
Tyrus Thomas,Grizzlies,2014-15,F,3.2583333333333333,6.516666666666667
Tyshawn Taylor,Nets,2012-13,G,5.802631578947368,220.5
Tyshawn Taylor,Nets,2013-14,G,11.747826086956522,270.2
Tyson Chandler,Knicks,2011-12,C,33.23521505376344,2060.5833333333335
Tyson Chandler,Knicks,2012-13,C,32.78080808080808,2163.5333333333333
Tyson Chandler,Knicks,2013-14,C,30.21727272727273,1661.95
Tyson Chandler,Lakers,2018-19,C,16.37048611111111,785.7833333333333
Tyson Chandler,Mavericks,2010-11,C,27.818018018018016,2058.5333333333333
Tyson Chandler,Mavericks,2014-15,C,30.47777777777778,2285.8333333333335
Tyson Chandler,Rockets,2019-20,C,8.431410256410256,219.21666666666667
Tyson Chandler,Suns,2015-16,C,24.51388888888889,1617.9166666666667
Tyson Chandler,Suns,2016-17,C,27.60921985815603,1297.6333333333334
Tyson Chandler,Suns,2017-18,C,25.015579710144927,1150.7166666666667
Tyson Chandler,Suns,2018-19,C,12.716666666666667,89.01666666666667
Tyus Jones,Grizzlies,2019-20,G,18.953846153846154,1232.0
Tyus Jones,Grizzlies,2020-21,G,17.465,1222.55
Tyus Jones,Grizzlies,2021-22,G,21.22511415525114,1549.4333333333334
Tyus Jones,Grizzlies,2022-23,G,24.242708333333333,1939.4166666666667
Tyus Jones,Timberwolves,2015-16,G,15.479279279279279,572.7333333333333
Tyus Jones,Timberwolves,2016-17,G,12.90611111111111,774.3666666666667
Tyus Jones,Timberwolves,2017-18,G,17.889024390243904,1466.9
Tyus Jones,Timberwolves,2018-19,G,22.94779411764706,1560.45
Tyus Jones,Wizards,2023-24,G,29.282828282828284,1932.6666666666667
Udoka Azubuike,Jazz,2020-21,C,3.8133333333333335,57.2
Udoka Azubuike,Jazz,2021-22,C,11.463725490196078,194.88333333333333
Udoka Azubuike,Jazz,2022-23,C,9.95925925925926,358.53333333333336
Udoka Azubuike,Suns,2023-24,C,7.052083333333334,112.83333333333334
Udonis Haslem,Heat,2010-11,C,17.691666666666666,35.38333333333333
Udonis Haslem,Heat,2010-11,F,28.14090909090909,309.55
Udonis Haslem,Heat,2011-12,C,24.428787878787876,268.71666666666664
Udonis Haslem,Heat,2011-12,F,24.906603773584905,1320.05
Udonis Haslem,Heat,2012-13,C,22.73095238095238,159.11666666666667
Udonis Haslem,Heat,2012-13,F,18.452450980392157,1254.7666666666667
Udonis Haslem,Heat,2013-14,C,17.10952380952381,119.76666666666667
Udonis Haslem,Heat,2013-14,F,13.66965811965812,533.1166666666667
Udonis Haslem,Heat,2014-15,C,22.266666666666666,200.4
Udonis Haslem,Heat,2014-15,F,14.988679245283018,794.4
Udonis Haslem,Heat,2015-16,C,4.4,22.0
Udonis Haslem,Heat,2015-16,F,7.422916666666667,237.53333333333333
Udonis Haslem,Heat,2016-17,C,5.144444444444445,15.433333333333334
Udonis Haslem,Heat,2016-17,F,8.826923076923077,114.75
Udonis Haslem,Heat,2017-18,C,5.1722222222222225,15.516666666666667
Udonis Haslem,Heat,2017-18,F,5.1045454545454545,56.15
Udonis Haslem,Heat,2018-19,C,29.683333333333334,29.683333333333334
Udonis Haslem,Heat,2018-19,F,4.979629629629629,44.81666666666666
Udonis Haslem,Heat,2019-20,F,11.033333333333333,44.13333333333333
Udonis Haslem,Heat,2020-21,C,2.6666666666666665,2.6666666666666665
Udonis Haslem,Heat,2021-22,C,5.05,5.05
Udonis Haslem,Heat,2021-22,F,6.513888888888888,78.16666666666666
Udonis Haslem,Heat,2022-23,C,12.483333333333333,12.483333333333333
Udonis Haslem,Heat,2022-23,F,9.938888888888888,59.63333333333333
Usman Garuba,Rockets,2021-22,C,9.965277777777777,239.16666666666666
Usman Garuba,Rockets,2022-23,C,12.936444444444446,970.2333333333333
Usman Garuba,Warriors,2023-24,C,2.9638888888888886,17.78333333333333
Vander Blue,Celtics,2013-14,G,4.888888888888888,14.666666666666666
Vander Blue,Lakers,2014-15,G,36.858333333333334,73.71666666666667
Vander Blue,Lakers,2017-18,G,8.983333333333333,44.916666666666664
Vasilije Micic,Hornets,2023-24,G,27.157777777777778,814.7333333333333
Vasilije Micic,Thunder,2023-24,G,12.032777777777778,360.98333333333335
Vernon Carey Jr.,Hornets,2020-21,C,6.036842105263158,114.7
Vernon Carey Jr.,Hornets,2021-22,C,4.2125,16.85
Vernon Carey Jr.,Wizards,2021-22,C,9.1,27.299999999999997
Vernon Carey Jr.,Wizards,2022-23,C,2.5893939393939394,28.483333333333334
Victor Claver,Trail Blazers,2012-13,F,18.938690476190477,530.2833333333333
Victor Claver,Trail Blazers,2012-13,G,13.42063492063492,281.8333333333333
Victor Claver,Trail Blazers,2013-14,F,7.007407407407407,63.06666666666666
Victor Claver,Trail Blazers,2013-14,G,10.058333333333334,120.7
Victor Claver,Trail Blazers,2014-15,F,8.59,42.949999999999996
Victor Claver,Trail Blazers,2014-15,G,6.6066666666666665,33.03333333333333
Victor Oladipo,Heat,2020-21,G,27.812499999999996,111.24999999999999
Victor Oladipo,Heat,2021-22,G,21.639583333333334,173.11666666666667
Victor Oladipo,Heat,2022-23,F,21.95,65.85
Victor Oladipo,Heat,2022-23,G,26.66111111111111,1039.7833333333333
Victor Oladipo,Magic,2013-14,G,31.08145833333333,2486.5166666666664
Victor Oladipo,Magic,2014-15,G,35.7337962962963,2572.8333333333335
Victor Oladipo,Magic,2015-16,G,33.04606481481481,2379.3166666666666
Victor Oladipo,Pacers,2017-18,G,34.02733333333334,2552.05
Victor Oladipo,Pacers,2018-19,G,31.851851851851855,1146.6666666666667
Victor Oladipo,Pacers,2019-20,G,27.79736842105263,528.15
Victor Oladipo,Pacers,2020-21,G,33.279629629629625,299.51666666666665
Victor Oladipo,Rockets,2020-21,G,33.46583333333333,669.3166666666666
Victor Oladipo,Thunder,2016-17,G,33.17363184079602,2222.633333333333
Victor Wembanyama,Spurs,2023-24,C,29.488141025641028,1533.3833333333334
Victor Wembanyama,Spurs,2023-24,F,30.150877192982456,572.8666666666667
Vince Carter,Grizzlies,2014-15,F,16.839766081871346,959.8666666666667
Vince Carter,Grizzlies,2014-15,G,14.598148148148148,131.38333333333333
Vince Carter,Grizzlies,2015-16,F,17.094654088050316,906.0166666666667
Vince Carter,Grizzlies,2015-16,G,14.192857142857141,99.35
Vince Carter,Grizzlies,2016-17,F,24.556989247311826,1522.5333333333333
Vince Carter,Grizzlies,2016-17,G,25.184848484848487,277.03333333333336
Vince Carter,Hawks,2018-19,F,17.505043859649124,1330.3833333333334
Vince Carter,Hawks,2019-20,F,14.592777777777776,875.5666666666666
Vince Carter,Kings,2017-18,F,17.685333333333332,442.1333333333333
Vince Carter,Kings,2017-18,G,17.691919191919194,583.8333333333334
Vince Carter,Magic,2010-11,G,30.2,664.4
Vince Carter,Mavericks,2011-12,F,25.64166666666667,153.85000000000002
Vince Carter,Mavericks,2011-12,G,25.240303030303032,1388.2166666666667
Vince Carter,Mavericks,2012-13,F,26.916666666666668,484.5
Vince Carter,Mavericks,2012-13,G,25.52804232804233,1608.2666666666667
Vince Carter,Mavericks,2013-14,F,23.592222222222222,353.8833333333333
Vince Carter,Mavericks,2013-14,G,24.53080808080808,1619.0333333333333
Vince Carter,Suns,2010-11,G,27.19967320261438,1387.1833333333334
Vince Williams Jr.,Grizzlies,2022-23,F,6.973333333333333,104.6
Vince Williams Jr.,Grizzlies,2023-24,F,27.622222222222224,1408.7333333333333
Vince Williams Jr.,Grizzlies,2023-24,G,27.783333333333335,27.783333333333335
Vit Krejci,Hawks,2022-23,F,5.704022988505747,165.41666666666666
Vit Krejci,Hawks,2023-24,F,24.605303030303034,541.3166666666667
Vit Krejci,Thunder,2021-22,F,14.766666666666666,59.06666666666666
Vit Krejci,Thunder,2021-22,G,24.262820512820515,630.8333333333334
Vitor Faverani,Celtics,2013-14,C,13.178828828828829,487.6166666666667
Vladimir Radmanovic,Bulls,2012-13,F,5.744,143.6
Vladimir Radmanovic,Hawks,2011-12,F,15.409183673469387,755.05
Vladimir Radmanovic,Warriors,2010-11,F,15.800225225225226,1169.2166666666667
Vlatko Cancar,Nuggets,2019-20,F,3.2440476190476195,45.41666666666667
Vlatko Cancar,Nuggets,2020-21,F,6.857317073170733,281.15000000000003
Vlatko Cancar,Nuggets,2021-22,F,11.754444444444443,176.31666666666666
Vlatko Cancar,Nuggets,2022-23,F,14.817222222222222,889.0333333333333
Von Wafer,Celtics,2010-11,G,9.526436781609195,552.5333333333333
Von Wafer,Magic,2011-12,G,14.211616161616162,468.98333333333335
Wade Baldwin IV,Grizzlies,2016-17,G,12.271717171717171,404.96666666666664
Wade Baldwin IV,Trail Blazers,2017-18,G,11.497619047619049,80.48333333333333
Wade Baldwin IV,Trail Blazers,2018-19,G,5.8531249999999995,93.64999999999999
Walker Kessler,Jazz,2022-23,C,23.016666666666666,1703.2333333333333
Walker Kessler,Jazz,2023-24,C,23.32994791666667,1493.1166666666668
Walt Lemon Jr.,Bulls,2018-19,G,27.858333333333334,167.15
Walt Lemon Jr.,Pelicans,2017-18,G,7.0200000000000005,35.1
Wayne Ellington,Cavaliers,2012-13,G,25.916666666666668,984.8333333333334
Wayne Ellington,Grizzlies,2012-13,G,16.9,676.0
Wayne Ellington,Heat,2016-17,F,27.402777777777775,164.41666666666666
Wayne Ellington,Heat,2016-17,G,23.844940476190477,1335.3166666666666
Wayne Ellington,Heat,2017-18,F,23.633333333333333,118.16666666666666
Wayne Ellington,Heat,2017-18,G,26.709027777777777,1923.05
Wayne Ellington,Heat,2018-19,F,17.977777777777778,53.93333333333334
Wayne Ellington,Heat,2018-19,G,21.757575757575758,478.6666666666667
Wayne Ellington,Knicks,2019-20,G,15.510648148148148,558.3833333333333
Wayne Ellington,Lakers,2014-15,F,16.177777777777777,48.53333333333333
Wayne Ellington,Lakers,2014-15,G,26.22768817204301,1626.1166666666666
Wayne Ellington,Lakers,2021-22,F,19.366666666666667,251.76666666666665
Wayne Ellington,Lakers,2021-22,G,18.615555555555556,558.4666666666667
Wayne Ellington,Mavericks,2013-14,F,8.816666666666666,70.53333333333333
Wayne Ellington,Mavericks,2013-14,G,8.714414414414415,322.43333333333334
Wayne Ellington,Nets,2015-16,F,28.816666666666666,28.816666666666666
Wayne Ellington,Nets,2015-16,G,21.14911111111111,1586.1833333333334
Wayne Ellington,Pistons,2018-19,G,27.29404761904762,764.2333333333333
Wayne Ellington,Pistons,2020-21,F,26.233333333333334,26.233333333333334
Wayne Ellington,Pistons,2020-21,G,21.902962962962963,985.6333333333333
Wayne Ellington,Timberwolves,2010-11,G,19.05268817204301,1181.2666666666667
Wayne Ellington,Timberwolves,2011-12,G,19.08529411764706,973.35
Wayne Selden,Bulls,2018-19,F,22.879457364341086,983.8166666666667
Wayne Selden,Grizzlies,2016-17,F,19.1375,76.55
Wayne Selden,Grizzlies,2016-17,G,16.066666666666666,112.46666666666667
Wayne Selden,Grizzlies,2017-18,F,19.098148148148148,171.88333333333333
Wayne Selden,Grizzlies,2017-18,G,19.980128205128207,519.4833333333333
Wayne Selden,Grizzlies,2018-19,F,12.141176470588235,206.4
Wayne Selden,Grizzlies,2018-19,G,16.55777777777778,248.36666666666667
Wayne Selden,Knicks,2021-22,G,6.377777777777777,19.133333333333333
Wayne Selden,Pelicans,2016-17,G,15.655555555555557,46.96666666666667
Wendell Carter Jr.,Bulls,2018-19,C,25.22310606060606,1109.8166666666666
Wendell Carter Jr.,Bulls,2019-20,C,29.20503875968992,1255.8166666666666
Wendell Carter Jr.,Bulls,2020-21,C,24.74427083333333,791.8166666666666
Wendell Carter Jr.,Magic,2020-21,C,26.820634920634923,563.2333333333333
Wendell Carter Jr.,Magic,2020-21,F,20.25,20.25
Wendell Carter Jr.,Magic,2021-22,C,28.272222222222222,84.81666666666666
Wendell Carter Jr.,Magic,2021-22,F,29.944915254237287,1766.75
Wendell Carter Jr.,Magic,2022-23,C,29.641812865497073,1689.5833333333333
Wendell Carter Jr.,Magic,2023-24,C,25.744771241830065,1312.9833333333333
Wendell Carter Jr.,Magic,2023-24,F,23.325,93.3
Wendell Moore Jr.,Timberwolves,2022-23,G,5.264367816091955,152.66666666666669
Wendell Moore Jr.,Timberwolves,2023-24,G,3.0053333333333336,75.13333333333334
Wenyen Gabriel,Clippers,2021-22,F,7.719444444444444,46.31666666666666
Wenyen Gabriel,Grizzlies,2023-24,F,16.203333333333333,81.01666666666667
Wenyen Gabriel,Kings,2019-20,F,5.566666666666666,61.233333333333334
Wenyen Gabriel,Lakers,2021-22,C,24.541666666666664,49.08333333333333
Wenyen Gabriel,Lakers,2021-22,F,15.419607843137255,262.1333333333333
Wenyen Gabriel,Lakers,2022-23,C,10.638888888888888,31.916666666666664
Wenyen Gabriel,Lakers,2022-23,F,15.25923076923077,991.85
Wenyen Gabriel,Nets,2021-22,F,1.2666666666666666,1.2666666666666666
Wenyen Gabriel,Pelicans,2020-21,F,11.469047619047618,240.85
Wenyen Gabriel,Trail Blazers,2019-20,F,9.142105263157895,173.7
Wes Iwundu,Hawks,2021-22,F,27.405555555555555,82.21666666666667
Wes Iwundu,Magic,2017-18,F,14.89656862745098,506.48333333333335
Wes Iwundu,Magic,2017-18,G,18.351785714285715,513.85
Wes Iwundu,Magic,2018-19,F,18.09030303030303,994.9666666666667
Wes Iwundu,Magic,2018-19,G,18.326923076923077,238.25
Wes Iwundu,Magic,2019-20,F,19.265555555555558,577.9666666666667
Wes Iwundu,Magic,2019-20,G,17.06060606060606,375.3333333333333
Wes Iwundu,Mavericks,2020-21,F,12.504347826086958,287.6
Wes Iwundu,Pelicans,2020-21,F,14.533333333333333,116.26666666666667
Wes Iwundu,Pelicans,2020-21,G,13.51,135.1
Wesley Johnson,Clippers,2015-16,F,20.822499999999998,1665.8
Wesley Johnson,Clippers,2016-17,F,11.913725490196079,810.1333333333333
Wesley Johnson,Clippers,2017-18,F,20.087162162162162,1486.45
Wesley Johnson,Lakers,2013-14,F,28.355063291139242,2240.05
Wesley Johnson,Lakers,2014-15,F,29.533991228070178,2244.5833333333335
Wesley Johnson,Pelicans,2018-19,F,14.509615384615385,377.25
Wesley Johnson,Suns,2012-13,F,22.933333333333334,22.933333333333334
Wesley Johnson,Suns,2012-13,G,18.972448979591835,929.65
Wesley Johnson,Timberwolves,2010-11,F,23.6375,472.75
Wesley Johnson,Timberwolves,2010-11,G,27.060734463276834,1596.5833333333333
Wesley Johnson,Timberwolves,2011-12,F,22.844736842105263,1302.15
Wesley Johnson,Timberwolves,2011-12,G,20.79375,166.35
Wesley Johnson,Wizards,2018-19,G,13.058333333333332,156.7
Wesley Matthews,Bucks,2019-20,F,25.312121212121212,278.43333333333334
Wesley Matthews,Bucks,2019-20,G,24.22232142857143,1356.45
Wesley Matthews,Bucks,2021-22,F,23.027272727272727,253.3
Wesley Matthews,Bucks,2021-22,G,19.707456140350878,748.8833333333333
Wesley Matthews,Bucks,2022-23,F,16.314102564102566,212.08333333333334
Wesley Matthews,Bucks,2022-23,G,15.59871794871795,608.35
Wesley Matthews,Hawks,2023-24,F,11.738095238095239,328.6666666666667
Wesley Matthews,Hawks,2023-24,G,10.525,84.2
Wesley Matthews,Knicks,2018-19,G,26.941666666666666,53.88333333333333
Wesley Matthews,Lakers,2020-21,F,18.665686274509802,634.6333333333333
Wesley Matthews,Lakers,2020-21,G,20.6375,495.3
Wesley Matthews,Mavericks,2015-16,F,34.11388888888889,818.7333333333333
Wesley Matthews,Mavericks,2015-16,G,33.807098765432094,1825.5833333333333
Wesley Matthews,Mavericks,2016-17,F,33.10459770114942,960.0333333333333
Wesley Matthews,Mavericks,2016-17,G,34.88181818181818,1534.8
Wesley Matthews,Mavericks,2017-18,F,33.41111111111111,501.1666666666667
Wesley Matthews,Mavericks,2017-18,G,33.96388888888889,1630.2666666666667
Wesley Matthews,Mavericks,2018-19,F,28.910185185185185,520.3833333333333
Wesley Matthews,Mavericks,2018-19,G,30.43717948717949,791.3666666666667
Wesley Matthews,Pacers,2018-19,G,31.539130434782606,725.4
Wesley Matthews,Trail Blazers,2010-11,F,35.31481481481481,317.8333333333333
Wesley Matthews,Trail Blazers,2010-11,G,33.43333333333333,2440.633333333333
Wesley Matthews,Trail Blazers,2011-12,F,26.766666666666666,26.766666666666666
Wesley Matthews,Trail Blazers,2011-12,G,33.86076923076923,2200.95
Wesley Matthews,Trail Blazers,2012-13,G,34.82149758454106,2402.6833333333334
Wesley Matthews,Trail Blazers,2013-14,G,33.90609756097561,2780.3
Wesley Matthews,Trail Blazers,2014-15,G,33.73722222222222,2024.2333333333333
Will Barton,Nuggets,2014-15,F,24.575,344.05
Will Barton,Nuggets,2014-15,G,24.24404761904762,339.4166666666667
Will Barton,Nuggets,2015-16,F,29.77063492063492,1250.3666666666666
Will Barton,Nuggets,2015-16,G,27.575,1103.0
Will Barton,Nuggets,2016-17,F,27.854347826086954,640.65
Will Barton,Nuggets,2016-17,G,28.76801801801802,1064.4166666666667
Will Barton,Nuggets,2017-18,F,33.78611111111111,1419.0166666666667
Will Barton,Nuggets,2017-18,G,32.406837606837605,1263.8666666666666
Will Barton,Nuggets,2018-19,F,27.96068376068376,1090.4666666666667
Will Barton,Nuggets,2018-19,G,24.625,98.5
Will Barton,Nuggets,2019-20,F,32.66742424242424,1437.3666666666666
Will Barton,Nuggets,2019-20,G,34.17857142857143,478.5
Will Barton,Nuggets,2020-21,F,28.745833333333334,689.9
Will Barton,Nuggets,2020-21,G,32.68333333333333,1045.8666666666666
Will Barton,Nuggets,2021-22,F,34.14074074074074,307.26666666666665
Will Barton,Nuggets,2021-22,G,31.761290322580646,1969.2
Will Barton,Raptors,2022-23,G,13.184375,210.95
Will Barton,Trail Blazers,2012-13,F,7.463333333333334,74.63333333333334
Will Barton,Trail Blazers,2012-13,G,13.002910052910051,819.1833333333333
Will Barton,Trail Blazers,2013-14,F,6.554761904761905,45.88333333333333
Will Barton,Trail Blazers,2013-14,G,10.023039215686275,340.78333333333336
Will Barton,Trail Blazers,2014-15,F,10.851666666666667,108.51666666666667
Will Barton,Trail Blazers,2014-15,G,9.594166666666666,191.88333333333333
Will Barton,Wizards,2022-23,G,19.550416666666667,782.0166666666667
Will Bynum,Pistons,2010-11,G,18.445628415300547,1125.1833333333334
Will Bynum,Pistons,2011-12,G,14.269907407407409,513.7166666666667
Will Bynum,Pistons,2012-13,G,18.75641025641026,1219.1666666666667
Will Bynum,Pistons,2013-14,G,18.82470238095238,1054.1833333333334
Will Bynum,Wizards,2014-15,G,9.528571428571428,66.7
Willie Cauley-Stein,76ers,2021-22,C,2.8333333333333335,5.666666666666667
Willie Cauley-Stein,Kings,2015-16,C,21.048214285714288,1178.7
Willie Cauley-Stein,Kings,2015-16,F,23.281666666666666,232.81666666666666
Willie Cauley-Stein,Kings,2016-17,C,17.05343915343915,1074.3666666666666
Willie Cauley-Stein,Kings,2016-17,F,28.870833333333334,346.45
Willie Cauley-Stein,Kings,2017-18,C,28.152185792349727,1717.2833333333333
Willie Cauley-Stein,Kings,2017-18,F,27.212500000000002,326.55
Willie Cauley-Stein,Kings,2018-19,C,27.309188034188036,2130.116666666667
Willie Cauley-Stein,Kings,2018-19,F,27.477777777777778,82.43333333333334
Willie Cauley-Stein,Mavericks,2019-20,C,12.074358974358974,156.96666666666667
Willie Cauley-Stein,Mavericks,2020-21,C,17.09308176100629,905.9333333333333
Willie Cauley-Stein,Mavericks,2021-22,C,9.842592592592592,177.16666666666666
Willie Cauley-Stein,Warriors,2019-20,C,22.93943089430894,940.5166666666667
Willie Green,Clippers,2012-13,G,16.496990740740742,1187.7833333333333
Willie Green,Clippers,2013-14,G,15.804545454545455,869.25
Willie Green,Hawks,2011-12,G,17.400943396226417,922.25
Willie Green,Hornets,2010-11,G,21.739393939393942,1673.9333333333334
Willie Green,Magic,2014-15,G,18.29198717948718,951.1833333333333
Willie Reed,Clippers,2017-18,C,10.732478632478632,418.56666666666666
Willie Reed,Heat,2016-17,C,14.517605633802816,1030.75
Willie Reed,Nets,2015-16,C,10.913247863247863,425.6166666666667
Willie Reed,Pistons,2017-18,C,3.1111111111111107,9.333333333333332
Willy Hernangomez,Hornets,2017-18,C,11.893939393939394,261.6666666666667
Willy Hernangomez,Hornets,2018-19,C,13.997701149425287,811.8666666666667
Willy Hernangomez,Hornets,2019-20,C,12.103225806451613,375.2
Willy Hernangomez,Knicks,2016-17,C,19.35524691358025,1045.1833333333334
Willy Hernangomez,Knicks,2016-17,F,15.514814814814814,279.26666666666665
Willy Hernangomez,Knicks,2017-18,C,9.47280701754386,179.98333333333332
Willy Hernangomez,Knicks,2017-18,F,7.523809523809525,52.66666666666667
Willy Hernangomez,Pelicans,2020-21,C,18.004255319148935,846.2
Willy Hernangomez,Pelicans,2021-22,C,16.779,838.95
Willy Hernangomez,Pelicans,2022-23,C,12.043859649122808,457.6666666666667
Wilson Chandler,76ers,2018-19,F,26.407407407407405,950.6666666666666
Wilson Chandler,Clippers,2018-19,F,15.043333333333333,225.65
Wilson Chandler,Knicks,2010-11,F,34.484313725490196,1758.7
Wilson Chandler,Nets,2019-20,F,20.973809523809525,734.0833333333334
Wilson Chandler,Nuggets,2010-11,F,31.316666666666666,438.43333333333334
Wilson Chandler,Nuggets,2010-11,G,29.042857142857144,203.3
Wilson Chandler,Nuggets,2011-12,F,26.825000000000003,214.60000000000002
Wilson Chandler,Nuggets,2012-13,F,25.101550387596898,1079.3666666666666
Wilson Chandler,Nuggets,2013-14,F,31.08135593220339,1833.8
Wilson Chandler,Nuggets,2013-14,G,30.98888888888889,92.96666666666667
Wilson Chandler,Nuggets,2014-15,F,31.774675324675325,2446.65
Wilson Chandler,Nuggets,2014-15,G,24.483333333333334,24.483333333333334
Wilson Chandler,Nuggets,2016-17,F,30.938967136150232,2196.6666666666665
Wilson Chandler,Nuggets,2017-18,F,32.01552511415525,2337.133333333333
Wilson Chandler,Nuggets,2017-18,G,9.166666666666666,9.166666666666666
Xavier Cooks,Wizards,2022-23,C,12.578333333333333,125.78333333333333
Xavier Henry,Grizzlies,2010-11,G,13.881140350877194,527.4833333333333
Xavier Henry,Hornets,2011-12,F,16.571428571428573,580.0
Xavier Henry,Hornets,2011-12,G,17.908333333333335,179.08333333333334
Xavier Henry,Hornets,2012-13,F,11.557407407407407,416.06666666666666
Xavier Henry,Hornets,2012-13,G,14.93452380952381,209.08333333333334
Xavier Henry,Lakers,2013-14,F,20.390350877192983,387.4166666666667
Xavier Henry,Lakers,2013-14,G,21.697916666666668,520.75
Xavier Henry,Lakers,2014-15,F,9.813888888888888,58.883333333333326
Xavier Henry,Lakers,2014-15,G,8.894444444444444,26.683333333333334
Xavier Moon,Clippers,2021-22,G,13.736666666666668,137.36666666666667
Xavier Moon,Clippers,2022-23,G,4.891666666666667,19.566666666666666
Xavier Moon,Clippers,2023-24,G,8.517857142857142,119.25
Xavier Tillman,Celtics,2023-24,C,16.758333333333333,33.516666666666666
Xavier Tillman,Celtics,2023-24,F,13.378703703703703,240.81666666666666
Xavier Tillman,Grizzlies,2020-21,C,18.42030303030303,1013.1166666666667
Xavier Tillman,Grizzlies,2020-21,F,17.895833333333336,71.58333333333334
Xavier Tillman,Grizzlies,2021-22,C,13.021333333333333,651.0666666666666
Xavier Tillman,Grizzlies,2021-22,F,16.5,49.5
Xavier Tillman,Grizzlies,2022-23,C,19.586158192090394,1155.5833333333333
Xavier Tillman,Grizzlies,2022-23,F,12.275,24.55
Xavier Tillman,Grizzlies,2023-24,C,21.12222222222222,697.0333333333333
Xavier Tillman,Grizzlies,2023-24,F,3.183333333333333,3.183333333333333
Yogi Ferrell,Cavaliers,2020-21,G,20.25,40.5
Yogi Ferrell,Clippers,2020-21,G,12.060416666666667,96.48333333333333
Yogi Ferrell,Kings,2018-19,G,15.023474178403758,1066.6666666666667
Yogi Ferrell,Kings,2019-20,G,10.595333333333333,529.7666666666667
Yogi Ferrell,Mavericks,2016-17,G,29.047685185185188,1045.7166666666667
Yogi Ferrell,Mavericks,2017-18,G,27.82357723577236,2281.5333333333333
Yogi Ferrell,Nets,2016-17,G,15.133333333333335,151.33333333333334
Yuta Watanabe,Grizzlies,2018-19,F,11.623333333333333,174.35
Yuta Watanabe,Grizzlies,2019-20,F,5.82037037037037,104.76666666666667
Yuta Watanabe,Grizzlies,2023-24,F,16.443333333333335,82.21666666666667
Yuta Watanabe,Nets,2022-23,F,15.996839080459772,927.8166666666667
Yuta Watanabe,Raptors,2020-21,F,14.274031007751937,613.7833333333333
Yuta Watanabe,Raptors,2020-21,G,15.578571428571427,109.05
Yuta Watanabe,Raptors,2021-22,F,12.7140625,406.85
Yuta Watanabe,Raptors,2021-22,G,6.436111111111111,38.61666666666667
Yuta Watanabe,Suns,2023-24,F,13.179310344827586,382.2
Zach Collins,Spurs,2021-22,C,17.930357142857144,502.05
Zach Collins,Spurs,2022-23,C,22.883870967741935,1418.8
Zach Collins,Spurs,2022-23,F,21.8,21.8
Zach Collins,Spurs,2023-24,C,22.11231884057971,1525.75
Zach Collins,Trail Blazers,2017-18,C,16.479166666666668,65.91666666666667
Zach Collins,Trail Blazers,2017-18,F,15.798924731182796,979.5333333333333
Zach Collins,Trail Blazers,2018-19,C,17.105555555555554,51.31666666666666
Zach Collins,Trail Blazers,2018-19,F,17.627477477477477,1304.4333333333334
Zach Collins,Trail Blazers,2019-20,F,26.35606060606061,289.9166666666667
Zach LaVine,Bulls,2017-18,F,28.366666666666667,28.366666666666667
Zach LaVine,Bulls,2017-18,G,27.301449275362323,627.9333333333334
Zach LaVine,Bulls,2018-19,F,32.516666666666666,32.516666666666666
Zach LaVine,Bulls,2018-19,G,34.48978494623656,2138.366666666667
Zach LaVine,Bulls,2019-20,G,34.75694444444444,2085.4166666666665
Zach LaVine,Bulls,2020-21,G,35.062356321839076,2033.6166666666666
Zach LaVine,Bulls,2021-22,F,36.10333333333334,361.03333333333336
Zach LaVine,Bulls,2021-22,G,34.509941520467834,1967.0666666666666
Zach LaVine,Bulls,2022-23,F,33.916666666666664,67.83333333333333
Zach LaVine,Bulls,2022-23,G,36.001555555555555,2700.116666666667
Zach LaVine,Bulls,2023-24,G,34.87466666666667,871.8666666666667
Zach LaVine,Timberwolves,2014-15,G,24.698051948051948,1901.75
Zach LaVine,Timberwolves,2015-16,G,27.969715447154467,2293.5166666666664
Zach LaVine,Timberwolves,2016-17,G,37.20886524822695,1748.8166666666666
Zach Randolph,Grizzlies,2010-11,C,15.433333333333334,15.433333333333334
Zach Randolph,Grizzlies,2010-11,F,36.59639639639639,2708.133333333333
Zach Randolph,Grizzlies,2011-12,F,26.25,735.0
Zach Randolph,Grizzlies,2012-13,F,34.30285087719299,2607.016666666667
Zach Randolph,Grizzlies,2013-14,F,34.2409282700422,2705.0333333333333
Zach Randolph,Grizzlies,2014-15,F,32.44600938967136,2303.6666666666665
Zach Randolph,Grizzlies,2015-16,C,29.285714285714285,205.0
Zach Randolph,Grizzlies,2015-16,F,29.695628415300547,1811.4333333333334
Zach Randolph,Grizzlies,2016-17,C,27.427777777777777,164.56666666666666
Zach Randolph,Grizzlies,2016-17,F,24.20497512437811,1621.7333333333333
Zach Randolph,Kings,2017-18,C,26.151333333333334,653.7833333333333
Zach Randolph,Kings,2017-18,F,25.11421568627451,853.8833333333333
Zavier Simpson,Grizzlies,2023-24,G,23.054761904761904,161.38333333333333
Zavier Simpson,Thunder,2021-22,G,43.520833333333336,174.08333333333334
Zaza Pachulia,Bucks,2013-14,C,24.997435897435896,1299.8666666666666
Zaza Pachulia,Bucks,2013-14,F,24.7,24.7
Zaza Pachulia,Bucks,2014-15,C,23.694520547945206,1729.7
Zaza Pachulia,Hawks,2010-11,C,15.744725738396623,1243.8333333333333
Zaza Pachulia,Hawks,2011-12,C,28.28132183908046,1640.3166666666666
Zaza Pachulia,Hawks,2012-13,C,21.814102564102562,1134.3333333333333
Zaza Pachulia,Mavericks,2015-16,C,26.37061403508772,2004.1666666666667
Zaza Pachulia,Pistons,2018-19,C,12.91421568627451,878.1666666666666
Zaza Pachulia,Warriors,2016-17,C,18.119285714285713,1268.35
Zaza Pachulia,Warriors,2017-18,C,14.083333333333334,971.75
Zeke Nnaji,Nuggets,2020-21,C,8.490666666666668,212.26666666666668
Zeke Nnaji,Nuggets,2020-21,F,10.883333333333333,185.01666666666665
Zeke Nnaji,Nuggets,2021-22,C,16.795061728395062,453.4666666666667
Zeke Nnaji,Nuggets,2021-22,F,17.439285714285713,244.15
Zeke Nnaji,Nuggets,2022-23,C,14.64611111111111,439.3833333333333
Zeke Nnaji,Nuggets,2022-23,F,12.540579710144927,288.43333333333334
Zeke Nnaji,Nuggets,2023-24,C,9.206862745098038,313.0333333333333
Zeke Nnaji,Nuggets,2023-24,F,10.963194444444445,263.1166666666667
Zhaire Smith,76ers,2018-19,G,18.43611111111111,110.61666666666666
Zhaire Smith,76ers,2019-20,G,4.6190476190476195,32.333333333333336
Ziaire Williams,Grizzlies,2021-22,F,21.804678362573096,1242.8666666666666
Ziaire Williams,Grizzlies,2021-22,G,20.723333333333333,103.61666666666666
Ziaire Williams,Grizzlies,2022-23,F,14.638,365.95
Ziaire Williams,Grizzlies,2022-23,G,16.233333333333334,194.8
Ziaire Williams,Grizzlies,2023-24,F,19.274166666666666,770.9666666666667
Ziaire Williams,Grizzlies,2023-24,G,24.246969696969696,266.71666666666664
Zion Williamson,Pelicans,2019-20,F,27.839583333333334,668.15
Zion Williamson,Pelicans,2020-21,F,33.210928961748635,2025.8666666666666
Zion Williamson,Pelicans,2022-23,F,32.96896551724138,956.1
Zion Williamson,Pelicans,2023-24,F,31.527619047619048,2206.9333333333334
Zoran Dragic,Heat,2014-15,G,6.178333333333333,61.78333333333333
Zoran Dragic,Suns,2014-15,G,2.238888888888889,13.433333333333334
Zydrunas Ilgauskas,Heat,2010-11,C,15.907870370370368,1145.3666666666666
